source,source_id,name,category,sector,address,phone,website,rating,review_count,business_status,opening_hours,latitude,longitude,city,state,country
merged,Tanishq+Jewellery+-+Vijayawada+-+M+G+Road;Tanishq,Tanishq Jewellery - Vijayawada - M G Road,Jewellery,Retail,"Jewelry store · Sudharshan Complex, Ripples Mall, No 40-1-07, MG Rd, opposite PVR",,,4.8,0,OPERATIONAL,,,,Vijayawada,Andhra Pradesh,India
google_maps,"BlueStone+Jewellery+MG+Road,+Vijayawada","BlueStone Jewellery MG Road, Vijayawada",Jewellery,Retail,"BlueStone Jewellery MG Road, Vijayawada",,,4.9,0,OPERATIONAL,,,,Vijayawada,Andhra Pradesh,India
merged,Joyalukkas+Jewellery+-+Vijayawada;Joyalukkas,Joyalukkas Jewellery - Vijayawada,Jewellery,Retail,"Jewelry store ·  · Door No: 39, 1-63, MG Rd, near gateway hotel",,,4.7,0,OPERATIONAL,,,,Vijayawada,Andhra Pradesh,India
merged,Vega+Jewellers;Vega Jewellers,Vega Jewellers,Jewellery,Retail,"Jewelry store · PLOT NO.10, 40-15-10/2, Nandamuri Rd, opposite Fortune Murali Park",,,4.8,0,OPERATIONAL,,,,Vijayawada,Andhra Pradesh,India
google_maps,"GRT+Jewellers+-+Labbipet,+Vijaywada","GRT Jewellers - Labbipet, Vijaywada",Jewellery,Retail,"Vijayawada, Andhra Pradesh",,,4.9,0,OPERATIONAL,,,,Vijayawada,Andhra Pradesh,India
merged,Bhima+Jewellers+-+Vijayawada;Bhima Jewellers,Bhima Jewellers - Vijayawada,Jewellery,Retail,"Jewelry store · Bunder Road, MG Rd, next to Gateway Hotel",,,4.9,0,OPERATIONAL,,,,Vijayawada,Andhra Pradesh,India
google_maps,Swarn+Sri+Gold+%26+Diamonds+Pvt.+Ltd.,Swarn Sri Gold & Diamonds Pvt. Ltd.,Jewellery,Retail,"Jewelry store ·  · Door No. 39, 9/32, Sri Venkateswara Swamy Temple St, near Balaji Temple",,,4.7,0,OPERATIONAL,,,,Vijayawada,Andhra Pradesh,India
merged,Goyaz+Silver+Jewellery;Goyaz Silver Jewellery,Goyaz Silver Jewellery,Jewellery,Retail,"Vijayawada, Andhra Pradesh",,,4.8,0,OPERATIONAL,,,,Vijayawada,Andhra Pradesh,India
merged,Chandanaz+-+The+Authentic+Jeweller+-+Gold+and+Silver;Chandanaz - The Authentic Jeweller - Gold And Silver,Chandanaz - The Authentic Jeweller - Gold and Silver,Jewellery,Retail,"Jewelry store · Chandana grand, Mg road, Nandamuri Rd",,,4.9,0,OPERATIONAL,,,,Vijayawada,Andhra Pradesh,India
google_maps,PM+GOLD+%7C+Best+Gold+and+Diamonds+Jewellery+showroom+in+Vijayawada,PM GOLD | Best Gold and Diamonds Jewellery showroom in Vijayawada,Jewellery,Retail,PM GOLD | Best Gold and Diamonds Jewellery showroom in Vijayawada,,,4.9,0,OPERATIONAL,,,,Vijayawada,Andhra Pradesh,India
merged,Lalithaa+Jewellery+Mart+Limited+-+Vijayawada;Lalitha Jewellers,Lalithaa Jewellery Mart Limited - Vijayawada,Jewellery,Retail,"Jewelry store ·  · Siddartha catering college, 60-9-10, Polyclinic Rd, opp. Vijayawada",,,4.3,0,OPERATIONAL,,,,Vijayawada,Andhra Pradesh,India
google_maps,"NVR+Jewellers+%7C+Best+Gold,+Diamond+%26+Platinum+Shop+in+Vijayawada","NVR Jewellers | Best Gold, Diamond & Platinum Shop in Vijayawada",Jewellery,Retail,"NVR Jewellers | Best Gold, Diamond & Platinum Shop in Vijayawada",,,4.9,0,OPERATIONAL,,,,Vijayawada,Andhra Pradesh,India
google_maps,CMR+Jewellery,CMR Jewellery,Jewellery,Retail,"Vijayawada, Andhra Pradesh",,,4.8,0,OPERATIONAL,,,,Vijayawada,Andhra Pradesh,India
merged,"Tribhovandas+Bhimji+Zaveri+%28TBZ+-+The+Original%29,+Vijayawada;Tribhovandas Bhimji Zaveri","Tribhovandas Bhimji Zaveri (TBZ - The Original), Vijayawada",Jewellery,Retail,"Jewelry store · Rice Mill Street, R.K Towers, Door No. 39-1-39, MG Rd, opposite The Gateway Hotel",,,4.7,0,OPERATIONAL,,,,Vijayawada,Andhra Pradesh,India
merged,Khazana+Jewellery+-+Vijayawada+-+MG+Road;Khazana Jewellery Pvt Ltd,Khazana Jewellery - Vijayawada - MG Road,Jewellery,Retail,Khazana Jewellery - Vijayawada - MG Road,,,4.3,0,OPERATIONAL,,,,Vijayawada,Andhra Pradesh,India
google_maps,Sai+Srinivasa+Pearls,Sai Srinivasa Pearls,Jewellery,Retail,"Jewelry store ·  · 89, Kaleswararao Rd, near Apsara Theatre",,,4.8,0,OPERATIONAL,,,,Vijayawada,Andhra Pradesh,India
merged,Malabar+Gold+and+Diamonds+-+Vijayawada;Malabar Gold & Diamonds,Malabar Gold and Diamonds - Vijayawada,Jewellery,Retail,Malabar Gold and Diamonds - Vijayawada,,,4.6,0,OPERATIONAL,,,,Vijayawada,Andhra Pradesh,India
google_maps,Sri+Raveendra+Gold+Covering,Sri Raveendra Gold Covering,Jewellery,Retail,"Jewelry store · 2Town, 27-16-23, Besant Rd, near Ramalayam",,,4.8,0,OPERATIONAL,,,,Vijayawada,Andhra Pradesh,India
merged,PMJ+Jewels+Vijayawada;Pmj Jewels,PMJ Jewels Vijayawada,Jewellery,Retail,"Jewelry store ·  · siddhartha juniour college, 40-5-1/B, Polyclinic Rd, opposite to Acharya Ranga Nagar",,,4.8,0,OPERATIONAL,,,,Vijayawada,Andhra Pradesh,India
google_maps,NAC+Jewellers+-+Vijayawada,NAC Jewellers - Vijayawada,Jewellery,Retail,"Jeweler · 40-1-41, MG Rd, near petrol Bunk",,,4.4,0,OPERATIONAL,,,,Vijayawada,Andhra Pradesh,India
google_maps,Devi+Pavitra+%7C+best+gold+%26+diamond+shop+in+vijayawada,Devi Pavitra | best gold & diamond shop in vijayawada,Jewellery,Retail,Devi Pavitra | best gold & diamond shop in vijayawada,,,4.7,243,OPERATIONAL,,,,Vijayawada,Andhra Pradesh,India
merged,"Kalyan+Jewellers+-+MG+Road,+Vijayawada;Kalyan Jewellers","Kalyan Jewellers - MG Road, Vijayawada",Jewellery,Retail,"Kalyan Jewellers - MG Road, Vijayawada",,,3.8,1868,OPERATIONAL,,,,Vijayawada,Andhra Pradesh,India
merged,Anjaneya+Jewellery;Anjaneya Jewellery,Anjaneya Jewellery,Jewellery,Retail,"Vijayawada, Andhra Pradesh",,,4.0,735,OPERATIONAL,,,,Vijayawada,Andhra Pradesh,India
merged,Maalyaa+Silver+and+Imitation+Jewellery+%7C92.5+Silver+Gold+Plated+Jewellery%2F+One+Gram+Jewellery+Stores+%7C+Vijayawada;Maalyaa Imitation Jewellery,Maalyaa Silver and Imitation Jewellery |92.5 Silver Gold Plated Jewellery/ One Gram Jewellery Stores | Vijayawada,Jewellery,Retail,"Jewelry store · Public School road, 40-6/2-3, 4th Ln, beside Cherry's & Barkaas",,,4.7,320,OPERATIONAL,,,,Vijayawada,Andhra Pradesh,India
google_maps,Emmadi+Silver+Jewellery+-+Vijayawada,Emmadi Silver Jewellery - Vijayawada,Jewellery,Retail,Emmadi Silver Jewellery - Vijayawada,,,4.9,4949,OPERATIONAL,,,,Vijayawada,Andhra Pradesh,India
merged,"Kushal%27s+Fashion+Jewellery+-+MG+Road,+Vijayawada;Kushal's Fashion Jewellery","Kushal's Fashion Jewellery - MG Road, Vijayawada",Jewellery,Retail,"Kushal's Fashion Jewellery - MG Road, Vijayawada",,,4.9,1272,OPERATIONAL,,,,Vijayawada,Andhra Pradesh,India
google_maps,Sri+Kalpana+Jewellers,Sri Kalpana Jewellers,Jewellery,Retail,"Vijayawada, Andhra Pradesh",,,4.9,54,OPERATIONAL,,,,Vijayawada,Andhra Pradesh,India
merged,Bombay+Jewellery;Bombay Jewellery,Bombay Jewellery,Jewellery,Retail,"Vijayawada, Andhra Pradesh",,,4.5,889,OPERATIONAL,,,,Vijayawada,Andhra Pradesh,India
google_maps,Sri+Krishna+Jewellers,Sri Krishna Jewellers,Jewellery,Retail,"Vijayawada, Andhra Pradesh",,,4.9,497,OPERATIONAL,,,,Vijayawada,Andhra Pradesh,India
google_maps,Sai+Rajendra+Gold+Palace+Pvt+Ltd,Sai Rajendra Gold Palace Pvt Ltd,Jewellery,Retail,"Vijayawada, Andhra Pradesh",,,4.3,166,OPERATIONAL,,,,Vijayawada,Andhra Pradesh,India
google_maps,"Kisna+Diamond+%26+Gold+Jewellery+-+MG+Road,+Vijayawada","Kisna Diamond & Gold Jewellery - MG Road, Vijayawada",Jewellery,Retail,"Kisna Diamond & Gold Jewellery - MG Road, Vijayawada",,,4.9,101,OPERATIONAL,,,,Vijayawada,Andhra Pradesh,India
merged,Ananth+Diamonds;Ananth Diamonds,Ananth Diamonds,Jewellery,Retail,"Jewelry store ·  · 40-5-6/1A, 40-5-6/1B, A convention hall road",,,4.9,2117,OPERATIONAL,,,,Vijayawada,Andhra Pradesh,India
merged,Maheswari+Jewellers;Maheswari Jewellers,Maheswari Jewellers,Jewellery,Retail,"Vijayawada, Andhra Pradesh",,,4.8,395,OPERATIONAL,,,,Vijayawada,Andhra Pradesh,India
merged,MOHAMMED+KHAN+DIAMOND+AND+JEWELLERS;Mohammed Khan & Sons Jewellers,MOHAMMED KHAN DIAMOND AND JEWELLERS,Jewellery,Retail,"Jewelry store · RAGHAVAIAH PARK, opp. MG Road",,,4.9,758,OPERATIONAL,,,,Vijayawada,Andhra Pradesh,India
google_maps,"Rasa+Silver+Jewels+-+MG+Road,+Vijayawada","Rasa Silver Jewels - MG Road, Vijayawada",Jewellery,Retail,"Jewelry store · D.No.39-1-51/53A, MG Rd, opposite Anjaneya Jewellery",,,5.0,144,OPERATIONAL,,,,Vijayawada,Andhra Pradesh,India
merged,Mia+by+Tanishq+-+Labbipet+Vijayawada;Mia By Tanishq,Mia by Tanishq - Labbipet Vijayawada,Jewellery,Retail,"Jewelry store · Block No: 4, Green Road Corner, D. No: 40, 1-140, MG Rd",,,4.8,302,OPERATIONAL,,,,Vijayawada,Andhra Pradesh,India
google_maps,GIVA+Silver+%26+Gold+Jewellery+%7C+Vijayawada+%7C+Lab+Grown+Diamonds,GIVA Silver & Gold Jewellery | Vijayawada | Lab Grown Diamonds,Jewellery,Retail,GIVA Silver & Gold Jewellery | Vijayawada | Lab Grown Diamonds,,,4.9,584,OPERATIONAL,,,,Vijayawada,Andhra Pradesh,India
merged,Sanghvi+Silver+Emporium;Sanghvi Silver Emporium,Sanghvi Silver Emporium,Jewellery,Retail,"Vijayawada, Andhra Pradesh",,,4.9,3189,OPERATIONAL,,,,Vijayawada,Andhra Pradesh,India
merged,Sridevi+Jewellers;Sridevi Jewellers,Sridevi Jewellers,Jewellery,Retail,"Vijayawada, Andhra Pradesh",,,4.1,74,OPERATIONAL,,,,Vijayawada,Andhra Pradesh,India
merged,Bhama+Emporio;Bhama Emporio,Bhama Emporio,Jewellery,Retail,"Vijayawada, Andhra Pradesh",,,4.7,2446,OPERATIONAL,,,,Vijayawada,Andhra Pradesh,India
merged,"Indriya+-+Aditya+Birla+Jewellery+-+MG+Road,+Vijayawada;Indriya","Indriya - Aditya Birla Jewellery - MG Road, Vijayawada",Jewellery,Retail,"Indriya - Aditya Birla Jewellery - MG Road, Vijayawada",,,4.9,928,OPERATIONAL,,,,Vijayawada,Andhra Pradesh,India
merged,"CaratLane+Jewellery+Labbipet,+Andhra+Pradesh;Caratlane","CaratLane Jewellery Labbipet, Andhra Pradesh",Jewellery,Retail,"Vijayawada, Andhra Pradesh",,,4.9,2676,OPERATIONAL,,,,Vijayawada,Andhra Pradesh,India
merged,BOMBAY+JEWELLERS;Bombay Jewels Paradise,BOMBAY JEWELLERS,Jewellery,Retail,"Jewelry store · MG Rd, near BENZ CIRCLE",,,4.7,189,OPERATIONAL,,,,Vijayawada,Andhra Pradesh,India
merged,Lalitha+Jewellers;Lalitha Jewelries,Lalitha Jewellers,Jewellery,Retail,"Vijayawada, Andhra Pradesh",,,4.0,2286,OPERATIONAL,,,,Vijayawada,Andhra Pradesh,India
google_maps,RS+Gold+Shoppee+%28I%29+PVT.Ltd,RS Gold Shoppee (I) PVT.Ltd,Jewellery,Retail,"Wholesale jeweler ·  · MG Rd, opposite PVP Mall",,,4.6,94,OPERATIONAL,,,,Vijayawada,Andhra Pradesh,India
merged,Uma+jewellers+Gold+%26+Diamonds;Uma Jewellers Gold & Diamonds,Uma jewellers Gold & Diamonds,Jewellery,Retail,"Vijayawada, Andhra Pradesh",,,4.8,192,OPERATIONAL,,,,Vijayawada,Andhra Pradesh,India
merged,Aqua+Diamond+%26+Jewels+Vijayawada;Aqua Diamond & Jewels,Aqua Diamond & Jewels Vijayawada,Jewellery,Retail,Aqua Diamond & Jewels Vijayawada,,,4.9,192,OPERATIONAL,,,,Vijayawada,Andhra Pradesh,India
google_maps,SUDHEER+KT+ONE+GRAM+GOLD+VIJAYAWADA,SUDHEER KT ONE GRAM GOLD VIJAYAWADA,Jewellery,Retail,SUDHEER KT ONE GRAM GOLD VIJAYAWADA,,,4.0,221,OPERATIONAL,,,,Vijayawada,Andhra Pradesh,India
merged,Karthikeya+Jewellers;Karthikeya Jewellers,Karthikeya Jewellers,Jewellery,Retail,"Vijayawada, Andhra Pradesh",,,4.9,54,OPERATIONAL,,,,Vijayawada,Andhra Pradesh,India
google_maps,Kalasha+Fine+Jewels+Vijayawada,Kalasha Fine Jewels Vijayawada,Jewellery,Retail,Kalasha Fine Jewels Vijayawada,,,4.7,79,OPERATIONAL,,,,Vijayawada,Andhra Pradesh,India
merged,"RAJENDRA+JEWELLERS;Rajendra Jewellers Wholesale Gold Shoppe
4.8
  
79 Ratings
Governerpet",RAJENDRA JEWELLERS,Jewellery,Retail,"Vijayawada, Andhra Pradesh",,,4.9,55,OPERATIONAL,,,,Vijayawada,Andhra Pradesh,India
google_maps,SRI+NAKSHATRA+JEWELLERS%26+FANCY%28imitation+jewellery%29,SRI NAKSHATRA JEWELLERS& FANCY(imitation jewellery),Jewellery,Retail,"Jewelry store · 26-3-84 3rd Shop,Nrp Road, Gandhi Nagar",,,5.0,356,OPERATIONAL,,,,Vijayawada,Andhra Pradesh,India
google_maps,Sai+Srinivasa+Pearls+Wholesale+1+Town+Vijayawada,Sai Srinivasa Pearls Wholesale 1 Town Vijayawada,Jewellery,Retail,"Wholesale jeweler · Chitturi Complex, D No. 2F-14A, near Head Post Office",,,4.6,42,OPERATIONAL,,,,Vijayawada,Andhra Pradesh,India
google_maps,ANKUR+JEWELLERY,ANKUR JEWELLERY,Jewellery,Retail,"Jewelry store · Ground floor, shop no -6, Jaihind Complex, D.No-27-6-157, Prakasam Rd, opposite of old LIC",,,4.8,64,OPERATIONAL,,,,Vijayawada,Andhra Pradesh,India
google_maps,VARDHAMAN+JEWELLERS+VIJAYAWADA,VARDHAMAN JEWELLERS VIJAYAWADA,Jewellery,Retail,VARDHAMAN JEWELLERS VIJAYAWADA,,,4.2,37,OPERATIONAL,,,,Vijayawada,Andhra Pradesh,India
merged,Saavi+Gold+and+Diamonds;Saavi Gold & Diamonds,Saavi Gold and Diamonds,Jewellery,Retail,"Vijayawada, Andhra Pradesh",,,4.9,450,OPERATIONAL,,,,Vijayawada,Andhra Pradesh,India
merged,Reliance+Jewels;Reliance jewels,Reliance Jewels,Jewellery,Retail,"Jewelry store · D No, 40/1/48/2, MG Rd, opposite M&M",,,4.9,527,OPERATIONAL,,,,Vijayawada,Andhra Pradesh,India
google_maps,Cosmos+Diamonds+:+Vijayawada+Store,Cosmos Diamonds : Vijayawada Store,Jewellery,Retail,Cosmos Diamonds : Vijayawada Store,,,4.9,82,OPERATIONAL,,,,Vijayawada,Andhra Pradesh,India
google_maps,Aarya+Gold+-+Gold+Buyers+in+Vijayawada+%7C+Andhra+Pradesh,Aarya Gold - Gold Buyers in Vijayawada | Andhra Pradesh,Jewellery,Retail,Aarya Gold - Gold Buyers in Vijayawada | Andhra Pradesh,,,4.9,352,OPERATIONAL,,,,Vijayawada,Andhra Pradesh,India
google_maps,SANDY+JEWELS,SANDY JEWELS,Jewellery,Retail,"Jewelry store ·  · CHERUKUPALLIVARI STREET, Eluru Rd, near Bata Showroom",,,4.4,181,OPERATIONAL,,,,Vijayawada,Andhra Pradesh,India
google_maps,Koushik+Gold+-+Best+jewellers+in+Vijaywada,Koushik Gold - Best jewellers in Vijaywada,Jewellery,Retail,"Vijayawada, Andhra Pradesh",,,4.2,693,OPERATIONAL,,,,Vijayawada,Andhra Pradesh,India
google_maps,JR+Jewellers+%28P%29+Ltd,JR Jewellers (P) Ltd,Jewellery,Retail,"Vijayawada, Andhra Pradesh",,,4.3,393,OPERATIONAL,,,,Vijayawada,Andhra Pradesh,India
google_maps,Mahendra+Jewellery+House,Mahendra Jewellery House,Jewellery,Retail,"Vijayawada, Andhra Pradesh",,,4.8,18,OPERATIONAL,,,,Vijayawada,Andhra Pradesh,India
merged,Vasundhara+Diamond+Roof+Pvt+Ltd;Vasundhara Diamond Roof Pvt Ltd,Vasundhara Diamond Roof Pvt Ltd,Jewellery,Retail,"Jewelry store · 39-1-36, MG Rd, opposite The Gateway Hotel",,,4.3,256,OPERATIONAL,,,,Vijayawada,Andhra Pradesh,India
merged,ARNIKA+SILVER+JEWELLERY;ARNIKA SILVER JEWELLERY,ARNIKA SILVER JEWELLERY,Jewellery,Retail,"Vijayawada, Andhra Pradesh",,,4.9,314,OPERATIONAL,,,,Vijayawada,Andhra Pradesh,India
merged,Bombay+Gold+Shopee;Bombay Jewellers,Bombay Gold Shopee,Jewellery,Retail,"Vijayawada, Andhra Pradesh",,,4.4,98,OPERATIONAL,,,,Vijayawada,Andhra Pradesh,India
google_maps,Devi+Shresta+gold+and+diamonds,Devi Shresta gold and diamonds,Jewellery,Retail,"Vijayawada, Andhra Pradesh",,,4.9,107,OPERATIONAL,,,,Vijayawada,Andhra Pradesh,India
google_maps,Viswasri+Jewellers,Viswasri Jewellers,Jewellery,Retail,"Vijayawada, Andhra Pradesh",,,4.7,63,OPERATIONAL,,,,Vijayawada,Andhra Pradesh,India
google_maps,M.V.JEWELLERS,M.V.JEWELLERS,Jewellery,Retail,"Vijayawada, Andhra Pradesh",,,4.9,96,OPERATIONAL,,,,Vijayawada,Andhra Pradesh,India
google_maps,Anmol+Jewellery,Anmol Jewellery,Jewellery,Retail,"Jeweler ·  · 19, Rajagopalachari St, opposite Jaihind Theatre",,,4.2,24,OPERATIONAL,,,,Vijayawada,Andhra Pradesh,India
google_maps,Pratibha+Gold+%26+Silver+Palace,Pratibha Gold & Silver Palace,Jewellery,Retail,"Jewelry store · First Floor, Rajagopalachari St, opposite Apsara Theatre",,,4.6,17,OPERATIONAL,,,,Vijayawada,Andhra Pradesh,India
google_maps,V+R+JEWELLERS,V R JEWELLERS,Jewellery,Retail,"Vijayawada, Andhra Pradesh",,,4.6,66,OPERATIONAL,,,,Vijayawada,Andhra Pradesh,India
google_maps,Antariksh+Jewellery-+Fine+Silver+Boutique,Antariksh Jewellery- Fine Silver Boutique,Jewellery,Retail,"Vijayawada, Andhra Pradesh",,,4.9,81,OPERATIONAL,,,,Vijayawada,Andhra Pradesh,India
google_maps,Sri+Sai+Swathi+Jewellery,Sri Sai Swathi Jewellery,Jewellery,Retail,"Jewelry store · 68-1-9, Ramalayam St, near Kodanda",,,5.0,47,OPERATIONAL,,,,Vijayawada,Andhra Pradesh,India
google_maps,Makutasri+Gold+And+Diamonds+%7C+best+gold+and+diamonds+shop+in+vijayawada,Makutasri Gold And Diamonds | best gold and diamonds shop in vijayawada,Jewellery,Retail,Makutasri Gold And Diamonds | best gold and diamonds shop in vijayawada,,,4.9,305,OPERATIONAL,,,,Vijayawada,Andhra Pradesh,India
google_maps,Maheswari+Jewellery+Mart,Maheswari Jewellery Mart,Jewellery,Retail,"Vijayawada, Andhra Pradesh",,,4.4,36,OPERATIONAL,,,,Vijayawada,Andhra Pradesh,India
google_maps,Kushals+Fashion+Jewellery,Kushals Fashion Jewellery,Jewellery,Retail,"Jewelry store · Imperial VSN, 59-13-34/1A, Gayatri Nagar Main Rd",,,4.8,2634,OPERATIONAL,,,,Vijayawada,Andhra Pradesh,India
google_maps,RAJUL+JEWELLERS,RAJUL JEWELLERS,Jewellery,Retail,"Vijayawada, Andhra Pradesh",,,4.9,36,OPERATIONAL,,,,Vijayawada,Andhra Pradesh,India
google_maps,Sreshta+jewellers,Sreshta jewellers,Jewellery,Retail,"Vijayawada, Andhra Pradesh",099896 08595,,4.3,58,OPERATIONAL,,,,Vijayawada,Andhra Pradesh,India
merged,Msr+Silver+Palace;Msr Silver Palace,Msr Silver Palace,Jewellery,Retail,"Vijayawada, Andhra Pradesh",,,4.8,1062,OPERATIONAL,,,,Vijayawada,Andhra Pradesh,India
google_maps,Rasikh+Gems+and+Jewellers+-+vijayawada,Rasikh Gems and Jewellers - vijayawada,Jewellery,Retail,"Gemstone Jeweler · # 40-5-12 Ground Floor,TIckel Road, Opp HDFC Bank, Near DV Manohar Junction",,,4.7,59,OPERATIONAL,,,,Vijayawada,Andhra Pradesh,India
google_maps,Minals+92.5+silver+jewellery,Minals 92.5 silver jewellery,Jewellery,Retail,"Jewelry store ·  · Shop no 104, FM PLAZA, prakash road, near Jaihind Complex",,,4.7,44,OPERATIONAL,,,,Vijayawada,Andhra Pradesh,India
google_maps,Mahendra+Jewellery+Mart,Mahendra Jewellery Mart,Jewellery,Retail,"Vijayawada, Andhra Pradesh",,,4.1,50,OPERATIONAL,,,,Vijayawada,Andhra Pradesh,India
google_maps,Sjs+Jewellers,Sjs Jewellers,Jewellery,Retail,"Vijayawada, Andhra Pradesh",,,4.4,41,OPERATIONAL,,,,Vijayawada,Andhra Pradesh,India
google_maps,Balaji+Jewellers+vijayawada,Balaji Jewellers vijayawada,Jewellery,Retail,"Jewelry store · Shop no :20, Vijaya Commercial Complex, JD Hospital Rd, near state bank ATM, near BALAJI JEWELLERS",,,4.1,10,OPERATIONAL,,,,Vijayawada,Andhra Pradesh,India
google_maps,Saroja+Jewellers,Saroja Jewellers,Jewellery,Retail,"Vijayawada, Andhra Pradesh",,,4.6,76,OPERATIONAL,,,,Vijayawada,Andhra Pradesh,India
google_maps,White+Gold+Vijayawada+-+Turn+Your+Gold+Into+Money,White Gold Vijayawada - Turn Your Gold Into Money,Jewellery,Retail,"Gold dealer · Door No 40, 1-178, Hussain Street, opposite Kalaniketan Silk Showroom",,,4.7,120,OPERATIONAL,,,,Vijayawada,Andhra Pradesh,India
google_maps,Sri+Balaji+Jewellery,Sri Balaji Jewellery,Jewellery,Retail,"Vijayawada, Andhra Pradesh",,,4.9,31,OPERATIONAL,,,,Vijayawada,Andhra Pradesh,India
google_maps,Attica+Gold+Company+-+Gold+Buyers+In+Vijayawada+Vijaya+Talkies,Attica Gold Company - Gold Buyers In Vijayawada Vijaya Talkies,Jewellery,Retail,"Jewelry buyer · SHANMUKHA COMPLEX, Door No. 29-21-36 Eluru Road, Nakkal Road corner, &, Gora Street",,,4.8,160,OPERATIONAL,,,,Vijayawada,Andhra Pradesh,India
google_maps,Amruta+Gold+-+Gold+Buyers+In+Vijayawada,Amruta Gold - Gold Buyers In Vijayawada,Jewellery,Retail,Amruta Gold - Gold Buyers In Vijayawada,,,4.9,118,OPERATIONAL,,,,Vijayawada,Andhra Pradesh,India
google_maps,Chowhans+Gold+%26+Diamond,Chowhans Gold & Diamond,Jewellery,Retail,"Vijayawada, Andhra Pradesh",,,4.9,70,OPERATIONAL,,,,Vijayawada,Andhra Pradesh,India
google_maps,Benaka+Gold+Company+Vijayawada,Benaka Gold Company Vijayawada,Jewellery,Retail,Benaka Gold Company Vijayawada,,,4.7,70,OPERATIONAL,,,,Vijayawada,Andhra Pradesh,India
google_maps,Akshra+Gold+pvt+ltd,Akshra Gold pvt ltd,Jewellery,Retail,"Vijayawada, Andhra Pradesh",,,4.9,104,OPERATIONAL,,,,Vijayawada,Andhra Pradesh,India
google_maps,S+V+Jewellers,S V Jewellers,Jewellery,Retail,"Vijayawada, Andhra Pradesh",,,4.9,76,OPERATIONAL,,,,Vijayawada,Andhra Pradesh,India
merged,Deepak%27s+Silver+Emporio;Deepak's Silver Emporio,Deepak's Silver Emporio,Jewellery,Retail,"Vijayawada, Andhra Pradesh",,,4.3,1251,OPERATIONAL,,,,Vijayawada,Andhra Pradesh,India
google_maps,Vedha+silver+house,Vedha silver house,Jewellery,Retail,"Vijayawada, Andhra Pradesh",,,4.9,115,OPERATIONAL,,,,Vijayawada,Andhra Pradesh,India
google_maps,Sanghvi+Silver+Palace,Sanghvi Silver Palace,Jewellery,Retail,"Vijayawada, Andhra Pradesh",,,4.4,72,OPERATIONAL,,,,Vijayawada,Andhra Pradesh,India
google_maps,Sanghvi+silver+emporium+pvt+ltd,Sanghvi silver emporium pvt ltd,Jewellery,Retail,"Vijayawada, Andhra Pradesh",,,4.9,77,OPERATIONAL,,,,Vijayawada,Andhra Pradesh,India
google_maps,Amyra+Silver,Amyra Silver,Jewellery,Retail,"Vijayawada, Andhra Pradesh",,,4.9,268,OPERATIONAL,,,,Vijayawada,Andhra Pradesh,India
google_maps,Balaji+Silver+Palace,Balaji Silver Palace,Jewellery,Retail,"Vijayawada, Andhra Pradesh",,,4.3,134,OPERATIONAL,,,,Vijayawada,Andhra Pradesh,India
google_maps,Stylori+Silver+-+Vijayawada,Stylori Silver - Vijayawada,Jewellery,Retail,"Jewelry store · Somashankar Nilayam, MG Rd, near petrol Bunk",099526 25252,,4.9,15,OPERATIONAL,,,,Vijayawada,Andhra Pradesh,India
google_maps,Lotus+Silver+Palace,Lotus Silver Palace,Jewellery,Retail,"Vijayawada, Andhra Pradesh",,,4.0,39,OPERATIONAL,,,,Vijayawada,Andhra Pradesh,India
google_maps,Mithra+silver+house+-+M.S.H,Mithra silver house - M.S.H,Jewellery,Retail,"Silversmith · 40-6-21/6,siddhartha public school road,mother teresa circle,moghalrajpuram",,,4.7,69,OPERATIONAL,,,,Vijayawada,Andhra Pradesh,India
google_maps,Shri+Ashapura+Silver+Palace,Shri Ashapura Silver Palace,Jewellery,Retail,"Vijayawada, Andhra Pradesh",,,4.5,53,OPERATIONAL,,,,Vijayawada,Andhra Pradesh,India
google_maps,Mahaveer+Silver+Palace,Mahaveer Silver Palace,Jewellery,Retail,"Vijayawada, Andhra Pradesh",,,4.3,33,OPERATIONAL,,,,Vijayawada,Andhra Pradesh,India
google_maps,Vardhaman+Silvers,Vardhaman Silvers,Jewellery,Retail,"Vijayawada, Andhra Pradesh",,,4.5,101,OPERATIONAL,,,,Vijayawada,Andhra Pradesh,India
merged,Jos+Alukkas+Jewellery+-+Vijayawada;Jos Alukkas Jewellery,Jos Alukkas Jewellery - Vijayawada,Jewellery,Retail,"Jewelry store ·  · 38-08-10 Ward, Door no, No.26A, MG Rd, opposite Radio station",,,4.7,3074,OPERATIONAL,,,,Vijayawada,Andhra Pradesh,India
merged,Vishal+Silver;Vishal Silver,Vishal Silver,Jewellery,Retail,"Vijayawada, Andhra Pradesh",,,4.9,46,OPERATIONAL,,,,Vijayawada,Andhra Pradesh,India
google_maps,Sri+Sundari+Silver+Palace,Sri Sundari Silver Palace,Jewellery,Retail,"Vijayawada, Andhra Pradesh",,,5.0,16,OPERATIONAL,,,,Vijayawada,Andhra Pradesh,India
google_maps,"pavitra+beads+%26+silver+jewellery+%7C+best+beads+,+pearls+shop+in+vijayawada+%7C","pavitra beads & silver jewellery | best beads , pearls shop in vijayawada |",Jewellery,Retail,"Jeweler · door no :- 27-6-46/1 prakasam road, Besant Rd, opposite cross road restaurant",,,4.8,92,OPERATIONAL,,,,Vijayawada,Andhra Pradesh,India
google_maps,AASRITHA+SILVER+PALACE,AASRITHA SILVER PALACE,Jewellery,Retail,"Vijayawada, Andhra Pradesh",,,4.4,16,OPERATIONAL,,,,Vijayawada,Andhra Pradesh,India
google_maps,Crazy+Silver+Shine+German+Silver+Vijayawada,Crazy Silver Shine German Silver Vijayawada,Jewellery,Retail,"Gift shop · Chandramouli Puram, Dorla Yakob Streer, Vijayawada Rd",,,4.6,73,OPERATIONAL,,,,Vijayawada,Andhra Pradesh,India
google_maps,"MMTC-PAMP+Exclusive+Brand+Store+-+Governor+Peta,+Vijayawada","MMTC-PAMP Exclusive Brand Store - Governor Peta, Vijayawada",Jewellery,Retail,"Gold dealer ·  · Shop No. 3 & 4, Sailaja Estates Gudavalli Vari street, Behind Buckinghampet post office, opp. Syndicate Bank",,,4.9,378,OPERATIONAL,,,,Vijayawada,Andhra Pradesh,India
google_maps,Mahadev+Silver,Mahadev Silver,Jewellery,Retail,"Vijayawada, Andhra Pradesh",,,4.6,14,OPERATIONAL,,,,Vijayawada,Andhra Pradesh,India
google_maps,Jain+Silver+Plaza,Jain Silver Plaza,Jewellery,Retail,"Vijayawada, Andhra Pradesh",,,4.4,77,OPERATIONAL,,,,Vijayawada,Andhra Pradesh,India
google_maps,New+Moon+Silver+Palace,New Moon Silver Palace,Jewellery,Retail,"Vijayawada, Andhra Pradesh",,,4.8,12,OPERATIONAL,,,,Vijayawada,Andhra Pradesh,India
google_maps,kubera+silver,kubera silver,Jewellery,Retail,"Jewelry store · D-NO:39-7, ANJANEYA 10, 2, ANJANEYA Pantulu Street, beside B.N.R GOLD AND DIAMONDS",,,5.0,19,OPERATIONAL,,,,Vijayawada,Andhra Pradesh,India
google_maps,SAMRAJYA+THE+SILVER+KINGDOM,SAMRAJYA THE SILVER KINGDOM,Jewellery,Retail,"Vijayawada, Andhra Pradesh",,,3.4,13,OPERATIONAL,,,,Vijayawada,Andhra Pradesh,India
google_maps,"Bruhaspati+Diamonds,+Lab+Grown+Diamonds+Jewellery+Store,+Vijayawada","Bruhaspati Diamonds, Lab Grown Diamonds Jewellery Store, Vijayawada",Jewellery,Retail,"Jewelry store · 1st Floor, MM building, 40-1-139/2, MG Rd, near Benz Circle",,,5.0,16,OPERATIONAL,,,,Vijayawada,Andhra Pradesh,India
google_maps,LADIA+DIAMONDS,LADIA DIAMONDS,Jewellery,Retail,"Vijayawada, Andhra Pradesh",,,4.9,73,OPERATIONAL,,,,Vijayawada,Andhra Pradesh,India
merged,Carla+diamonds;Carla Diamonds,Carla diamonds,Jewellery,Retail,"Vijayawada, Andhra Pradesh",,,5.0,93,OPERATIONAL,,,,Vijayawada,Andhra Pradesh,India
google_maps,Kirtilals+Diamond+Jewellery+Shop,Kirtilals Diamond Jewellery Shop,Jewellery,Retail,"Jeweler ·  · 38-8-7, GJ3P+P36, 38-8-7, MG Rd, opposite All India Radio",,,4.3,67,OPERATIONAL,,,,Vijayawada,Andhra Pradesh,India
google_maps,Navaratna+Gems+And+Jewellery,Navaratna Gems And Jewellery,Jewellery,Retail,"Vijayawada, Andhra Pradesh",,,4.9,41,OPERATIONAL,,,,Vijayawada,Andhra Pradesh,India
google_maps,Radhe+Gold+and+Diamonds,Radhe Gold and Diamonds,Jewellery,Retail,"Vijayawada, Andhra Pradesh",,,4.7,24,OPERATIONAL,,,,Vijayawada,Andhra Pradesh,India
google_maps,Sunder+diamond,Sunder diamond,Jewellery,Retail,"Vijayawada, Andhra Pradesh",,,4.5,20,OPERATIONAL,,,,Vijayawada,Andhra Pradesh,India
google_maps,SRI+VIJAYALAKSHMI+DIAMONDS,SRI VIJAYALAKSHMI DIAMONDS,Jewellery,Retail,"Vijayawada, Andhra Pradesh",,,4.5,37,OPERATIONAL,,,,Vijayawada,Andhra Pradesh,India
google_maps,Ashra+Diamonds+%E2%80%93+Lab-Grown+Diamond+Jewellery,Ashra Diamonds – Lab-Grown Diamond Jewellery,Jewellery,Retail,"Jewelry store · AMC Complex, 23&24, Rajagoapala Chari Street, opp. Jaihind Complex",,,4.9,67,OPERATIONAL,,,,Vijayawada,Andhra Pradesh,India
google_maps,Bombay+Jewels+Paradise,Bombay Jewels Paradise,Jewellery,Retail,"Vijayawada, Andhra Pradesh",,,4.9,77,OPERATIONAL,,,,Vijayawada,Andhra Pradesh,India
google_maps,Pavitra+Daimonds,Pavitra Daimonds,Jewellery,Retail,"Vijayawada, Andhra Pradesh",,,4.3,162,OPERATIONAL,,,,Vijayawada,Andhra Pradesh,India
merged,Srinivasa+Diamond+Hall;Srinivasa Diamond Hall,Srinivasa Diamond Hall,Jewellery,Retail,"Diamond Merchant · 13, Radhika Complex, Sivalayam Street, Sivalayam Street",,,4.8,23,OPERATIONAL,,,,Vijayawada,Andhra Pradesh,India
google_maps,Neelima+Diamonds+%26+Jewellers,Neelima Diamonds & Jewellers,Jewellery,Retail,"Vijayawada, Andhra Pradesh",,,4.8,13,OPERATIONAL,,,,Vijayawada,Andhra Pradesh,India
google_maps,Varahi+Jewels+Vijayawada,Varahi Jewels Vijayawada,Jewellery,Retail,Varahi Jewels Vijayawada,089776 18141,,5.0,82,OPERATIONAL,,,,Vijayawada,Andhra Pradesh,India
google_maps,Vijayawada+rental+jewellery,Vijayawada rental jewellery,Jewellery,Retail,Vijayawada rental jewellery,,,5.0,1,OPERATIONAL,,,,Vijayawada,Andhra Pradesh,India
google_maps,Gayatri+Rental+Jewellery,Gayatri Rental Jewellery,Jewellery,Retail,"Jewelry store · Panja centre, Ganapathi Rao Road",,,5.0,13,OPERATIONAL,,,,Vijayawada,Andhra Pradesh,India
google_maps,GEETANJALI+JEWELLERY+%28%E0%B0%B0%E0%B0%BE%E0%B0%A3%E0%B0%BF%E0%B0%97%E0%B0%BE%E0%B0%B0%E0%B0%BF%E0%B0%A4%E0%B1%8B%E0%B0%9F%29,GEETANJALI JEWELLERY (రాణిగారితోట),Jewellery,Retail,"Vijayawada, Andhra Pradesh",,,4.8,43,OPERATIONAL,,,,Vijayawada,Andhra Pradesh,India
google_maps,Yoshita+fashion+jewellery,Yoshita fashion jewellery,Jewellery,Retail,"Vijayawada, Andhra Pradesh",,,4.4,32,OPERATIONAL,,,,Vijayawada,Andhra Pradesh,India
google_maps,Bhama,Bhama,Jewellery,Retail,"Vijayawada, Andhra Pradesh",,,4.0,813,OPERATIONAL,,,,Vijayawada,Andhra Pradesh,India
google_maps,Estele+Jewellery,Estele Jewellery,Jewellery,Retail,"Vijayawada, Andhra Pradesh",,,4.9,96,OPERATIONAL,,,,Vijayawada,Andhra Pradesh,India
google_maps,"Palaash+Rental+Jewellery,+Saree+Prepleating,+Makeup+Services","Palaash Rental Jewellery, Saree Prepleating, Makeup Services",Jewellery,Retail,"Vijayawada, Andhra Pradesh",,,4.9,174,OPERATIONAL,,,,Vijayawada,Andhra Pradesh,India
google_maps,"LALITHA+NX+%28C.Z,Victorian+and+immitation+jewellery%29","LALITHA NX (C.Z,Victorian and immitation jewellery)",Jewellery,Retail,"Vijayawada, Andhra Pradesh",,,4.7,6,OPERATIONAL,,,,Vijayawada,Andhra Pradesh,India
google_maps,MKR+Jewellery,MKR Jewellery,Jewellery,Retail,"Vijayawada, Andhra Pradesh",,,4.9,14,OPERATIONAL,,,,Vijayawada,Andhra Pradesh,India
google_maps,Arham+gold,Arham gold,Jewellery,Retail,"Jewelry store · balaji jewels world, 27-14-34, opposite Ghar sansar",,,5.0,45,OPERATIONAL,,,,Vijayawada,Andhra Pradesh,India
google_maps,Vimala+Jewellery,Vimala Jewellery,Jewellery,Retail,"Vijayawada, Andhra Pradesh",,,4.3,15,OPERATIONAL,,,,Vijayawada,Andhra Pradesh,India
google_maps,Gowani+Jewellers,Gowani Jewellers,Jewellery,Retail,"Vijayawada, Andhra Pradesh",,,4.7,13,OPERATIONAL,,,,Vijayawada,Andhra Pradesh,India
google_maps,Vinayaka+Tools,Vinayaka Tools,Jewellery,Retail,"Jewelry equipment supplier · 11-42-62, Ramgopal St, near Surya Hallmark",,,3.5,48,OPERATIONAL,,,,Vijayawada,Andhra Pradesh,India
merged,Mayur+Jewellers;Mayur Jewellery,Mayur Jewellers,Jewellery,Retail,Jewelry store · near Tipsy Topsy,,,4.5,27,OPERATIONAL,,,,Vijayawada,Andhra Pradesh,India
google_maps,Swarna+Bazar,Swarna Bazar,Jewellery,Retail,"Vijayawada, Andhra Pradesh",,,5.0,1,OPERATIONAL,,,,Vijayawada,Andhra Pradesh,India
google_maps,VRISHTI+JEWELLERS,VRISHTI JEWELLERS,Jewellery,Retail,"Jeweler · 11-49-349, Shivalayam St, near Babu oils",,,4.9,25,OPERATIONAL,,,,Vijayawada,Andhra Pradesh,India
google_maps,TAMIRI+JEWELLERS+PVT+LTD+-+Sri+S+K+Jewels+A+Unit+of+Tamiri+Jewellers+Pvt+Ltd,TAMIRI JEWELLERS PVT LTD - Sri S K Jewels A Unit of Tamiri Jewellers Pvt Ltd,Jewellery,Retail,"Vijayawada, Andhra Pradesh",,,5.0,8,OPERATIONAL,,,,Vijayawada,Andhra Pradesh,India
google_maps,SB+JEWELLERS+Basha,SB JEWELLERS Basha,Jewellery,Retail,"Vijayawada, Andhra Pradesh",,,5.0,34,OPERATIONAL,,,,Vijayawada,Andhra Pradesh,India
google_maps,Devi+dham+silvers+india+private+limited,Devi dham silvers india private limited,Jewellery,Retail,"Vijayawada, Andhra Pradesh",,,4.9,59,OPERATIONAL,,,,Vijayawada,Andhra Pradesh,India
merged,"varahi+jewellers;VARAHI JEWELLERS
4.7
  
64 Ratings
Eluru Road
High call pick up",varahi jewellers,Jewellery,Retail,"Vijayawada, Andhra Pradesh",07405650187,,5.0,27,OPERATIONAL,,,,Vijayawada,Andhra Pradesh,India
google_maps,SP+Jewellers,SP Jewellers,Jewellery,Retail,"Vijayawada, Andhra Pradesh",,,4.7,3,OPERATIONAL,,,,Vijayawada,Andhra Pradesh,India
google_maps,Anjaneya+Bentex,Anjaneya Bentex,Jewellery,Retail,"Jewelry store · 1town, 11-49-19,sivalayam veedhi,1town,Vijayawada,Andhra Pradesh,520001,India 11, 49-19, Sivalayam Rd",,,4.3,3,OPERATIONAL,,,,Vijayawada,Andhra Pradesh,India
google_maps,Dhana+Lakshmi+Jewellers,Dhana Lakshmi Jewellers,Jewellery,Retail,"Vijayawada, Andhra Pradesh",,,4.7,3,OPERATIONAL,,,,Vijayawada,Andhra Pradesh,India
google_maps,Sri+Soundarya+Jewellers,Sri Soundarya Jewellers,Jewellery,Retail,"Jewelry store · India Post Office, Rajagopalachari St, Near India",,,4.6,7,OPERATIONAL,,,,Vijayawada,Andhra Pradesh,India
google_maps,Sri+Gurunandini+Jewellery+Mart,Sri Gurunandini Jewellery Mart,Jewellery,Retail,"Jeweler · Gopal Reddy Road, Rajagopalachari Street",,,4.8,5,OPERATIONAL,,,,Vijayawada,Andhra Pradesh,India
google_maps,BVR+JEWELLERS,BVR JEWELLERS,Jewellery,Retail,"Vijayawada, Andhra Pradesh",,,4.8,4,OPERATIONAL,,,,Vijayawada,Andhra Pradesh,India
google_maps,Hallmarking+center+in+Mangalagiri+%28+Chandana+Hall+Marking+Center+%29,Hallmarking center in Mangalagiri ( Chandana Hall Marking Center ),Jewellery,Retail,"Vijayawada, Andhra Pradesh",,,4.8,11,OPERATIONAL,,,,Vijayawada,Andhra Pradesh,India
google_maps,SIDDHANATH+HALLMARK+PRIVATE+LIMITED,SIDDHANATH HALLMARK PRIVATE LIMITED,Jewellery,Retail,"Goldsmith · zanda lane, Shivalayam St, opposite radhika complex",,,5.0,1,OPERATIONAL,,,,Vijayawada,Andhra Pradesh,India
google_maps,SUVARNA+HALL+MARKING+CENTRE,SUVARNA HALL MARKING CENTRE,Jewellery,Retail,"Jeweler · GJ3Q+5M5, Sailok Complex, Sri Venkateswara Swamy Temple Street, MG Rd",,,4.5,4,OPERATIONAL,,,,Vijayawada,Andhra Pradesh,India
google_maps,Sonaa+Hallmarking+Center,Sonaa Hallmarking Center,Jewellery,Retail,"Vijayawada, Andhra Pradesh",,,,0,OPERATIONAL,,,,Vijayawada,Andhra Pradesh,India
google_maps,SRI+LAKSHMI+DEVI+HALLMARKING,SRI LAKSHMI DEVI HALLMARKING,Jewellery,Retail,"Jewelry appraiser · 3rd Floor, Balaji Jewel World, Rajagopalachari St, opposite Golden Pets",,,,0,OPERATIONAL,,,,Vijayawada,Andhra Pradesh,India
google_maps,AKSHAYA+HALLMARK+%26+TESTING+CENTER,AKSHAYA HALLMARK & TESTING CENTER,Jewellery,Retail,"Vijayawada, Andhra Pradesh",,,,0,OPERATIONAL,,,,Vijayawada,Andhra Pradesh,India
google_maps,Js+Jewels,Js Jewels,Jewellery,Retail,"Jewelry designer · 2nd cross, 5th Main Rd, near ITI college",,,4.7,29,OPERATIONAL,,,,Vijayawada,Andhra Pradesh,India
google_maps,4K+Jewellery+Designing+Institute.%28Vijayawada%29,4K Jewellery Designing Institute.(Vijayawada),Jewellery,Retail,"Software Training Institute · Shop No 22, Mahalakshmi towers, Rajagopalachari St, near Buckingham post office",,,5.0,32,OPERATIONAL,,,,Vijayawada,Andhra Pradesh,India
google_maps,Sumati+Gold+and+Diamonds,Sumati Gold and Diamonds,Jewellery,Retail,"Vijayawada, Andhra Pradesh",,,4.9,27,OPERATIONAL,,,,Vijayawada,Andhra Pradesh,India
google_maps,"Yasin+Jewellery+Works,+VZA","Yasin Jewellery Works, VZA",Jewellery,Retail,"Vijayawada, Andhra Pradesh",,,5.0,16,OPERATIONAL,,,,Vijayawada,Andhra Pradesh,India
google_maps,Diviswacha,Diviswacha,Jewellery,Retail,"Vijayawada, Andhra Pradesh",,,4.4,182,OPERATIONAL,,,,Vijayawada,Andhra Pradesh,India
google_maps,Amruta+Gold+Vijayawada,Amruta Gold Vijayawada,Jewellery,Retail,Amruta Gold Vijayawada,,,4.8,47,OPERATIONAL,,,,Vijayawada,Andhra Pradesh,India
google_maps,Mahika+Gold+Company+-+Gold+Buyers+In+Vijayawada,Mahika Gold Company - Gold Buyers In Vijayawada,Jewellery,Retail,"Jewelry buyer · 1st Floor, D.NO: 47-8-6, MG Rd, opposite Tanishq Jewelers, beside PVR Mall",,,5.0,72,OPERATIONAL,,,,Vijayawada,Andhra Pradesh,India
google_maps,EESHITH+KRISHNA+GOLD+BUYERS,EESHITH KRISHNA GOLD BUYERS,Jewellery,Retail,"Vijayawada, Andhra Pradesh",,,4.9,126,OPERATIONAL,,,,Vijayawada,Andhra Pradesh,India
google_maps,Athvik+Gold+Buyers+-+Gold+Buyers+In+Vijayawada,Athvik Gold Buyers - Gold Buyers In Vijayawada,Jewellery,Retail,"Gold dealer · Pedhabotla vari Street, 520002",,,5.0,70,OPERATIONAL,,,,Vijayawada,Andhra Pradesh,India
google_maps,Attica+Gold+Company+-+Gold+Buyers+In+Vijayawada,Attica Gold Company - Gold Buyers In Vijayawada,Jewellery,Retail,"Gold dealer ·  · 37/1-70, 2nd floor Leftside VI Showroom, Vijayawada Rd, opp. gateway hotel, beside Rangoli",,,4.6,240,OPERATIONAL,,,,Vijayawada,Andhra Pradesh,India
google_maps,Shanmukha+gold+and+silver+Palace,Shanmukha gold and silver Palace,Jewellery,Retail,"Vijayawada, Andhra Pradesh",,,5.0,22,OPERATIONAL,,,,Vijayawada,Andhra Pradesh,India
google_maps,MG+silver+palace,MG silver palace,Jewellery,Retail,"Vijayawada, Andhra Pradesh",,,5.0,16,OPERATIONAL,,,,Vijayawada,Andhra Pradesh,India
google_maps,VMS+Silver+Palace,VMS Silver Palace,Jewellery,Retail,"Jewelry store · Apsara Theatre, Shop no 1 Hilton Towers, Rajagopalachari St, opposite KANAKADURGA ZAVERI BAZAAR",,,5.0,23,OPERATIONAL,,,,Vijayawada,Andhra Pradesh,India
google_maps,Sree+Sarada+Bullion+%26+Jewellery+Mart,Sree Sarada Bullion & Jewellery Mart,Jewellery,Retail,"Gold dealer · Rajagopalachari St, near OK silks",,,5.0,7,OPERATIONAL,,,,Vijayawada,Andhra Pradesh,India
google_maps,PVS+Silver,PVS Silver,Jewellery,Retail,"Wholesale jeweler ·  · Shop No.103, F.M, Plaza, Complex, opposite to L.I.C Building, opposite Prakasam Road",,,4.8,21,OPERATIONAL,,,,Vijayawada,Andhra Pradesh,India
google_maps,Sri+Vedha+Gems+and+German+Silver,Sri Vedha Gems and German Silver,Jewellery,Retail,"Vijayawada, Andhra Pradesh",,,4.5,17,OPERATIONAL,,,,Vijayawada,Andhra Pradesh,India
google_maps,DP+GOLD,DP GOLD,Jewellery,Retail,"Vijayawada, Andhra Pradesh",,,4.1,29,OPERATIONAL,,,,Vijayawada,Andhra Pradesh,India
google_maps,maharaja+Bullion,maharaja Bullion,Jewellery,Retail,"Gold dealer · 27-17-39 , Peddibotla vari street, JD Hospital Rd",,,4.1,7,OPERATIONAL,,,,Vijayawada,Andhra Pradesh,India
google_maps,Shree+pavan+german+silver,Shree pavan german silver,Jewellery,Retail,"Vijayawada, Andhra Pradesh",,,4.7,15,OPERATIONAL,,,,Vijayawada,Andhra Pradesh,India
google_maps,SVJ+Gold+Hub,SVJ Gold Hub,Jewellery,Retail,"Jewelry buyer · Sabhapati Road, Swathi Theatre Rd",,,5.0,2,OPERATIONAL,,,,Vijayawada,Andhra Pradesh,India
google_maps,Shri+Semkari+silver,Shri Semkari silver,Jewellery,Retail,"Vijayawada, Andhra Pradesh",,,5.0,1,OPERATIONAL,,,,Vijayawada,Andhra Pradesh,India
google_maps,Om+Shanti+Silver,Om Shanti Silver,Jewellery,Retail,"Vijayawada, Andhra Pradesh",,,4.9,13,OPERATIONAL,,,,Vijayawada,Andhra Pradesh,India
google_maps,"Koushik+Gold+PVP+Mall+Road,+Moghalrajpuram","Koushik Gold PVP Mall Road, Moghalrajpuram",Jewellery,Retail,"Jewelry store · 40-7-17, PVP Mall Road, Moghalrajpuram SECOND SHOP ADDRESS :- SHOP NO F/D FIRST FLOOR JAIHIND THEATRE COMPLEX GOVERNOR PET VIJAYAWADA -520002",,,5.0,22,OPERATIONAL,,,,Vijayawada,Andhra Pradesh,India
google_maps,Mahankali+Metal+Mart,Mahankali Metal Mart,Jewellery,Retail,"Vijayawada, Andhra Pradesh",,,4.7,154,OPERATIONAL,,,,Vijayawada,Andhra Pradesh,India
google_maps,Value+Gold+-+Gold+Buyers+in+Vijayawada+%28MG.+Road%29,Value Gold - Gold Buyers in Vijayawada (MG. Road),Jewellery,Retail,"Jewelry buyer · Gateway Hotel, Near, MG Rd, beside Mochi Showroom",,,4.9,52,OPERATIONAL,,,,Vijayawada,Andhra Pradesh,India
google_maps,Best+Money+Gold+Company+%7C+Vijayawada,Best Money Gold Company | Vijayawada,Jewellery,Retail,"Jewelry buyer · 1st Floor, Krishna Nagar, Bus Stand, Old Check Post, near Auto Nagar, opposite Surabhi Super Market",094504 97504,,5.0,107,OPERATIONAL,,,,Vijayawada,Andhra Pradesh,India
google_maps,Muthoot+Gold+Point+-+We+Buy+Gold,Muthoot Gold Point - We Buy Gold,Jewellery,Retail,"Vijayawada, Andhra Pradesh",,,4.9,417,OPERATIONAL,,,,Vijayawada,Andhra Pradesh,India
google_maps,Shanmukha+Gold+%E2%80%93+Vijayawada+Gold+Buyers,Shanmukha Gold – Vijayawada Gold Buyers,Jewellery,Retail,Shanmukha Gold – Vijayawada Gold Buyers,,,5.0,14,OPERATIONAL,,,,Vijayawada,Andhra Pradesh,India
merged,Asweetha+Gold+Company;Asweetha Gold Company,Asweetha Gold Company,Jewellery,Retail,"Jewelry buyer · 28-5-1, Kuppa St, opposite Hotel Raj Towers",,,5.0,369,OPERATIONAL,,,,Vijayawada,Andhra Pradesh,India
google_maps,Akshra+Gold+Private+Limited+%7C+Bhavanipuram,Akshra Gold Private Limited | Bhavanipuram,Jewellery,Retail,"Vijayawada, Andhra Pradesh",095051 00300,,4.9,48,OPERATIONAL,,,,Vijayawada,Andhra Pradesh,India
google_maps,Value+Gold+-+Gold+Buyers+in+Vijayawada+%28Bhavanipuram%29,Value Gold - Gold Buyers in Vijayawada (Bhavanipuram),Jewellery,Retail,Value Gold - Gold Buyers in Vijayawada (Bhavanipuram),,,5.0,8,OPERATIONAL,,,,Vijayawada,Andhra Pradesh,India
google_maps,Attica+Gold+Company+-+Gold+Buyers+In+Vijayawada+Bhavanipuram,Attica Gold Company - Gold Buyers In Vijayawada Bhavanipuram,Jewellery,Retail,"Gold dealer · 1st floor, Andhra bank building, 76-8-11/2, Crombay road, Swathi Theatre Rd",,,4.9,94,OPERATIONAL,,,,Vijayawada,Andhra Pradesh,India
google_maps,SIRI+GOLD+MERCHANTS+PRIVATE+LIMITED,SIRI GOLD MERCHANTS PRIVATE LIMITED,Jewellery,Retail,"Vijayawada, Andhra Pradesh",,,5.0,1,OPERATIONAL,,,,Vijayawada,Andhra Pradesh,India
google_maps,Thara+Gold+Covering,Thara Gold Covering,Jewellery,Retail,"Jewelry store · 2B, Bhavannarayan Street",,,3.9,48,OPERATIONAL,,,,Vijayawada,Andhra Pradesh,India
google_maps,Srikara+Gold+Vijayawada,Srikara Gold Vijayawada,Jewellery,Retail,"Gold dealer · Ground floor, 29-28-40, Eluru Rd, near Domino’s Pizza",,,5.0,3,OPERATIONAL,,,,Vijayawada,Andhra Pradesh,India
google_maps,sai+praveen+jewellery,sai praveen jewellery,Jewellery,Retail,"Goldsmith · meeseva, municipal complex, opposite patamata",,,4.9,46,OPERATIONAL,,,,Vijayawada,Andhra Pradesh,India
google_maps,SYAMALA+JEWELLERS,SYAMALA JEWELLERS,Jewellery,Retail,"Vijayawada, Andhra Pradesh",,,4.9,15,OPERATIONAL,,,,Vijayawada,Andhra Pradesh,India
google_maps,MK+Bangles,MK Bangles,Jewellery,Retail,"Vijayawada, Andhra Pradesh",,,4.7,98,OPERATIONAL,,,,Vijayawada,Andhra Pradesh,India
google_maps,MAJETI+IMITATIONS,MAJETI IMITATIONS,Jewellery,Retail,"Vijayawada, Andhra Pradesh",,,5.0,95,OPERATIONAL,,,,Vijayawada,Andhra Pradesh,India
google_maps,Indu+jewellers,Indu jewellers,Jewellery,Retail,"Jewelry store · 57-8-19, Vijayawada - Machilipatnam Rd",,,5.0,6,OPERATIONAL,,,,Vijayawada,Andhra Pradesh,India
google_maps,Bentex+Shoppe,Bentex Shoppe,Jewellery,Retail,"Vijayawada, Andhra Pradesh",,,4.7,3,OPERATIONAL,,,,Vijayawada,Andhra Pradesh,India
merged,Chandana+grand+gold;Chandana Grand,Chandana grand gold,Jewellery,Retail,"Vijayawada, Andhra Pradesh",,,3.6,25,OPERATIONAL,,,,Vijayawada,Andhra Pradesh,India
merged,Chandana+Jewellers;Chandana Brothers (Jewellers & Textiles),Chandana Jewellers,Jewellery,Retail,"Vijayawada, Andhra Pradesh",,,3.9,8,OPERATIONAL,,,,Vijayawada,Andhra Pradesh,India
google_maps,Sri+Venkateswara+Pearls,Sri Venkateswara Pearls,Jewellery,Retail,"Vijayawada, Andhra Pradesh",,,5.0,2,OPERATIONAL,,,,Vijayawada,Andhra Pradesh,India
google_maps,Lasya+Fashion+Jewellery,Lasya Fashion Jewellery,Jewellery,Retail,Jewelry store · Bhavannarayan Street,,,5.0,77,OPERATIONAL,,,,Vijayawada,Andhra Pradesh,India
google_maps,Swastik+Imitation+Jewellery,Swastik Imitation Jewellery,Jewellery,Retail,"Vijayawada, Andhra Pradesh",,,4.9,7,OPERATIONAL,,,,Vijayawada,Andhra Pradesh,India
google_maps,Achyuta+fashion+jewels,Achyuta fashion jewels,Jewellery,Retail,"Vijayawada, Andhra Pradesh",,,5.0,12,OPERATIONAL,,,,Vijayawada,Andhra Pradesh,India
google_maps,Yunus+1+Gm+Imitation+Jewellery,Yunus 1 Gm Imitation Jewellery,Jewellery,Retail,"Watch store · Door no:8-7-74, gousemohiddin street, Shahi Masjid St, near Panja Center",,,4.1,45,OPERATIONAL,,,,Vijayawada,Andhra Pradesh,India
google_maps,Prasanna+jewellery,Prasanna jewellery,Jewellery,Retail,"Jewelry store · Viswanath Complex, Vijayawada - Gudivada Rd",,,5.0,24,OPERATIONAL,,,,Vijayawada,Andhra Pradesh,India
google_maps,Sai+Teja+Jewellers,Sai Teja Jewellers,Jewellery,Retail,"Wholesale jeweler · No. 66-5-6/2, Vijayawada Rd",,,4.8,13,OPERATIONAL,,,,Vijayawada,Andhra Pradesh,India
google_maps,Kamala+Jewellery,Kamala Jewellery,Jewellery,Retail,"Jeweler · FMV6+PX7, Vijayawada Rd, Opposite Postal Colony Bus Stop",,,4.2,10,OPERATIONAL,,,,Vijayawada,Andhra Pradesh,India
google_maps,Sunitha+Jewellers+and+Goldwork+Shop,Sunitha Jewellers and Goldwork Shop,Jewellery,Retail,"Jewelry store · FMW6+85P, Karanam Gari St, Ramachandra Nagar",,,4.8,4,OPERATIONAL,,,,Vijayawada,Andhra Pradesh,India
google_maps,Kundana+Diamonds,Kundana Diamonds,Jewellery,Retail,"Jewelry store · 40-5-3 A, Convention road, beside sweet magic",,,5.0,1,OPERATIONAL,,,,Vijayawada,Andhra Pradesh,India
google_maps,Sri+Nandini+Jewellery,Sri Nandini Jewellery,Jewellery,Retail,"Jewelry store · #32-15-124,Ravichettu street",,,4.9,20,OPERATIONAL,,,,Vijayawada,Andhra Pradesh,India
google_maps,Sri+Sai+Ganesh+Jewellers,Sri Sai Ganesh Jewellers,Jewellery,Retail,"Jeweler · Door No. 66-3-31, Tagore Type Institute Rd, Near NTR Circle",,,5.0,2,OPERATIONAL,,,,Vijayawada,Andhra Pradesh,India
google_maps,Vasudha+Jewellery,Vasudha Jewellery,Jewellery,Retail,"Jewelry store ·  · Bandar Road, Patamata Lanka, Beside Patamata E-Seva Building",,,5.0,16,OPERATIONAL,,,,Vijayawada,Andhra Pradesh,India
google_maps,Titan+World,Titan World,Jewellery,Retail,"Watch store · Shop No 40-1, 133/1, MG Rd, near Benz Circle",,,4.9,1037,OPERATIONAL,,,,Vijayawada,Andhra Pradesh,India
google_maps,Maina,Maina,Jewellery,Retail,"Vijayawada, Andhra Pradesh",,,3.9,117,OPERATIONAL,,,,Vijayawada,Andhra Pradesh,India
google_maps,Gopi+gold+and+silver+house,Gopi gold and silver house,Jewellery,Retail,"Jewelry store · Shop no-1, President gari Building, Vijayawada Rd, beside Muncipal complex",,,5.0,1,OPERATIONAL,,,,Vijayawada,Andhra Pradesh,India
google_maps,SAI+KIRAN+JEWELLERY,SAI KIRAN JEWELLERY,Jewellery,Retail,"Vijayawada, Andhra Pradesh",,,5.0,25,OPERATIONAL,,,,Vijayawada,Andhra Pradesh,India
google_maps,Sai+nandini+jewellers,Sai nandini jewellers,Jewellery,Retail,"Jewelry store · Door no :- 71, 1-8, beside bajaj elections, opposite xiaomi",,,4.3,18,OPERATIONAL,,,,Vijayawada,Andhra Pradesh,India
google_maps,Sri+Lakshmi+Sai+Ram+Fancy,Sri Lakshmi Sai Ram Fancy,Jewellery,Retail,"Vijayawada, Andhra Pradesh",,,4.6,22,OPERATIONAL,,,,Vijayawada,Andhra Pradesh,India
google_maps,"Helios+Watch+Store+-+Benz+Circle,+Vijayawada","Helios Watch Store - Benz Circle, Vijayawada",Jewellery,Retail,"Helios Watch Store - Benz Circle, Vijayawada",,,4.4,1115,OPERATIONAL,,,,Vijayawada,Andhra Pradesh,India
google_maps,Sri+Sai+Priya+Jewellery+Works,Sri Sai Priya Jewellery Works,Jewellery,Retail,"Vijayawada, Andhra Pradesh",,,5.0,1,OPERATIONAL,,,,Vijayawada,Andhra Pradesh,India
google_maps,Anagha+92.5+silver+jewellers,Anagha 92.5 silver jewellers,Jewellery,Retail,"Vijayawada, Andhra Pradesh",,,5.0,9,OPERATIONAL,,,,Vijayawada,Andhra Pradesh,India
google_maps,Sri+Suvarna+Silver+Palace,Sri Suvarna Silver Palace,Jewellery,Retail,"Vijayawada, Andhra Pradesh",,,4.4,16,OPERATIONAL,,,,Vijayawada,Andhra Pradesh,India
google_maps,Bombay+Diamonds+Since+1936,Bombay Diamonds Since 1936,Jewellery,Retail,"Jewelry store · 40-5-5/1C, A Convention Road",,,4.9,13,OPERATIONAL,,,,Vijayawada,Andhra Pradesh,India
google_maps,Richies+Fancy,Richies Fancy,Jewellery,Retail,"Vijayawada, Andhra Pradesh",,,4.2,101,OPERATIONAL,,,,Vijayawada,Andhra Pradesh,India
google_maps,GVG+Fashion+Jewellery,GVG Fashion Jewellery,Jewellery,Retail,"Jewelry store · #11-24-62, Guruvulu Complex Bhavanarayana Street",,,3.8,5,OPERATIONAL,,,,Vijayawada,Andhra Pradesh,India
google_maps,Naari+collections,Naari collections,Jewellery,Retail,"Bangle Shop · PVP mall road, beside siri dress divine",,,4.9,126,OPERATIONAL,,,,Vijayawada,Andhra Pradesh,India
google_maps,R.+R.+Bangles,R. R. Bangles,Jewellery,Retail,"Vijayawada, Andhra Pradesh",,,3.9,92,OPERATIONAL,,,,Vijayawada,Andhra Pradesh,India
google_maps,Kanaka+Mahalakshmi+Bangles,Kanaka Mahalakshmi Bangles,Jewellery,Retail,"Vijayawada, Andhra Pradesh",,,4.0,12,OPERATIONAL,,,,Vijayawada,Andhra Pradesh,India
google_maps,Shiva+Bangles,Shiva Bangles,Jewellery,Retail,"Jewelry store ·  · Shop No. 07, 11-24-23, Bhavannarayan Street",,,4.5,24,OPERATIONAL,,,,Vijayawada,Andhra Pradesh,India
google_maps,SOLANKI+BANGLES,SOLANKI BANGLES,Jewellery,Retail,"Vijayawada, Andhra Pradesh",,,3.8,24,OPERATIONAL,,,,Vijayawada,Andhra Pradesh,India
google_maps,Mahadev+Bangle+Stores,Mahadev Bangle Stores,Jewellery,Retail,"Jeweler · Shop No. 20, Underground, 8M, Chitturi Complex, Bhavannarayan Street",,,4.0,17,OPERATIONAL,,,,Vijayawada,Andhra Pradesh,India
google_maps,NASEER+BANGLE+STORE,NASEER BANGLE STORE,Jewellery,Retail,"Jeweler · #11-24-66/3,BHAVANARAYANA STREET,OPP.P.S.M, complex,vijayawada.",,,5.0,3,OPERATIONAL,,,,Vijayawada,Andhra Pradesh,India
google_maps,J.+S.+Bangles,J. S. Bangles,Jewellery,Retail,"Vijayawada, Andhra Pradesh",,,5.0,8,OPERATIONAL,,,,Vijayawada,Andhra Pradesh,India
google_maps,Reflections,Reflections,Jewellery,Retail,"Vijayawada, Andhra Pradesh",,,4.1,399,OPERATIONAL,,,,Vijayawada,Andhra Pradesh,India
google_maps,Mayuri+fancy,Mayuri fancy,Jewellery,Retail,"Vijayawada, Andhra Pradesh",,,3.4,22,OPERATIONAL,,,,Vijayawada,Andhra Pradesh,India
google_maps,Athiva+Women%27s+World:+Your+One-Stop+Shop+for+Women%27s+Essentials,Athiva Women's World: Your One-Stop Shop for Women's Essentials,Jewellery,Retail,"Novelty store ·  · beside Modern Foods Supermarket, near PB Siddhartha College Gym",,,4.4,124,OPERATIONAL,,,,Vijayawada,Andhra Pradesh,India
google_maps,SHINGAR+BANGLES%26IMITATION+JEWELLERS,SHINGAR BANGLES&IMITATION JEWELLERS,Jewellery,Retail,"Jeweler · Lakulu, ROAD",,,4.0,2,OPERATIONAL,,,,Vijayawada,Andhra Pradesh,India
google_maps,Gayatri+Fancy,Gayatri Fancy,Jewellery,Retail,"Novelty store · Saptagiri Complex, 39-1-87, MG Rd, opposite Hotel Swarna Heights",,,3.9,75,OPERATIONAL,,,,Vijayawada,Andhra Pradesh,India
google_maps,Divya+Maruthi+Fancy,Divya Maruthi Fancy,Jewellery,Retail,"Vijayawada, Andhra Pradesh",,,,0,OPERATIONAL,,,,Vijayawada,Andhra Pradesh,India
google_maps,Vijay+sandeep+fancy+store+%E0%B0%B5%E0%B0%BF%E0%B0%9C%E0%B0%AF%E0%B1%8D+%E0%B0%B8%E0%B0%82%E0%B0%A6%E0%B1%80%E0%B0%AA%E0%B1%8D+%E0%B0%AB%E0%B1%8D%E0%B0%AF%E0%B0%BE%E0%B0%A8%E0%B1%8D%E0%B0%B8%E0%B1%80+%E0%B0%B8%E0%B1%8D%E0%B0%9F%E0%B1%8B%E0%B0%B0%E0%B1%8D+%E0%B0%B5%E0%B0%BF%E0%B0%9C%E0%B0%AF%E0%B0%B5%E0%B0%BE%E0%B0%A1,Vijay sandeep fancy store విజయ్ సందీప్ ఫ్యాన్సీ స్టోర్ విజయవాడ,Jewellery,Retail,"Vijayawada, Andhra Pradesh",,,5.0,10,OPERATIONAL,,,,Vijayawada,Andhra Pradesh,India
google_maps,NEW+RS+Jewellers,NEW RS Jewellers,Jewellery,Retail,"Vijayawada, Andhra Pradesh",,,4.5,26,OPERATIONAL,,,,Vijayawada,Andhra Pradesh,India
google_maps,Sri+Lakshmi+Srinivasa+Fancy+Stores,Sri Lakshmi Srinivasa Fancy Stores,Jewellery,Retail,"Store · #41-30/3-20A, Sidham Krishnareddy Road, Ranigarithota, Krishnalanka",,,4.4,75,OPERATIONAL,,,,Vijayawada,Andhra Pradesh,India
google_maps,Chamundi+gold+%26+diamonds,Chamundi gold & diamonds,Jewellery,Retail,"Jewelry store · Gadde venkataratnam road, 2nd lane, Polyclinic Rd, opposite Siddhartha pharmaceutical sciences",,,4.4,9,OPERATIONAL,,,,Vijayawada,Andhra Pradesh,India
google_maps,PUJITHACOLLECTIONS,PUJITHACOLLECTIONS,Jewellery,Retail,"Bangle Shop · Vinayak nagar, 20/190, 4th Line",095055 92920,,,0,OPERATIONAL,,,,Vijayawada,Andhra Pradesh,India
google_maps,"BIBA+-+M.G+Road,+Vijayawada","BIBA - M.G Road, Vijayawada",Jewellery,Retail,"BIBA - M.G Road, Vijayawada",,,4.4,111,OPERATIONAL,,,,Vijayawada,Andhra Pradesh,India
google_maps,Perumalla+Prabhakar+Rao+%26+Co,Perumalla Prabhakar Rao & Co,Jewellery,Retail,"Pawn shop · Shop No.23-11-57, Sivalayam Street, Hanuman Veedhi",,,5.0,4,OPERATIONAL,,,,Vijayawada,Andhra Pradesh,India
google_maps,Oro+Money+-+Gold+Loans+%7C+Patamata,Oro Money - Gold Loans | Patamata,Jewellery,Retail,"Loan agency · 8, First Floor, 7-3/1, Vijayawada Rd, opposite High School",,,5.0,41,OPERATIONAL,,,,Vijayawada,Andhra Pradesh,India
google_maps,KEERTHANA+GOLD+LOANS,KEERTHANA GOLD LOANS,Jewellery,Retail,"Vijayawada, Andhra Pradesh",,,3.9,44,OPERATIONAL,,,,Vijayawada,Andhra Pradesh,India
google_maps,Sri+Hamsika+Jewellery,Sri Hamsika Jewellery,Jewellery,Retail,"Store · 11-58-20 matam lane, Canal Rd, near Ganesh temple",,,4.6,15,OPERATIONAL,,,,Vijayawada,Andhra Pradesh,India
google_maps,Guru+Charan+Jewellers,Guru Charan Jewellers,Jewellery,Retail,"Jeweler · Shop No. 11-49-292, Sivalayam Street",,,4.4,35,OPERATIONAL,,,,Vijayawada,Andhra Pradesh,India
google_maps,Manappuram+Finance+Limited+%E2%80%93+Gold+Loan,Manappuram Finance Limited – Gold Loan,Jewellery,Retail,"Pawn shop ·  · 1st Floor, G.V.R. Complex, No. 40/1/49A, MG Rd, opposite Post Office",,,4.9,74,OPERATIONAL,,,,Vijayawada,Andhra Pradesh,India
google_maps,Rupeek+Gold+Loans,Rupeek Gold Loans,Jewellery,Retail,"Vijayawada, Andhra Pradesh",,,4.9,192,OPERATIONAL,,,,Vijayawada,Andhra Pradesh,India
google_maps,BSR+GOLD+FANCY,BSR GOLD FANCY,Jewellery,Retail,"Vijayawada, Andhra Pradesh",,,,0,OPERATIONAL,,,,Vijayawada,Andhra Pradesh,India
google_maps,Raj+Silver+Palace,Raj Silver Palace,Jewellery,Retail,"Vijayawada, Andhra Pradesh",,,4.4,27,OPERATIONAL,,,,Vijayawada,Andhra Pradesh,India
google_maps,MADHUKAR+GOLD+%26+FINANCE,MADHUKAR GOLD & FINANCE,Jewellery,Retail,"Vijayawada, Andhra Pradesh",,,,0,OPERATIONAL,,,,Vijayawada,Andhra Pradesh,India
google_maps,Manappuram+Gold+Loans,Manappuram Gold Loans,Jewellery,Retail,"Vijayawada, Andhra Pradesh",,,5.0,4,OPERATIONAL,,,,Vijayawada,Andhra Pradesh,India
google_maps,Bajaj+Finance+Gold+Loan,Bajaj Finance Gold Loan,Jewellery,Retail,"Vijayawada, Andhra Pradesh",,,5.0,365,OPERATIONAL,,,,Vijayawada,Andhra Pradesh,India
google_maps,Manappuram+Gold+Loan,Manappuram Gold Loan,Jewellery,Retail,"Loan agency · Door No. 40-7-27, First Floor,, Jammi Chettu Road, Donka Road",,,2.9,11,OPERATIONAL,,,,Vijayawada,Andhra Pradesh,India
google_maps,Chandana+Grand,Chandana Grand,Jewellery,Retail,"Vijayawada, Andhra Pradesh",,,3.9,2985,OPERATIONAL,,,,Vijayawada,Andhra Pradesh,India
google_maps,Indel+Money+Gold+Loan,Indel Money Gold Loan,Jewellery,Retail,"Loan agency · 76-8-12, 1st Floor, Kavya Building, Swathi Theatre Rd, opposite to TWILLS Showroom",,,4.2,5,OPERATIONAL,,,,Vijayawada,Andhra Pradesh,India
google_maps,Muthoot+FinCorp+Gold+Loan,Muthoot FinCorp Gold Loan,Jewellery,Retail,"Vijayawada, Andhra Pradesh",,,5.0,1199,OPERATIONAL,,,,Vijayawada,Andhra Pradesh,India
google_maps,KHR+Jewellery+Workshop,KHR Jewellery Workshop,Jewellery,Retail,"Jewelry manufacturer · Door No: 27-33-22,SHOP NO 14,1ST FLOOR,SIRI GOLD COMPLEX GUDAVALLI VARI STREET GOVERNORPET, Vijayawada Town Part Village, VIJAYAWADA CENTRAL",,,5.0,1,OPERATIONAL,,,,Vijayawada,Andhra Pradesh,India
google_maps,Gagana+Jewellers,Gagana Jewellers,Jewellery,Retail,"Jewelry store · E. V. Plaza, Rajagopalachari St, JD Hospital Rd, opposite V. M. C Complex",,,4.6,16,OPERATIONAL,,,,Vijayawada,Andhra Pradesh,India
google_maps,Mahalaxmi+Jewellers,Mahalaxmi Jewellers,Jewellery,Retail,"Vijayawada, Andhra Pradesh",,,4.6,40,OPERATIONAL,,,,Vijayawada,Andhra Pradesh,India
google_maps,RAM+SEETE+GOLD+immitation+jewellers,RAM SEETE GOLD immitation jewellers,Jewellery,Retail,"Wholesale jeweler · 17,1, ST FLOOR, 11-42, Ramgopal St, near natraj enterprises, opp. mk bangle",,,5.0,77,OPERATIONAL,,,,Vijayawada,Andhra Pradesh,India
google_maps,SRI+NEW+MOON+SILVER+PALACE,SRI NEW MOON SILVER PALACE,Jewellery,Retail,"Vijayawada, Andhra Pradesh",,,3.9,8,OPERATIONAL,,,,Vijayawada,Andhra Pradesh,India
google_maps,Navkar+Silver+Palace+-+Silver+Articles+Showroom,Navkar Silver Palace - Silver Articles Showroom,Jewellery,Retail,"Vijayawada, Andhra Pradesh",,,4.8,4,OPERATIONAL,,,,Vijayawada,Andhra Pradesh,India
google_maps,SRI+LAKSHMI+GEMS+SILVER+JEWELLERY,SRI LAKSHMI GEMS SILVER JEWELLERY,Jewellery,Retail,"Vijayawada, Andhra Pradesh",,,5.0,2,OPERATIONAL,,,,Vijayawada,Andhra Pradesh,India
google_maps,Pooja+silvers,Pooja silvers,Jewellery,Retail,"Vijayawada, Andhra Pradesh",,,4.6,21,OPERATIONAL,,,,Vijayawada,Andhra Pradesh,India
google_maps,STHIRA+DIAMONDS+-+LAB+GROWN+DIAMOND+JEWELLERY,STHIRA DIAMONDS - LAB GROWN DIAMOND JEWELLERY,Jewellery,Retail,"Vijayawada, Andhra Pradesh",,,5.0,3,OPERATIONAL,,,,Vijayawada,Andhra Pradesh,India
google_maps,Mahalaxmi+jewels+and+Diamonds,Mahalaxmi jewels and Diamonds,Jewellery,Retail,"Vijayawada, Andhra Pradesh",,,5.0,14,OPERATIONAL,,,,Vijayawada,Andhra Pradesh,India
google_maps,Miracles+fancy,Miracles fancy,Jewellery,Retail,"Jeweler · Prakasam Road, Besant Rd, opposite Cross Roads Restaurant",,,4.6,21,OPERATIONAL,,,,Vijayawada,Andhra Pradesh,India
google_maps,Shivam+Jewellers,Shivam Jewellers,Jewellery,Retail,"Vijayawada, Andhra Pradesh",,,4.2,18,OPERATIONAL,,,,Vijayawada,Andhra Pradesh,India
google_maps,Babji+pearls%261gr+jewelrs,Babji pearls&1gr jewelrs,Jewellery,Retail,"Jeweler · oppst SVR brothers, Besant Rd, near Rammalayam",,,4.2,25,OPERATIONAL,,,,Vijayawada,Andhra Pradesh,India
google_maps,J+K+Bangles,J K Bangles,Jewellery,Retail,"Jewelry store · KT road, Vinnakota Vari St, near ramanaya cold drink, near balaji sweets",,,4.1,27,OPERATIONAL,,,,Vijayawada,Andhra Pradesh,India
google_maps,ANIL+FANCY+%26+ARTIFICIAL+JEWELLERY,ANIL FANCY & ARTIFICIAL JEWELLERY,Jewellery,Retail,Costume jewelry shop · 5-6-39 BESIDE GANDHI BOMMA BUS STOP LAMBADIPETA VIJAYAWADA ANDHRAPRADESH PINCODE: 520001,,,5.0,24,OPERATIONAL,,,,Vijayawada,Andhra Pradesh,India
google_maps,Gowri+Sankar+Pearls,Gowri Sankar Pearls,Jewellery,Retail,"Vijayawada, Andhra Pradesh",,,3.9,16,OPERATIONAL,,,,Vijayawada,Andhra Pradesh,India
google_maps,A.S.+Pearls+%26+Bentex,A.S. Pearls & Bentex,Jewellery,Retail,"Vijayawada, Andhra Pradesh",,,5.0,1,OPERATIONAL,,,,Vijayawada,Andhra Pradesh,India
google_maps,SKK+Micro+Gold+Plating+Works,SKK Micro Gold Plating Works,Jewellery,Retail,"Vijayawada, Andhra Pradesh",,,4.4,8,OPERATIONAL,,,,Vijayawada,Andhra Pradesh,India
google_maps,Sri+sai+keerthi+gold+repair+works,Sri sai keerthi gold repair works,Jewellery,Retail,"Goldsmith · Pattapu swamy street, near cpi office,navarang theater road, Besant Rd",,,5.0,4,OPERATIONAL,,,,Vijayawada,Andhra Pradesh,India
google_maps,Rupa+Gold+works,Rupa Gold works,Jewellery,Retail,"Vijayawada, Andhra Pradesh",,,5.0,6,OPERATIONAL,,,,Vijayawada,Andhra Pradesh,India
google_maps,S+V+R+%26+GAYATRI+Die+Cutting+Works,S V R & GAYATRI Die Cutting Works,Jewellery,Retail,"Goldsmith · 27-32-17, Dunna vaari street, Besant Rd",,,4.3,4,OPERATIONAL,,,,Vijayawada,Andhra Pradesh,India
google_maps,Ms+silver+palace,Ms silver palace,Jewellery,Retail,"Goldsmith · 27-14-62, near Ghar Sansar",,,4.8,5,OPERATIONAL,,,,Vijayawada,Andhra Pradesh,India
google_maps,Yogesh+Gold+Works,Yogesh Gold Works,Jewellery,Retail,"Vijayawada, Andhra Pradesh",,,5.0,5,OPERATIONAL,,,,Vijayawada,Andhra Pradesh,India
google_maps,DEVI+GOLD+%26+SILVER+LAB,DEVI GOLD & SILVER LAB,Jewellery,Retail,"Vijayawada, Andhra Pradesh",,,5.0,1,OPERATIONAL,,,,Vijayawada,Andhra Pradesh,India
google_maps,Lakshmi+Parvathi+Gold+Works,Lakshmi Parvathi Gold Works,Jewellery,Retail,"Vijayawada, Andhra Pradesh",,,5.0,3,OPERATIONAL,,,,Vijayawada,Andhra Pradesh,India
google_maps,Sri+Viswakarma+Goldsmiths+Private+Limited,Sri Viswakarma Goldsmiths Private Limited,Jewellery,Retail,"Vijayawada, Andhra Pradesh",,,5.0,3,OPERATIONAL,,,,Vijayawada,Andhra Pradesh,India
google_maps,Asgar+gold+Smith,Asgar gold Smith,Jewellery,Retail,"Vijayawada, Andhra Pradesh",,,,0,OPERATIONAL,,,,Vijayawada,Andhra Pradesh,India
google_maps,D+T+S+Gold+Works,D T S Gold Works,Jewellery,Retail,"Vijayawada, Andhra Pradesh",,,5.0,1,OPERATIONAL,,,,Vijayawada,Andhra Pradesh,India
google_maps,National+Gold+Testing+%26+Laser+Soldering,National Gold Testing & Laser Soldering,Jewellery,Retail,"Goldsmith · Shop No 10&11, Vijaya Commercial Complex, JD Hospital Rd, near SBI Atm, opposite Jaihind Complex",,,4.4,5,OPERATIONAL,,,,Vijayawada,Andhra Pradesh,India
google_maps,Sri+Krishna+Belt+and+Nakshi+works,Sri Krishna Belt and Nakshi works,Jewellery,Retail,"Vijayawada, Andhra Pradesh",,,5.0,2,OPERATIONAL,,,,Vijayawada,Andhra Pradesh,India
google_maps,"Laxmi+Prasanna+Gold+Works,+becent+road+Mohammed+Khan+%26+sons+jewelry+back+side","Laxmi Prasanna Gold Works, becent road Mohammed Khan & sons jewelry back side",Jewellery,Retail,"Jewelry designer · Navarang theater road, Mohammed Khan & sons jewelry back side New Srinivasa complex, Becent road",,,5.0,4,OPERATIONAL,,,,Vijayawada,Andhra Pradesh,India
google_maps,KCR+Gold+Testing+and+Jewellery+Works,KCR Gold Testing and Jewellery Works,Jewellery,Retail,"Vijayawada, Andhra Pradesh",,,,0,OPERATIONAL,,,,Vijayawada,Andhra Pradesh,India
google_maps,Cj+gold+work,Cj gold work,Jewellery,Retail,"Vijayawada, Andhra Pradesh",,,,0,OPERATIONAL,,,,Vijayawada,Andhra Pradesh,India
google_maps,Shri+Ram+bangle+store,Shri Ram bangle store,Jewellery,Retail,"Bangle Shop · Chitturi Complex, Bhavannarayan Street",,,4.5,2,OPERATIONAL,,,,Vijayawada,Andhra Pradesh,India
google_maps,Vinay+Bangle+Store,Vinay Bangle Store,Jewellery,Retail,"Bangle Shop · #11-42-28,shop no.3,Pulipativari Street, Ramgopal Street, Main Road, Kaleswara Rao Market, Tarapet",,,3.5,4,OPERATIONAL,,,,Vijayawada,Andhra Pradesh,India
google_maps,sri+surya+bangles,sri surya bangles,Jewellery,Retail,"Vijayawada, Andhra Pradesh",,,5.0,2,OPERATIONAL,,,,Vijayawada,Andhra Pradesh,India
google_maps,Krishna+Bangles,Krishna Bangles,Jewellery,Retail,"Jeweler ·  · Shop No. 21, Ground Floor, Chitturi Complex, Bhavannarayan Street",,,3.8,18,OPERATIONAL,,,,Vijayawada,Andhra Pradesh,India
google_maps,Majisha+Bangles,Majisha Bangles,Jewellery,Retail,"Bangle Shop · Havaldar Line, 11/60/13, Bhavnarayan Street, near Head Post Office",,,4.7,3,OPERATIONAL,,,,Vijayawada,Andhra Pradesh,India
google_maps,Sri+Bheru+Bangles,Sri Bheru Bangles,Jewellery,Retail,"Vijayawada, Andhra Pradesh",,,5.0,1,OPERATIONAL,,,,Vijayawada,Andhra Pradesh,India
google_maps,Naseer+Bangle+Stores,Naseer Bangle Stores,Jewellery,Retail,Bhanannarayan Street,079958 57586,,5.0,2,OPERATIONAL,,,,Vijayawada,Andhra Pradesh,India
google_maps,Padmavathi+Fancy+%26General+Stores,Padmavathi Fancy &General Stores,Jewellery,Retail,"Jeweler · #11-25-404,VINNAKOTAVARI CHOWK, BESIDE RAJU GHEE SWEET,, Vijayawada",,,4.4,11,OPERATIONAL,,,,Vijayawada,Andhra Pradesh,India
google_maps,Meenakshi+bangle,Meenakshi bangle,Jewellery,Retail,"Vijayawada, Andhra Pradesh",,,4.3,4,OPERATIONAL,,,,Vijayawada,Andhra Pradesh,India
google_maps,DBS+JEWELS,DBS JEWELS,Jewellery,Retail,"Vijayawada, Andhra Pradesh",,,4.7,16,OPERATIONAL,,,,Vijayawada,Andhra Pradesh,India
google_maps,Sri+Swarna+Lakshmi+Jewellery+Bangles+works,Sri Swarna Lakshmi Jewellery Bangles works,Jewellery,Retail,"Jewelry manufacturer · Shop no:117, 1st floor, near Vastralatha Complex",,,5.0,5,OPERATIONAL,,,,Vijayawada,Andhra Pradesh,India
google_maps,Satvika+Bangle+Works,Satvika Bangle Works,Jewellery,Retail,"Jewelry designer · Apsara Theatre, Ok silk complex, Balaji Complex, Old, Road",,,5.0,2,OPERATIONAL,,,,Vijayawada,Andhra Pradesh,India
google_maps,SRI+kANAKA+DURGA+CNC+Bangle+works,SRI kANAKA DURGA CNC Bangle works,Jewellery,Retail,"Jewelry store · 14, Rajagopalachari St, near Buckinghampet Post Office",,,5.0,1,OPERATIONAL,,,,Vijayawada,Andhra Pradesh,India
google_maps,Vaishnavi+Bangles,Vaishnavi Bangles,Jewellery,Retail,"Vijayawada, Andhra Pradesh",,,4.0,1,OPERATIONAL,,,,Vijayawada,Andhra Pradesh,India
google_maps,Sri+Krishna+Gold+Check,Sri Krishna Gold Check,Jewellery,Retail,"Vijayawada, Andhra Pradesh",099495 24522,,2.3,3,OPERATIONAL,,,,Vijayawada,Andhra Pradesh,India
google_maps,Mahendra+Jewellery+Paradise,Mahendra Jewellery Paradise,Jewellery,Retail,"Vijayawada, Andhra Pradesh",,,4.8,8,OPERATIONAL,,,,Vijayawada,Andhra Pradesh,India
google_maps,Sri+Krishna+Gold+Jewellery,Sri Krishna Gold Jewellery,Jewellery,Retail,"Vijayawada, Andhra Pradesh",,,5.0,5,OPERATIONAL,,,,Vijayawada,Andhra Pradesh,India
google_maps,R+B+Gold,R B Gold,Jewellery,Retail,"Vijayawada, Andhra Pradesh",,,4.8,19,OPERATIONAL,,,,Vijayawada,Andhra Pradesh,India
google_maps,Chandana+Brothers+Lenin,Chandana Brothers Lenin,Jewellery,Retail,"Clothing store · GJ7G+MMC, Eluru Rd, near crda office",,,4.0,2369,OPERATIONAL,,,,Vijayawada,Andhra Pradesh,India
google_maps,Swastik+Finance,Swastik Finance,Jewellery,Retail,"Vijayawada, Andhra Pradesh",,,4.8,47,OPERATIONAL,,,,Vijayawada,Andhra Pradesh,India
google_maps,Asweetha+Gold+Company+-+MG+Road,Asweetha Gold Company - MG Road,Jewellery,Retail,"Jewelry buyer · 1st Floor, Shams Manzil Building, 39-2-613 , Pitchiah Street, Labbipet, Opp Pvp Mall, Chennupati Petrol Bunk backside",,,5.0,1,OPERATIONAL,,,,Vijayawada,Andhra Pradesh,India
google_maps,GLOW+by+KIRTILALS,GLOW by KIRTILALS,Jewellery,Retail,"Jewelry store · 40-1-178/1, MG Rd, opposite Kalanikethan",,,5.0,28,OPERATIONAL,,,,Vijayawada,Andhra Pradesh,India
google_maps,Mahalakshmi+Jewellers,Mahalakshmi Jewellers,Jewellery,Retail,"Vijayawada, Andhra Pradesh",,,5.0,14,OPERATIONAL,,,,Vijayawada,Andhra Pradesh,India
google_maps,SAMRAJYA+THE+SILVER+GALLERY,SAMRAJYA THE SILVER GALLERY,Jewellery,Retail,"Run by Rotarians of Rotary club Vijayawada Midtown""",,,4.2,6,OPERATIONAL,,,,Vijayawada,Andhra Pradesh,India
google_maps,Ecoluxe+Diamond+Jewellery,Ecoluxe Diamond Jewellery,Jewellery,Retail,"Vijayawada, Andhra Pradesh",,,3.9,12,OPERATIONAL,,,,Vijayawada,Andhra Pradesh,India
google_maps,Samhita+imitation+jewellery,Samhita imitation jewellery,Jewellery,Retail,"Jeweler · Devineni, baji prasad road",,,5.0,1,OPERATIONAL,,,,Vijayawada,Andhra Pradesh,India
google_maps,Nagendra+Imitation+Jewellery,Nagendra Imitation Jewellery,Jewellery,Retail,"Vijayawada, Andhra Pradesh",,,3.6,49,OPERATIONAL,,,,Vijayawada,Andhra Pradesh,India
google_maps,OLHAR+VAU+Imitation+Jewellers+%7C+Gold+Covering+%7C+Bridal+%26+Party+Wear+%7C+Daily+Wear+Jewellers,OLHAR VAU Imitation Jewellers | Gold Covering | Bridal & Party Wear | Daily Wear Jewellers,Jewellery,Retail,"Vijayawada, Andhra Pradesh",,,4.8,4,OPERATIONAL,,,,Vijayawada,Andhra Pradesh,India
google_maps,Vijaya+Sree+Novelty+House,Vijaya Sree Novelty House,Jewellery,Retail,"Vijayawada, Andhra Pradesh",,,4.0,23,OPERATIONAL,,,,Vijayawada,Andhra Pradesh,India
google_maps,CERIUP+One+Gram+Gold+Fashion+Jewellery,CERIUP One Gram Gold Fashion Jewellery,Jewellery,Retail,"Vijayawada, Andhra Pradesh",,,4.0,1,OPERATIONAL,,,,Vijayawada,Andhra Pradesh,India
google_maps,"Sri+Raghavendra+One+gram+gold+jewellery,+Vijayawada","Sri Raghavendra One gram gold jewellery, Vijayawada",Jewellery,Retail,"Sri Raghavendra One gram gold jewellery, Vijayawada",,,,0,OPERATIONAL,,,,Vijayawada,Andhra Pradesh,India
google_maps,SUBHANKAR,SUBHANKAR,Jewellery,Retail,"Goldsmith · Rajaka street, Ramgopal St",,,5.0,4,OPERATIONAL,,,,Vijayawada,Andhra Pradesh,India
google_maps,Amrita+Jewellers,Amrita Jewellers,Jewellery,Retail,"Vijayawada, Andhra Pradesh",,,,0,OPERATIONAL,,,,Vijayawada,Andhra Pradesh,India
google_maps,Irfan+gold+works+and+polish,Irfan gold works and polish,Jewellery,Retail,"Vijayawada, Andhra Pradesh",,,,0,OPERATIONAL,,,,Vijayawada,Andhra Pradesh,India
google_maps,Sri+Krishna+Gold+Artisan,Sri Krishna Gold Artisan,Jewellery,Retail,"Vijayawada, Andhra Pradesh",,,,0,OPERATIONAL,,,,Vijayawada,Andhra Pradesh,India
google_maps,Masoom+Fancy+Store,Masoom Fancy Store,Jewellery,Retail,"Vijayawada, Andhra Pradesh",,,,0,OPERATIONAL,,,,Vijayawada,Andhra Pradesh,India
google_maps,Manpasand+Burka+And+Fancy+Collection,Manpasand Burka And Fancy Collection,Jewellery,Retail,"Vijayawada, Andhra Pradesh",,,4.6,5,OPERATIONAL,,,,Vijayawada,Andhra Pradesh,India
google_maps,ammu+crafts,ammu crafts,Jewellery,Retail,"Vijayawada, Andhra Pradesh",076708 55390,,5.0,16,OPERATIONAL,,,,Vijayawada,Andhra Pradesh,India
google_maps,Saai+Sree+Nidhi+Fancy+Store,Saai Sree Nidhi Fancy Store,Jewellery,Retail,"Vijayawada, Andhra Pradesh",,,,0,OPERATIONAL,,,,Vijayawada,Andhra Pradesh,India
merged,Srinivasa+Jewellery+Mart;Srinivasa Jewellery Mart,Srinivasa Jewellery Mart,Jewellery,Retail,"Jewelry store · 2b, #2b, Besant Rd, opposite LIC Building",,,1.0,2,OPERATIONAL,,,,Vijayawada,Andhra Pradesh,India
google_maps,VIDHATA+JEWELLERS,VIDHATA JEWELLERS,Jewellery,Retail,"Jewelry store · shop no.9, ramgopal, Rathi Towers, 11-42-29/30, street",,,3.0,3,OPERATIONAL,,,,Vijayawada,Andhra Pradesh,India
google_maps,J+K+Fancy,J K Fancy,Jewellery,Retail,"General store · # 13-112, Time Hospital Road, pantakaaluva Beside, Tulasi nagar,",,,4.1,9,OPERATIONAL,,,,Vijayawada,Andhra Pradesh,India
google_maps,KK+cosmetics,KK cosmetics,Jewellery,Retail,"Cosmetics store · One town, 11-40-1, Groundfloor, shop ,onetown chitooricomplex, Bhavannarayan Street",,,4.8,17,OPERATIONAL,,,,Vijayawada,Andhra Pradesh,India
google_maps,Anitha+ladies+corner,Anitha ladies corner,Jewellery,Retail,"Cosmetics store · 68-1-1, main road, beside Ramalayam Street",,,4.3,4,OPERATIONAL,,,,Vijayawada,Andhra Pradesh,India
google_maps,Sai%27s+Crafts_world,Sai's Crafts_world,Jewellery,Retail,"Vijayawada, Andhra Pradesh",,,5.0,1,OPERATIONAL,,,,Vijayawada,Andhra Pradesh,India
google_maps,Jk+jewellers,Jk jewellers,Jewellery,Retail,"Jewelry store · jk jewellers shop number : 2 ,A.N RAO Complex, Peddibhotla Vari St, near saibaba temple",,,4.9,9,OPERATIONAL,,,,Vijayawada,Andhra Pradesh,India
google_maps,Hindustan+Gold+Company+-+Gold+Buyers+In+Vijayawada,Hindustan Gold Company - Gold Buyers In Vijayawada,Jewellery,Retail,"Jewelry buyer · 1st floor, opp kalaniketan, Mg road Landmark, beside Manyavar showroom",,,4.9,109,OPERATIONAL,,,,Vijayawada,Andhra Pradesh,India
google_maps,PAISA+4+GOLD,PAISA 4 GOLD,Jewellery,Retail,"Jewelry buyer · Dr no 13-16-194/UVW SFS SCHOOL ROAD, NEAR BANDHAN BANK, MARUTI NAGAR PALASA -KASIBUGGA-532222",,,5.0,12,OPERATIONAL,,,,Vijayawada,Andhra Pradesh,India
google_maps,Kommuri+Gold,Kommuri Gold,Jewellery,Retail,"Vijayawada, Andhra Pradesh",,,5.0,1,OPERATIONAL,,,,Vijayawada,Andhra Pradesh,India
google_maps,dK+GOLD,dK GOLD,Jewellery,Retail,"Gold dealer · 1 2TH FLOOR, MAHALAXMI COMPLEX, D.NO 27-14-98, near APSARA THEATRE",,,5.0,8,OPERATIONAL,,,,Vijayawada,Andhra Pradesh,India
google_maps,S+V+GOLD+COMPANY,S V GOLD COMPANY,Jewellery,Retail,"Vijayawada, Andhra Pradesh",,,5.0,13,OPERATIONAL,,,,Vijayawada,Andhra Pradesh,India
google_maps,KR+JEWELLERY+WORKS,KR JEWELLERY WORKS,Jewellery,Retail,"Jewelry store · Door Number 33, 21-16, Eluru Rd, opposite Mysore Cafe",,,4.7,15,OPERATIONAL,,,,Vijayawada,Andhra Pradesh,India
merged,Sri+Gopal+Jewellers;Sri Gopal Jewellers & Manufacturer,Sri Gopal Jewellers,Jewellery,Retail,"Vijayawada, Andhra Pradesh",,,5.0,34,OPERATIONAL,,,,Vijayawada,Andhra Pradesh,India
google_maps,Sri+Lakshmi+Naveena+Jewellers,Sri Lakshmi Naveena Jewellers,Jewellery,Retail,"Vijayawada, Andhra Pradesh",,,4.7,15,OPERATIONAL,,,,Vijayawada,Andhra Pradesh,India
google_maps,Madhuvan+Jewellers,Madhuvan Jewellers,Jewellery,Retail,"Jewelry store · Dno:27-14, 59, Rajagopalachari St, near Buckingham post office",,,5.0,29,OPERATIONAL,,,,Vijayawada,Andhra Pradesh,India
google_maps,Surabhi+Silver,Surabhi Silver,Jewellery,Retail,"Jewelry store · NearApsara Theatre, Eluru Rd",,,,0,OPERATIONAL,,,,Vijayawada,Andhra Pradesh,India
google_maps,RRR+Silver+palace,RRR Silver palace,Jewellery,Retail,"Vijayawada, Andhra Pradesh",,,4.6,10,OPERATIONAL,,,,Vijayawada,Andhra Pradesh,India
google_maps,TARA+FANCY+%26+IMITATION+JEWELLERY,TARA FANCY & IMITATION JEWELLERY,Jewellery,Retail,"Vijayawada, Andhra Pradesh",,,5.0,1,OPERATIONAL,,,,Vijayawada,Andhra Pradesh,India
google_maps,Roop+Singaar+Variety+Center,Roop Singaar Variety Center,Jewellery,Retail,"Vijayawada, Andhra Pradesh",,,4.2,52,OPERATIONAL,,,,Vijayawada,Andhra Pradesh,India
google_maps,AFROZ+WATCH+PALACE,AFROZ WATCH PALACE,Jewellery,Retail,"Vijayawada, Andhra Pradesh",,,4.5,51,OPERATIONAL,,,,Vijayawada,Andhra Pradesh,India
google_maps,Sri+balaji+bangle+Store+Vijayawada,Sri balaji bangle Store Vijayawada,Jewellery,Retail,"Shopping mall ·  · 2 11-24, guruvulu complex, 62-1&2, Bhavannarayan Street",,,3.5,63,OPERATIONAL,,,,Vijayawada,Andhra Pradesh,India
google_maps,Om+bangle,Om bangle,Jewellery,Retail,"Vijayawada, Andhra Pradesh",,,5.0,20,OPERATIONAL,,,,Vijayawada,Andhra Pradesh,India
google_maps,Amrutha+Jewellers,Amrutha Jewellers,Jewellery,Retail,"Vijayawada, Andhra Pradesh",,,4.7,35,OPERATIONAL,,,,Vijayawada,Andhra Pradesh,India
google_maps,Ashok+Bangles,Ashok Bangles,Jewellery,Retail,"Vijayawada, Andhra Pradesh",,,,0,OPERATIONAL,,,,Vijayawada,Andhra Pradesh,India
google_maps,AKSHAYA+SRI+GOLD+COMPANY,AKSHAYA SRI GOLD COMPANY,Jewellery,Retail,"Vijayawada, Andhra Pradesh",,,5.0,58,OPERATIONAL,,,,Vijayawada,Andhra Pradesh,India
google_maps,SRI+VIJAYALAKSHMI+JEWELLERS,SRI VIJAYALAKSHMI JEWELLERS,Jewellery,Retail,"Pawn shop · SHOP NO 5, 3-23, Main Bazaar Rd",093331 41516,,5.0,1,OPERATIONAL,,,,Vijayawada,Andhra Pradesh,India
google_maps,Suvarna+Jewellers,Suvarna Jewellers,Jewellery,Retail,"Jewelry store ·  · Main Bazaar Rd, near Chandana Brothers Shopping Mall",,,4.1,79,OPERATIONAL,,,,Vijayawada,Andhra Pradesh,India
google_maps,Asian+Gems,Asian Gems,Jewellery,Retail,Jeweler · Near Clock Tower,,,4.7,13,OPERATIONAL,,,,Vijayawada,Andhra Pradesh,India
google_maps,Lavanya+Jewellers,Lavanya Jewellers,Jewellery,Retail,"Vijayawada, Andhra Pradesh",,,4.5,82,OPERATIONAL,,,,Vijayawada,Andhra Pradesh,India
google_maps,Babu+Pearls,Babu Pearls,Jewellery,Retail,"Costume jewelry shop · Main road, beside Vaibhav Jewelers",,,4.8,42,OPERATIONAL,,,,Vijayawada,Andhra Pradesh,India
google_maps,MOHANTI+SILVER+PALACE,MOHANTI SILVER PALACE,Jewellery,Retail,Jewelry store · Vijayawada Rd,,,5.0,23,OPERATIONAL,,,,Vijayawada,Andhra Pradesh,India
google_maps,Jaya+Sri+Rama+Jewellers,Jaya Sri Rama Jewellers,Jewellery,Retail,"Jewelry store · near venkateswara swamy temple, opposite to RS shopping mall",,,5.0,4,OPERATIONAL,,,,Vijayawada,Andhra Pradesh,India
google_maps,Vijayalakshmi+Jewellers,Vijayalakshmi Jewellers,Jewellery,Retail,"Vijayawada, Andhra Pradesh",,,4.3,32,OPERATIONAL,,,,Vijayawada,Andhra Pradesh,India
google_maps,Bismillah+Jewellery+Works,Bismillah Jewellery Works,Jewellery,Retail,"Vijayawada, Andhra Pradesh",,,4.6,12,OPERATIONAL,,,,Vijayawada,Andhra Pradesh,India
google_maps,Kommuri+Gold+-+Gold+Buyers,Kommuri Gold - Gold Buyers,Jewellery,Retail,"Vijayawada, Andhra Pradesh",,,3.0,2,OPERATIONAL,,,,Vijayawada,Andhra Pradesh,India
google_maps,SRINIVASA+KALYAN+JEWELLERS,SRINIVASA KALYAN JEWELLERS,Jewellery,Retail,"Vijayawada, Andhra Pradesh",,,5.0,27,OPERATIONAL,,,,Vijayawada,Andhra Pradesh,India
google_maps,M.K.V+Jewellery,M.K.V Jewellery,Jewellery,Retail,"Vijayawada, Andhra Pradesh",,,4.8,16,OPERATIONAL,,,,Vijayawada,Andhra Pradesh,India
google_maps,Haritha+Jewellers,Haritha Jewellers,Jewellery,Retail,"Vijayawada, Andhra Pradesh",,,5.0,19,OPERATIONAL,,,,Vijayawada,Andhra Pradesh,India
google_maps,Rs+gold+works+shop+jewellery,Rs gold works shop jewellery,Jewellery,Retail,"Vijayawada, Andhra Pradesh",,,5.0,4,OPERATIONAL,,,,Vijayawada,Andhra Pradesh,India
google_maps,L.T.+Pearls+And+Jewellers,L.T. Pearls And Jewellers,Jewellery,Retail,Jeweler · Shop No. 11-49-298 Sivalayam Street Ratham Center,,,4.3,39,OPERATIONAL,,,,Vijayawada,Andhra Pradesh,India
google_maps,Jaihind+Jewellery+Mart,Jaihind Jewellery Mart,Jewellery,Retail,"Vijayawada, Andhra Pradesh",,,3.6,13,OPERATIONAL,,,,Vijayawada,Andhra Pradesh,India
google_maps,Maa+Ambe+Jewellers,Maa Ambe Jewellers,Jewellery,Retail,"Vijayawada, Andhra Pradesh",,,4.1,29,OPERATIONAL,,,,Vijayawada,Andhra Pradesh,India
google_maps,Akshaya+sai+one+gram+gold+and+fancy+store,Akshaya sai one gram gold and fancy store,Jewellery,Retail,"Jewelry store · GJ2J+R79, 3rd Ln, near kiron type institute",,,5.0,7,OPERATIONAL,,,,Vijayawada,Andhra Pradesh,India
google_maps,Sanghavi+gold+shoppee,Sanghavi gold shoppee,Jewellery,Retail,"Store · 11-58-15, Matham St, near vinayaka Temple",,,4.4,21,OPERATIONAL,,,,Vijayawada,Andhra Pradesh,India
google_maps,Kandukuri+jewellers,Kandukuri jewellers,Jewellery,Retail,"Jewelry store · 11-40-3, Pulipativari St, near chituri complex",,,5.0,23,OPERATIONAL,,,,Vijayawada,Andhra Pradesh,India
google_maps,Milan+immitation+Jewellers,Milan immitation Jewellers,Jewellery,Retail,"Vijayawada, Andhra Pradesh",,,4.5,2,OPERATIONAL,,,,Vijayawada,Andhra Pradesh,India
google_maps,M.P.+Silver+House,M.P. Silver House,Jewellery,Retail,"Jeweler · 11-49-38, Shivalayam St, near babu oils",,,5.0,8,OPERATIONAL,,,,Vijayawada,Andhra Pradesh,India
google_maps,Govindam+Jewellers,Govindam Jewellers,Jewellery,Retail,"Costume jewelry shop · One town GROUND FLOOR, MATHAM LANE, Vijayawada",082786 81173,,5.0,1,OPERATIONAL,,,,Vijayawada,Andhra Pradesh,India
google_maps,Poorna+Fancy+Stores,Poorna Fancy Stores,Jewellery,Retail,"Vijayawada, Andhra Pradesh",,,4.1,52,OPERATIONAL,,,,Vijayawada,Andhra Pradesh,India
google_maps,Kheteshwar+novelty,Kheteshwar novelty,Jewellery,Retail,"Vijayawada, Andhra Pradesh",,,5.0,1,OPERATIONAL,,,,Vijayawada,Andhra Pradesh,India
google_maps,"Sri+R.K.jewellery,+vijayawada","Sri R.K.jewellery, vijayawada",Jewellery,Retail,"Jewelry store · 11-58-37, matam Street",,,4.1,10,OPERATIONAL,,,,Vijayawada,Andhra Pradesh,India
google_maps,J.p+collection,J.p collection,Jewellery,Retail,"Vijayawada, Andhra Pradesh",,,,0,OPERATIONAL,,,,Vijayawada,Andhra Pradesh,India
google_maps,Sri+Laxmi+Jewellery,Sri Laxmi Jewellery,Jewellery,Retail,"Jewelry store · No. 11-57-28, Rajaka St, Sivalayam Street",,,4.0,15,OPERATIONAL,,,,Vijayawada,Andhra Pradesh,India
google_maps,Bhavani+jewellery+works,Bhavani jewellery works,Jewellery,Retail,"Vijayawada, Andhra Pradesh",,,,0,OPERATIONAL,,,,Vijayawada,Andhra Pradesh,India
google_maps,Sri+Vijaya+durga+gold+silver+melting+and+testing+point,Sri Vijaya durga gold silver melting and testing point,Jewellery,Retail,"Vijayawada, Andhra Pradesh",,,,0,OPERATIONAL,,,,Vijayawada,Andhra Pradesh,India
google_maps,Lakshmi+Narayana,Lakshmi Narayana,Jewellery,Retail,"Vijayawada, Andhra Pradesh",,,,0,OPERATIONAL,,,,Vijayawada,Andhra Pradesh,India
google_maps,DEVI+SRI+1GM+GOLD+JEWELLERY,DEVI SRI 1GM GOLD JEWELLERY,Jewellery,Retail,"Vijayawada, Andhra Pradesh",,,4.4,7,OPERATIONAL,,,,Vijayawada,Andhra Pradesh,India
google_maps,B.H.K.Gold+Works,B.H.K.Gold Works,Jewellery,Retail,"Vijayawada, Andhra Pradesh",,,4.6,8,OPERATIONAL,,,,Vijayawada,Andhra Pradesh,India
google_maps,A+TO+Z+FANCY+DIE+CUTTING+AND+READY+DIE+SELLER,A TO Z FANCY DIE CUTTING AND READY DIE SELLER,Jewellery,Retail,"Goldsmith · 32-22, Dunnavari street, D:no: 27, Besant Rd, near Mohamed khan jewellers",,,,0,OPERATIONAL,,,,Vijayawada,Andhra Pradesh,India
google_maps,Sri+Sai+Datta+Pearls,Sri Sai Datta Pearls,Jewellery,Retail,"Vijayawada, Andhra Pradesh",,,4.5,4,OPERATIONAL,,,,Vijayawada,Andhra Pradesh,India
google_maps,MJR+Gold+Works,MJR Gold Works,Jewellery,Retail,"Vijayawada, Andhra Pradesh",,,5.0,1,OPERATIONAL,,,,Vijayawada,Andhra Pradesh,India
google_maps,BGR+JEWELLERY,BGR JEWELLERY,Jewellery,Retail,"Goldsmith · masjid opp building, Babu oil Street, Kaleswarao Market Rd",,,,0,OPERATIONAL,,,,Vijayawada,Andhra Pradesh,India
google_maps,Sk+Gold+Works,Sk Gold Works,Jewellery,Retail,"Vijayawada, Andhra Pradesh",,,,0,OPERATIONAL,,,,Vijayawada,Andhra Pradesh,India
google_maps,Padmavati+Bangle+Stores,Padmavati Bangle Stores,Jewellery,Retail,"Jeweler · Ratham Center, 10-19- 40, Brahmin St, near Muchalamma Temple",,,3.3,8,OPERATIONAL,,,,Vijayawada,Andhra Pradesh,India
google_maps,Sha+Sadaji+Misrimal,Sha Sadaji Misrimal,Jewellery,Retail,"Vijayawada, Andhra Pradesh",,,4.1,7,OPERATIONAL,,,,Vijayawada,Andhra Pradesh,India
google_maps,Kanakadurga+Bangle+Store,Kanakadurga Bangle Store,Jewellery,Retail,"Vijayawada, Andhra Pradesh",,,,0,OPERATIONAL,,,,Vijayawada,Andhra Pradesh,India
google_maps,Gold+Loan+Vijayawada+%7C+Gold+Loan+%7C+SRI+SURYA+JEWELLERY+%26+PAWN+BROKERS,Gold Loan Vijayawada | Gold Loan | SRI SURYA JEWELLERY & PAWN BROKERS,Jewellery,Retail,Gold Loan Vijayawada | Gold Loan | SRI SURYA JEWELLERY & PAWN BROKERS,,,,0,OPERATIONAL,,,,Vijayawada,Andhra Pradesh,India
google_maps,"BlueStone+Jewellery+Inorbit+Mall,+Visakhapatnam","BlueStone Jewellery Inorbit Mall, Visakhapatnam",Jewellery,Retail,"Jewelry store · 220/1/P, 221/1/P, 222/1A/P and 224/P of Zone-Z8 at Village, Dwarkanagar",,,4.9,19,OPERATIONAL,,,,Vijayawada,Andhra Pradesh,India
google_maps,BlueStone+Jewellery+Visakhapatnam,BlueStone Jewellery Visakhapatnam,Jewellery,Retail,"Vijayawada, Andhra Pradesh",,,4.9,1161,OPERATIONAL,,,,Vijayawada,Andhra Pradesh,India
google_maps,Swarna+jewellery,Swarna jewellery,Jewellery,Retail,"Jewelry store ·  · P6X9+4WG, 6-77, Gopalapatnam Main Road",,,4.3,352,OPERATIONAL,,,,Vijayawada,Andhra Pradesh,India
google_maps,"BlueStone+Jewellery+Madhurawada,+Visakhapatnam","BlueStone Jewellery Madhurawada, Visakhapatnam",Jewellery,Retail,"Jewelry store · GF and FF, Plot No 5 & 8, 100 Feet Rd, Main Rd, near PM Palem Main Road, opp. westside",,,4.9,68,OPERATIONAL,,,,Vijayawada,Andhra Pradesh,India
google_maps,Leena%27s+watch+%26+1+Gram+Gold+Jewellery,Leena's watch & 1 Gram Gold Jewellery,Jewellery,Retail,"Jewelry store · GJHW+5Q9, Madhura Nagar Main Rd",,,5.0,3,OPERATIONAL,,,,Vijayawada,Andhra Pradesh,India
google_maps,Sri+Viswa+Karma+Die+Cutting+Works,Sri Viswa Karma Die Cutting Works,Jewellery,Retail,"Goldsmith · Pattapu Swamy Street, Near CPI Office, Navarang Theater Road, Besant Rd",,,,0,OPERATIONAL,,,,Vijayawada,Andhra Pradesh,India
google_maps,Maa+Jewellers,Maa Jewellers,Jewellery,Retail,"Vijayawada, Andhra Pradesh",,,4.0,31,OPERATIONAL,,,,Vijayawada,Andhra Pradesh,India
google_maps,MLK+gold+works,MLK gold works,Jewellery,Retail,"Vijayawada, Andhra Pradesh",,,,0,OPERATIONAL,,,,Vijayawada,Andhra Pradesh,India
google_maps,Kuber+Tools,Kuber Tools,Jewellery,Retail,"Vijayawada, Andhra Pradesh",,,4.0,10,OPERATIONAL,,,,Vijayawada,Andhra Pradesh,India
google_maps,lathaa+jewellers,lathaa jewellers,Jewellery,Retail,"Jewelry store · Kamayyathopu center, bus stop, Vijayawada Rd, near kanuru",,,4.4,48,OPERATIONAL,,,,Vijayawada,Andhra Pradesh,India
google_maps,Nandhini+Collections,Nandhini Collections,Jewellery,Retail,"Vijayawada, Andhra Pradesh",,,4.0,15,OPERATIONAL,,,,Vijayawada,Andhra Pradesh,India
google_maps,Sree+Ramya+Fancy+and+Matching+Center,Sree Ramya Fancy and Matching Center,Jewellery,Retail,Bangle Shop · 4th line cross road,,,,0,OPERATIONAL,,,,Vijayawada,Andhra Pradesh,India
google_maps,Singari+Collection,Singari Collection,Jewellery,Retail,"Vijayawada, Andhra Pradesh",,,,0,OPERATIONAL,,,,Vijayawada,Andhra Pradesh,India
google_maps,Karthikeya+Banker%27s+-+Gold+%26+Silver,Karthikeya Banker's - Gold & Silver,Jewellery,Retail,"Pawn shop · Ganapavaram Road, Bhuvvanapalli - Nadimarru Rd",,,,0,OPERATIONAL,,,,Vijayawada,Andhra Pradesh,India
google_maps,Asha+Bankers,Asha Bankers,Jewellery,Retail,"Vijayawada, Andhra Pradesh",,,5.0,3,OPERATIONAL,,,,Vijayawada,Andhra Pradesh,India
google_maps,Murthy+Jewellers,Murthy Jewellers,Jewellery,Retail,"Vijayawada, Andhra Pradesh",,,4.0,4,OPERATIONAL,,,,Vijayawada,Andhra Pradesh,India
google_maps,Vaarahi+1gm+jewellers,Vaarahi 1gm jewellers,Jewellery,Retail,"Vijayawada, Andhra Pradesh",,,5.0,2,OPERATIONAL,,,,Vijayawada,Andhra Pradesh,India
google_maps,Pandoras+Art+Jewellery,Pandoras Art Jewellery,Jewellery,Retail,"Vijayawada, Andhra Pradesh",,,3.8,36,OPERATIONAL,,,,Vijayawada,Andhra Pradesh,India
google_maps,The+Gold+Oasis,The Gold Oasis,Jewellery,Retail,"Jewelry store · MG Road, 40-1-155, Vijayawada Rd, opposite Tanishq",,,5.0,4,OPERATIONAL,,,,Vijayawada,Andhra Pradesh,India
google_maps,Shri+Shyam+Diamonds+private+limited,Shri Shyam Diamonds private limited,Jewellery,Retail,"Vijayawada, Andhra Pradesh",,,5.0,1,OPERATIONAL,,,,Vijayawada,Andhra Pradesh,India
google_maps,Musaddilal+Jewellers,Musaddilal Jewellers,Jewellery,Retail,"Vijayawada, Andhra Pradesh",,,3.8,19,OPERATIONAL,,,,Vijayawada,Andhra Pradesh,India
google_maps,DIVI+GOLD+AND+DIAMONDS,DIVI GOLD AND DIAMONDS,Jewellery,Retail,"Vijayawada, Andhra Pradesh",,,5.0,6,OPERATIONAL,,,,Vijayawada,Andhra Pradesh,India
google_maps,My+Kalyan+Mini+Store,My Kalyan Mini Store,Jewellery,Retail,"Jewelry store · 38-8-33,Surya Complex, Ward 10, Mg Road , Opp Pwd Ground Town",,,,0,OPERATIONAL,,,,Vijayawada,Andhra Pradesh,India
google_maps,MAB+PURE+SILVER,MAB PURE SILVER,Jewellery,Retail,Jewelry store · MASJEED STREET,,,5.0,4,OPERATIONAL,,,,Vijayawada,Andhra Pradesh,India
google_maps,Master+Diamonds+%26+Gem+Testing+Lab,Master Diamonds & Gem Testing Lab,Jewellery,Retail,"Vijayawada, Andhra Pradesh",,,4.8,16,OPERATIONAL,,,,Vijayawada,Andhra Pradesh,India
merged,CMR+Shopping+Mall;Cmr Shopping Mall,CMR Shopping Mall,Jewellery,Retail,"Shopping mall ·  · MG Rd, opposite PVP Square Mall",,,4.7,6574,OPERATIONAL,,,,Vijayawada,Andhra Pradesh,India
google_maps,Zara%27s+Collections,Zara's Collections,Jewellery,Retail,"Vijayawada, Andhra Pradesh",,,4.0,43,OPERATIONAL,,,,Vijayawada,Andhra Pradesh,India
google_maps,Saryu+Jewellers,Saryu Jewellers,Jewellery,Retail,"Vijayawada, Andhra Pradesh",,,4.2,5,OPERATIONAL,,,,Vijayawada,Andhra Pradesh,India
google_maps,Pragathi+Jewellers+%7C+jewellery+in+patamata+%7C,Pragathi Jewellers | jewellery in patamata |,Jewellery,Retail,"Jewelry store · Dno: 56-11-13, Sridevi complex, M.G road, Patamata, Vijayawada-10, 520010",,,5.0,20,OPERATIONAL,,,,Vijayawada,Andhra Pradesh,India
google_maps,Gowthami+Jewellery+Works,Gowthami Jewellery Works,Jewellery,Retail,"Jewelry store · # 56-11-9/1, Beside High School Road Bus Stop, Patamata",,,4.5,8,OPERATIONAL,,,,Vijayawada,Andhra Pradesh,India
google_maps,Praveen+Jewellery,Praveen Jewellery,Jewellery,Retail,"Vijayawada, Andhra Pradesh",,,4.3,22,OPERATIONAL,,,,Vijayawada,Andhra Pradesh,India
google_maps,LAXMI+SILVER+PALACE,LAXMI SILVER PALACE,Jewellery,Retail,"Jewelry store · 57-8-14, MG Rd, opposite E Seva",,,5.0,1,OPERATIONAL,,,,Vijayawada,Andhra Pradesh,India
google_maps,BSP+Gold+and+Diamonds,BSP Gold and Diamonds,Jewellery,Retail,"Vijayawada, Andhra Pradesh",,,4.7,17,OPERATIONAL,,,,Vijayawada,Andhra Pradesh,India
google_maps,Sri+Sai+Sampath+Fancy,Sri Sai Sampath Fancy,Jewellery,Retail,"Jewelry store ·  · Door no- 73, V.S.M. School, Thotavari St Patamata, Donkaroad, 8-1, opp. Road",,,4.5,19,OPERATIONAL,,,,Vijayawada,Andhra Pradesh,India
google_maps,Sri+Kanaka+Durga+Jewellery+and+Works,Sri Kanaka Durga Jewellery and Works,Jewellery,Retail,"Vijayawada, Andhra Pradesh",,,5.0,1,OPERATIONAL,,,,Vijayawada,Andhra Pradesh,India
google_maps,Sri+Sai+Fancy,Sri Sai Fancy,Jewellery,Retail,"Jewelry store · 29-37-7/1A,K.M.R Complex Old Madhu Restaurant, Dasarivari Street, opp. Triveni College",,,4.3,9,OPERATIONAL,,,,Vijayawada,Andhra Pradesh,India
google_maps,Sudharsana+Vasthralayam,Sudharsana Vasthralayam,Jewellery,Retail,"Vijayawada, Andhra Pradesh",090105 78556,,,0,OPERATIONAL,,,,Vijayawada,Andhra Pradesh,India
google_maps,MAHAARANI,MAHAARANI,Jewellery,Retail,"Vijayawada, Andhra Pradesh",,,4.9,48,OPERATIONAL,,,,Vijayawada,Andhra Pradesh,India
google_maps,Vanitha+Fashion+Jewellery,Vanitha Fashion Jewellery,Jewellery,Retail,"Jewelry store · 27-16-155, Besant Rd, opposite Mahar",,,,0,OPERATIONAL,,,,Vijayawada,Andhra Pradesh,India
google_maps,%E0%B0%B2%E0%B0%95%E0%B1%8D%E0%B0%B7%E0%B1%8D%E0%B0%AE%E0%B0%BF+%E0%B0%AC%E0%B0%BE%E0%B0%B2%E0%B0%BE%E0%B0%9C%E0%B1%80+%E0%B0%9F%E0%B1%80+%E0%B0%B8%E0%B1%86%E0%B0%82%E0%B0%9F%E0%B0%B0%E0%B1%8D,లక్ష్మి బాలాజీ టీ సెంటర్,Jewellery,Retail,"Vijayawada, Andhra Pradesh",,,,0,OPERATIONAL,,,,Vijayawada,Andhra Pradesh,India
google_maps,bhargavijewellers,bhargavijewellers,Jewellery,Retail,"Vijayawada, Andhra Pradesh",,,4.0,27,OPERATIONAL,,,,Vijayawada,Andhra Pradesh,India
google_maps,SRIPATHI+JEWELLERY+WORKS,SRIPATHI JEWELLERY WORKS,Jewellery,Retail,"Vijayawada, Andhra Pradesh",,,5.0,1,OPERATIONAL,,,,Vijayawada,Andhra Pradesh,India
google_maps,Vennela+Jewellers,Vennela Jewellers,Jewellery,Retail,"Jeweler · D.N. 23-11-23, Satyanarayanapuram Main Rd, N.R.P. Road, Opposite Corporation Bank",,,4.7,21,OPERATIONAL,,,,Vijayawada,Andhra Pradesh,India
google_maps,Sri+Sai+Deepthi+Jewellers,Sri Sai Deepthi Jewellers,Jewellery,Retail,"Vijayawada, Andhra Pradesh",,,4.0,2,OPERATIONAL,,,,Vijayawada,Andhra Pradesh,India
google_maps,ASHA+LATHA+JEWELLERS,ASHA LATHA JEWELLERS,Jewellery,Retail,"Vijayawada, Andhra Pradesh",,,,0,OPERATIONAL,,,,Vijayawada,Andhra Pradesh,India
google_maps,Sri+Nandini+jewellers,Sri Nandini jewellers,Jewellery,Retail,Jewelry store · opposite capital hospitals,,,4.7,47,OPERATIONAL,,,,Vijayawada,Andhra Pradesh,India
google_maps,Ctha+Bentex+Jewellery+%26+Fancy,Ctha Bentex Jewellery & Fancy,Jewellery,Retail,"Vijayawada, Andhra Pradesh",,,5.0,3,OPERATIONAL,,,,Vijayawada,Andhra Pradesh,India
google_maps,Sri+Mounika+Jewellers,Sri Mounika Jewellers,Jewellery,Retail,"Jeweler · FMV6+XC7, Vijayawada - Gudivada Rd, Beside Mohandas Theatre",,,4.6,5,OPERATIONAL,,,,Vijayawada,Andhra Pradesh,India
google_maps,AS+FANCY+JEWELRY,AS FANCY JEWELRY,Jewellery,Retail,"Wholesale jeweler · 49-1-49, VANTENA, near ESI Road, opp. VISHAL SHOPPING MALL",,,5.0,31,OPERATIONAL,,,,Vijayawada,Andhra Pradesh,India
google_maps,Saraswathi+Jewellery+%F0%9F%A9%B7,Saraswathi Jewellery 🩷,Jewellery,Retail,"Jewelry store · Gandhi Bomma Centre, Street",,,4.0,4,OPERATIONAL,,,,Vijayawada,Andhra Pradesh,India
google_maps,VK+Novelties,VK Novelties,Jewellery,Retail,"Jewelry store · BRTS Road, Gulabi Thota Rd",,,5.0,13,OPERATIONAL,,,,Vijayawada,Andhra Pradesh,India
google_maps,Kalyani+Jewellers,Kalyani Jewellers,Jewellery,Retail,"Jewelry store · number 33-4, Vemula syamala devi road, pushpa hotel road Sitarampuram Door, 24/A",,,3.0,3,OPERATIONAL,,,,Vijayawada,Andhra Pradesh,India
google_maps,Piercing+Mantra,Piercing Mantra,Jewellery,Retail,"Vijayawada, Andhra Pradesh",,,5.0,31,OPERATIONAL,,,,Vijayawada,Andhra Pradesh,India
google_maps,SAI+KRISHNA+JEWELLERY,SAI KRISHNA JEWELLERY,Jewellery,Retail,"Jewelry store · #1-17,NATIONAL HIGHWAY,RAMAVARAPPADU,VIJAYAWADA, near VRK Towers Prasadampadu",,,4.1,14,OPERATIONAL,,,,Vijayawada,Andhra Pradesh,India
google_maps,Dharahas+one+gram+gold+jewellery+and+tailorings,Dharahas one gram gold jewellery and tailorings,Jewellery,Retail,"Vijayawada, Andhra Pradesh",,,4.7,3,OPERATIONAL,,,,Vijayawada,Andhra Pradesh,India
google_maps,%C5%9AR%C4%AAM+Fine+Jewelry,ŚRĪM Fine Jewelry,Jewellery,Retail,"Vijayawada, Andhra Pradesh",,,,0,OPERATIONAL,,,,Vijayawada,Andhra Pradesh,India
google_maps,SAI+VEDHA+SILVER+PALACE,SAI VEDHA SILVER PALACE,Jewellery,Retail,"Vijayawada, Andhra Pradesh",,,5.0,5,OPERATIONAL,,,,Vijayawada,Andhra Pradesh,India
google_maps,ANDHRA+JEWELLERY+VJA+Branch,ANDHRA JEWELLERY VJA Branch,Jewellery,Retail,"Diamond Merchant · SHOP-118 , BALAJI JEWEL WORLD COMPLEX Buckingham pet, Head Post Office Road",,,5.0,3,OPERATIONAL,,,,Vijayawada,Andhra Pradesh,India
google_maps,Vajr+Jewels+-+Vijayawada,Vajr Jewels - Vijayawada,Jewellery,Retail,"Jewelry store · 59A-4-6b, Plot No 42, Road No 4, near stella College",,,5.0,4,OPERATIONAL,,,,Vijayawada,Andhra Pradesh,India
google_maps,%E0%B0%96%E0%B0%BE%E0%B0%9C%E0%B0%BE+%E0%B0%B9%E0%B1%8D%E0%B0%AF%E0%B0%BE%E0%B0%82%E0%B0%A1%E0%B1%8D+%E0%B0%A1%E0%B1%8D%E0%B0%B0%E0%B0%BF%E0%B0%B2%E0%B1%8D%E0%B0%B2%E0%B0%BF%E0%B0%82%E0%B0%97%E0%B1%8D+%26+%E0%B0%97%E0%B1%8D%E0%B0%B0%E0%B1%88%E0%B0%82%E0%B0%A1%E0%B0%BF%E0%B0%82%E0%B0%97%E0%B1%8D+%E0%B0%B5%E0%B0%B0%E0%B1%8D%E0%B0%95%E0%B1%8D%E0%B0%B8%E0%B1%8D,ఖాజా హ్యాండ్ డ్రిల్లింగ్ & గ్రైండింగ్ వర్క్స్,Jewellery,Retail,"Vijayawada, Andhra Pradesh",099898 55674,,,0,OPERATIONAL,,,,Vijayawada,Andhra Pradesh,India
google_maps,She+Vibe,She Vibe,Jewellery,Retail,"Vijayawada, Andhra Pradesh",,,4.0,1,OPERATIONAL,,,,Vijayawada,Andhra Pradesh,India
google_maps,Sri+Shanvika+Jewels,Sri Shanvika Jewels,Jewellery,Retail,"Vijayawada, Andhra Pradesh",,,,0,OPERATIONAL,,,,Vijayawada,Andhra Pradesh,India
google_maps,Sprints+Jewel+Palace,Sprints Jewel Palace,Jewellery,Retail,"Vijayawada, Andhra Pradesh",,,,0,OPERATIONAL,,,,Vijayawada,Andhra Pradesh,India
google_maps,Mairah,Mairah,Jewellery,Retail,"Vijayawada, Andhra Pradesh",,,2.0,1,OPERATIONAL,,,,Vijayawada,Andhra Pradesh,India
google_maps,Nisa+Fashion+Trendz,Nisa Fashion Trendz,Jewellery,Retail,"Jewelry store · Sagari Apartment, Fortune Murali Park, 40-6/1-26, Road",,,5.0,6,OPERATIONAL,,,,Vijayawada,Andhra Pradesh,India
google_maps,Susmita+Boutiques,Susmita Boutiques,Jewellery,Retail,"Boutique · 11-23, Main Road, opp. Malabal Jewellery",,,4.8,38,OPERATIONAL,,,,Vijayawada,Andhra Pradesh,India
google_maps,Sreegram+gold+work+shop,Sreegram gold work shop,Jewellery,Retail,"Goldsmith · dhanekula complex, Opposite, RR Chicken Rd",,,5.0,1,OPERATIONAL,,,,Vijayawada,Andhra Pradesh,India
google_maps,Shrimati+Sutram+Golusu,Shrimati Sutram Golusu,Jewellery,Retail,"Vijayawada, Andhra Pradesh",,,,0,OPERATIONAL,,,,Vijayawada,Andhra Pradesh,India
google_maps,Sri+Divya+Varieties,Sri Divya Varieties,Jewellery,Retail,"Vijayawada, Andhra Pradesh",,,4.5,6,OPERATIONAL,,,,Vijayawada,Andhra Pradesh,India
google_maps,Etania+Crafts,Etania Crafts,Jewellery,Retail,"Vijayawada, Andhra Pradesh",,,4.7,13,OPERATIONAL,,,,Vijayawada,Andhra Pradesh,India
google_maps,Nakoda+Silver,Nakoda Silver,Jewellery,Retail,"Vijayawada, Andhra Pradesh",,,,0,OPERATIONAL,,,,Vijayawada,Andhra Pradesh,India
google_maps,KOTHARI+JEETARAJ+%26+CO,KOTHARI JEETARAJ & CO,Jewellery,Retail,"Vijayawada, Andhra Pradesh",,,5.0,2,OPERATIONAL,,,,Vijayawada,Andhra Pradesh,India
google_maps,CaratLane+Jewellery+Poranki+Vijayawada,CaratLane Jewellery Poranki Vijayawada,Jewellery,Retail,"Jewelry store · Ward -3, Prabhu Nagar, Revenue, Vijayawada - Gudivada Rd 14-206/1",,,4.9,174,OPERATIONAL,,,,Vijayawada,Andhra Pradesh,India
google_maps,Avinash+Silver+palace,Avinash Silver palace,Jewellery,Retail,"Jewelry store · Avinash Silver Palace15-180, 15-180, beside Capital Hospital, opposite Lakshmi Puram Colony",,,5.0,10,OPERATIONAL,,,,Vijayawada,Andhra Pradesh,India
google_maps,Sri+chakra+jewellers,Sri chakra jewellers,Jewellery,Retail,"Jeweler · d.no, centre, 13-562, 13-184, Vijayawada Rd",,,4.3,4,OPERATIONAL,,,,Vijayawada,Andhra Pradesh,India
google_maps,VS+Santhi+jewellers+A%2FC,VS Santhi jewellers A/C,Jewellery,Retail,"Vijayawada, Andhra Pradesh",,,4.7,6,OPERATIONAL,,,,Vijayawada,Andhra Pradesh,India
google_maps,"SUJI%27S+FAMILY+SHOPPING+MALL,PORANKI","SUJI'S FAMILY SHOPPING MALL,PORANKI",Jewellery,Retail,"Vijayawada, Andhra Pradesh",,,4.8,1384,OPERATIONAL,,,,Vijayawada,Andhra Pradesh,India
google_maps,Sneha+Fancy+%26+Fashion+Jewellery,Sneha Fancy & Fashion Jewellery,Jewellery,Retail,"Store · Nidamanuru Road, near Venu Gopala Swamy Temple, beside Sneha Beauty Parlour",,,5.0,5,OPERATIONAL,,,,Vijayawada,Andhra Pradesh,India
google_maps,Lakshmi+Balaji+Silver+Palace,Lakshmi Balaji Silver Palace,Jewellery,Retail,"Vijayawada, Andhra Pradesh",090005 91603,,4.9,16,OPERATIONAL,,,,Vijayawada,Andhra Pradesh,India
google_maps,Sri+Shiridi+Sai+Jewellery+Works,Sri Shiridi Sai Jewellery Works,Jewellery,Retail,"Vijayawada, Andhra Pradesh",,,,0,OPERATIONAL,,,,Vijayawada,Andhra Pradesh,India
google_maps,sri+swathi+jewellery,sri swathi jewellery,Jewellery,Retail,"Vijayawada, Andhra Pradesh",,,5.0,14,OPERATIONAL,,,,Vijayawada,Andhra Pradesh,India
google_maps,Varna+Rental+Jewellery,Varna Rental Jewellery,Jewellery,Retail,"Vijayawada, Andhra Pradesh",,,,0,OPERATIONAL,,,,Vijayawada,Andhra Pradesh,India
google_maps,Augmont+Gold+%7C+Gold+For+All,Augmont Gold | Gold For All,Jewellery,Retail,"Gold dealer · 1st Floor, Srinivas Nilayam, No. 14-122/1, Bunder Road, opp. Ganganamma Temple",,,4.5,4,OPERATIONAL,,,,Vijayawada,Andhra Pradesh,India
google_maps,Vayyari+Jewellery,Vayyari Jewellery,Jewellery,Retail,"Vijayawada, Andhra Pradesh",,,,0,OPERATIONAL,,,,Vijayawada,Andhra Pradesh,India
google_maps,RS+FANCY+%26+STEELS,RS FANCY & STEELS,Jewellery,Retail,"Jewelry store · FMXQ+CXQ, Kanuru - Autonagar Rd",,,5.0,1,OPERATIONAL,,,,Vijayawada,Andhra Pradesh,India
google_maps,Poranki+Tumula+Center,Poranki Tumula Center,Jewellery,Retail,"Market · 15-143, Vijayawada Rd",,,3.8,603,OPERATIONAL,,,,Vijayawada,Andhra Pradesh,India
google_maps,Vijayawada+Pelli+Poola+Jada,Vijayawada Pelli Poola Jada,Jewellery,Retail,Vijayawada Pelli Poola Jada,,,4.8,220,OPERATIONAL,,,,Vijayawada,Andhra Pradesh,India
google_maps,Ptj+Jewellery+Works,Ptj Jewellery Works,Jewellery,Retail,"Vijayawada, Andhra Pradesh",093467 63595,,,0,OPERATIONAL,,,,Vijayawada,Andhra Pradesh,India
google_maps,PREM+FANCY+%26+JEWELLERY,PREM FANCY & JEWELLERY,Jewellery,Retail,"Vijayawada, Andhra Pradesh",093905 67051,,,0,OPERATIONAL,,,,Vijayawada,Andhra Pradesh,India
google_maps,Makara+Jyothi+Jewellers,Makara Jyothi Jewellers,Jewellery,Retail,"Jeweler · FP89+VM3, 1-32-4, Penamaluru Chodavaram Main Road",,,2.8,12,OPERATIONAL,,,,Vijayawada,Andhra Pradesh,India
google_maps,Alankar+Sweets+%26+Bakers,Alankar Sweets & Bakers,Jewellery,Retail,"Bakery and Cake Shop · Vanthena Circle Eluru Road, beside Catholic Church",,,3.9,791,OPERATIONAL,,,,Vijayawada,Andhra Pradesh,India
google_maps,Sri+Rama+Collections,Sri Rama Collections,Jewellery,Retail,"Vijayawada, Andhra Pradesh",,,,0,OPERATIONAL,,,,Vijayawada,Andhra Pradesh,India
google_maps,VGjewels,VGjewels,Jewellery,Retail,"Jewelry store · D No:2-247/3,3rd line, road, near Old age home",,,4.0,2,OPERATIONAL,,,,Vijayawada,Andhra Pradesh,India
google_maps,Sri+Kodandarama+Jewellery+Works,Sri Kodandarama Jewellery Works,Jewellery,Retail,"Vijayawada, Andhra Pradesh",,,,0,OPERATIONAL,,,,Vijayawada,Andhra Pradesh,India
google_maps,Vimal+Gold,Vimal Gold,Jewellery,Retail,"Vijayawada, Andhra Pradesh",,,5.0,1,OPERATIONAL,,,,Vijayawada,Andhra Pradesh,India
google_maps,Scissors,Scissors,Jewellery,Retail,"Beauty Parlour ·  · 15-143, Vijayawada Rd",,,4.1,656,OPERATIONAL,,,,Vijayawada,Andhra Pradesh,India
google_maps,Sri+Sai+Deekshitha+Jewellary,Sri Sai Deekshitha Jewellary,Jewellery,Retail,"Vijayawada, Andhra Pradesh",,,,0,OPERATIONAL,,,,Vijayawada,Andhra Pradesh,India
google_maps,MOKSHA+JEWELS+Gold+%26+Diamonds+LLP,MOKSHA JEWELS Gold & Diamonds LLP,Jewellery,Retail,"Vijayawada, Andhra Pradesh",,,5.0,7,OPERATIONAL,,,,Vijayawada,Andhra Pradesh,India
google_maps,Venihaar.co,Venihaar.co,Jewellery,Retail,"Vijayawada, Andhra Pradesh",,,4.6,10,OPERATIONAL,,,,Vijayawada,Andhra Pradesh,India
google_maps,Niharika+printing+and+stationery,Niharika printing and stationery,Jewellery,Retail,"Digital printing service · Nidamanuru Road, Poranki, beside N.T.RStatue",,,4.8,5,OPERATIONAL,,,,Vijayawada,Andhra Pradesh,India
google_maps,The+Rose+Boutique,The Rose Boutique,Jewellery,Retail,"Boutique · 1st floor, Sri Ratna Nilayam, Sai Nagar, 2-138/1, Mee Seva Road",,,4.7,270,OPERATIONAL,,,,Vijayawada,Andhra Pradesh,India
google_maps,Sri+Chandini+Pearls,Sri Chandini Pearls,Jewellery,Retail,"Vijayawada, Andhra Pradesh",,,5.0,30,OPERATIONAL,,,,Vijayawada,Andhra Pradesh,India
google_maps,Chanuma+fancy+store,Chanuma fancy store,Jewellery,Retail,"Vijayawada, Andhra Pradesh",,,5.0,3,OPERATIONAL,,,,Vijayawada,Andhra Pradesh,India
google_maps,Sai+Teja+Fancy+Store,Sai Teja Fancy Store,Jewellery,Retail,"Gift shop · opposite indian overseas bank, penamaluru centre",,,4.3,19,OPERATIONAL,,,,Vijayawada,Andhra Pradesh,India
google_maps,PUSHPALATHA+JEWELLERY,PUSHPALATHA JEWELLERY,Jewellery,Retail,"Vijayawada, Andhra Pradesh",083749 33837,,5.0,1,OPERATIONAL,,,,Vijayawada,Andhra Pradesh,India
google_maps,A+R+Jewellers+Gold+diamond%26+silver,A R Jewellers Gold diamond& silver,Jewellery,Retail,"Vijayawada, Andhra Pradesh",,,5.0,14,OPERATIONAL,,,,Vijayawada,Andhra Pradesh,India
google_maps,%E0%B0%9C%E0%B1%88+%E0%B0%B9%E0%B0%A8%E0%B1%81%E0%B0%AE%E0%B0%BE%E0%B0%A8%E0%B1%8D+%E0%B0%9A%E0%B0%BF%E0%B0%95%E0%B1%86%E0%B0%A8%E0%B1%8D+%E0%B0%B8%E0%B1%8D%E0%B0%9F%E0%B0%BE%E0%B0%B2%E0%B1%8D,జై హనుమాన్ చికెన్ స్టాల్,Jewellery,Retail,"Vijayawada, Andhra Pradesh",090635 43222,,5.0,1,OPERATIONAL,,,,Vijayawada,Andhra Pradesh,India
google_maps,Raja+fashion+jewellery,Raja fashion jewellery,Jewellery,Retail,"Jewelry store · Balaji nagar, opp. Urmila hotel",,,5.0,1,OPERATIONAL,,,,Vijayawada,Andhra Pradesh,India
merged,MI+BELLEZA+COLLECTIONS+%7C+CZ+JEWELLERY+%7C+1+Gram+Gold+JEWELLERY+VIJAYAWADA;Mi Belleza Collections,MI BELLEZA COLLECTIONS | CZ JEWELLERY | 1 Gram Gold JEWELLERY VIJAYAWADA,Jewellery,Retail,MI BELLEZA COLLECTIONS | CZ JEWELLERY | 1 Gram Gold JEWELLERY VIJAYAWADA,,,4.9,332,OPERATIONAL,,,,Vijayawada,Andhra Pradesh,India
google_maps,Manogna+ladies+corner,Manogna ladies corner,Jewellery,Retail,"Vijayawada, Andhra Pradesh",,,,0,OPERATIONAL,,,,Vijayawada,Andhra Pradesh,India
google_maps,Sri+Srigram+Jewellry+and+works,Sri Srigram Jewellry and works,Jewellery,Retail,"Goldsmith · Tadigadapa Donka Rd, opposite RR chicken center yenamala kuduru",,,,0,OPERATIONAL,,,,Vijayawada,Andhra Pradesh,India
google_maps,Sri+Viranjaneya+Jewellery+Works,Sri Viranjaneya Jewellery Works,Jewellery,Retail,Jeweler · Bank of Baroda Street,,,4.4,18,OPERATIONAL,,,,Vijayawada,Andhra Pradesh,India
google_maps,Laxmi+Durga+The+Gift+Shop+and+Trophies,Laxmi Durga The Gift Shop and Trophies,Jewellery,Retail,"Vijayawada, Andhra Pradesh",,,4.6,282,OPERATIONAL,,,,Vijayawada,Andhra Pradesh,India
google_maps,SREE+GIFTS+%26TOYS,SREE GIFTS &TOYS,Jewellery,Retail,"Vijayawada, Andhra Pradesh",,,5.0,2,OPERATIONAL,,,,Vijayawada,Andhra Pradesh,India
google_maps,Zuvi+Gifts,Zuvi Gifts,Jewellery,Retail,"Gift shop · Club Road, opposite to Drunken monkey",,,4.8,39,OPERATIONAL,,,,Vijayawada,Andhra Pradesh,India
google_maps,Poonam+crockery+wholesale+crockery+%26+Gift+Article%27s,Poonam crockery wholesale crockery & Gift Article's,Jewellery,Retail,"Vijayawada, Andhra Pradesh",,,4.6,9,OPERATIONAL,,,,Vijayawada,Andhra Pradesh,India
google_maps,GR+GIFTS+%28CUSTOMIZED%29,GR GIFTS (CUSTOMIZED),Jewellery,Retail,"Gift shop · kuramiah street, Eluru Rd",,,4.9,64,OPERATIONAL,,,,Vijayawada,Andhra Pradesh,India
google_maps,SRI+SAIRAM+SILVER+WORKS,SRI SAIRAM SILVER WORKS,Jewellery,Retail,"Watch store · SHOP NO 1,Sri Nagar, Panta Kaluva Rd",,,5.0,1,OPERATIONAL,,,,Vijayawada,Andhra Pradesh,India
google_maps,Sri+Raghavendra+One+gram+gold+jewellery,Sri Raghavendra One gram gold jewellery,Jewellery,Retail,"Vijayawada, Andhra Pradesh",,,,0,OPERATIONAL,,,,Vijayawada,Andhra Pradesh,India
google_maps,Shiv+Silver,Shiv Silver,Jewellery,Retail,"Vijayawada, Andhra Pradesh",,,5.0,3,OPERATIONAL,,,,Vijayawada,Andhra Pradesh,India
google_maps,Kaaba+Jewellers,Kaaba Jewellers,Jewellery,Retail,"Jewelry store · Old Check Post, MG Rd, near Check Post Masjid, opp. Satya Showroom",,,4.3,18,OPERATIONAL,,,,Vijayawada,Andhra Pradesh,India
google_maps,MALIK+JEWELLERY,MALIK JEWELLERY,Jewellery,Retail,"Jewelry store · 17-77/6, New Sanath Nagar Ln",091778 40173,,,0,OPERATIONAL,,,,Vijayawada,Andhra Pradesh,India
google_maps,Kanishka+Jewellers,Kanishka Jewellers,Jewellery,Retail,"Vijayawada, Andhra Pradesh",,,4.4,5,OPERATIONAL,,,,Vijayawada,Andhra Pradesh,India
google_maps,Sree+Divya+Jewellers,Sree Divya Jewellers,Jewellery,Retail,"Vijayawada, Andhra Pradesh",,,5.0,1,OPERATIONAL,,,,Vijayawada,Andhra Pradesh,India
google_maps,%E0%B0%97%E0%B0%A3%E0%B1%87%E0%B0%B7%E0%B1%8D+%E0%B0%9C%E0%B0%A8%E0%B0%B0%E0%B0%B2%E0%B1%8D+%E0%B0%B8%E0%B1%8D%E0%B0%9F%E0%B1%8B%E0%B0%B0%E0%B1%8D%E0%B0%B8%E0%B1%8D,గణేష్ జనరల్ స్టోర్స్,Jewellery,Retail,"Jewelry store · GM4Q+XHM, GMR Street Line 1",,,,0,OPERATIONAL,,,,Vijayawada,Andhra Pradesh,India
google_maps,MOHAMMAD+FANCY+STORE,MOHAMMAD FANCY STORE,Jewellery,Retail,"Vijayawada, Andhra Pradesh",,,,0,OPERATIONAL,,,,Vijayawada,Andhra Pradesh,India
google_maps,Vr+jewellers,Vr jewellers,Jewellery,Retail,"Vijayawada, Andhra Pradesh",,,5.0,1,OPERATIONAL,,,,Vijayawada,Andhra Pradesh,India
google_maps,Threadyknotts,Threadyknotts,Jewellery,Retail,"Vijayawada, Andhra Pradesh",,,5.0,6,OPERATIONAL,,,,Vijayawada,Andhra Pradesh,India
google_maps,"Style+Union+-+Kanuru+Road,+Vijayawada","Style Union - Kanuru Road, Vijayawada",Jewellery,Retail,"Clothing store · Ward 14, YSR Tadigadapa, RS No 222/1, Door No 14-11-344, Ashok Nagar, Revenue, nearby Cinepolis",,,4.9,4775,OPERATIONAL,,,,Vijayawada,Andhra Pradesh,India
google_maps,U.+V.+Collections,U. V. Collections,Jewellery,Retail,"Vijayawada, Andhra Pradesh",,,5.0,7,OPERATIONAL,,,,Vijayawada,Andhra Pradesh,India
google_maps,Maguva,Maguva,Jewellery,Retail,"Cosmetics store · FMPP+7P9, SUNKARA COMPLEX, PANTAKALUVA ROAD - KANURU JUNCTION, Main Rd",,,4.8,59,OPERATIONAL,,,,Vijayawada,Andhra Pradesh,India
google_maps,Padmavathi+Imitation+Jewellery+And+Fancy,Padmavathi Imitation Jewellery And Fancy,Jewellery,Retail,"Vijayawada, Andhra Pradesh",,,,0,OPERATIONAL,,,,Vijayawada,Andhra Pradesh,India
google_maps,Sri+Rama+Swamy+Jewellery,Sri Rama Swamy Jewellery,Jewellery,Retail,"Jewelry store · Old Check Post, opposite Service Company",,,,0,OPERATIONAL,,,,Vijayawada,Andhra Pradesh,India
google_maps,Kumaran+Finance,Kumaran Finance,Jewellery,Retail,"Pawn shop · #30-22-80,G2A,KP Tower,Seetharampuram,Eluru Road",,,5.0,1,OPERATIONAL,,,,Vijayawada,Andhra Pradesh,India
google_maps,Manappuram+Gold,Manappuram Gold,Jewellery,Retail,"Vijayawada, Andhra Pradesh",,,2.6,5,OPERATIONAL,,,,Vijayawada,Andhra Pradesh,India
google_maps,Pawn+Shop,Pawn Shop,Jewellery,Retail,"Vijayawada, Andhra Pradesh",,,,0,OPERATIONAL,,,,Vijayawada,Andhra Pradesh,India
google_maps,Swayambhu+Jewellers,Swayambhu Jewellers,Jewellery,Retail,"Vijayawada, Andhra Pradesh",,,4.8,63,OPERATIONAL,,,,Vijayawada,Andhra Pradesh,India
google_maps,VENKATA+KRISHNA+SILVER+AND+GEMS,VENKATA KRISHNA SILVER AND GEMS,Jewellery,Retail,"Vijayawada, Andhra Pradesh",097033 15151,,5.0,1,OPERATIONAL,,,,Vijayawada,Andhra Pradesh,India
google_maps,"Manisha+Jewellery+Works,Silver+House","Manisha Jewellery Works,Silver House",Jewellery,Retail,"Jewelry store · HIG -278, opposite Bhavanipuram police station",,,5.0,14,OPERATIONAL,,,,Vijayawada,Andhra Pradesh,India
google_maps,Trinity+LS+Shine+Co.,Trinity LS Shine Co.,Jewellery,Retail,"Vijayawada, Andhra Pradesh",,,,0,OPERATIONAL,,,,Vijayawada,Andhra Pradesh,India
google_maps,Sri+Bhargava+Jewellers,Sri Bhargava Jewellers,Jewellery,Retail,"Jewelry store · Cromby road, Swathi Theatre Rd, beside Ramraj cotton",,,4.0,1,OPERATIONAL,,,,Vijayawada,Andhra Pradesh,India
google_maps,KALIMATA+JEWELLERS,KALIMATA JEWELLERS,Jewellery,Retail,"Vijayawada, Andhra Pradesh",,,3.0,2,OPERATIONAL,,,,Vijayawada,Andhra Pradesh,India
google_maps,Khamuru,Khamuru,Jewellery,Retail,"Jewelry store · GHFV+W8V, Nagarjuna St",,,5.0,1,OPERATIONAL,,,,Vijayawada,Andhra Pradesh,India
google_maps,Chandrika+Fancy+Jewellery,Chandrika Fancy Jewellery,Jewellery,Retail,"Vijayawada, Andhra Pradesh",,,,0,OPERATIONAL,,,,Vijayawada,Andhra Pradesh,India
google_maps,FASHION+JEWELLERY+STORE,FASHION JEWELLERY STORE,Jewellery,Retail,"Vijayawada, Andhra Pradesh",,,,0,OPERATIONAL,,,,Vijayawada,Andhra Pradesh,India
google_maps,GOLD+SILVER+SURYAM+JEWELLERY,GOLD SILVER SURYAM JEWELLERY,Jewellery,Retail,"Vijayawada, Andhra Pradesh",,,,0,OPERATIONAL,,,,Vijayawada,Andhra Pradesh,India
google_maps,Kotapati+Complex,Kotapati Complex,Jewellery,Retail,"Vijayawada, Andhra Pradesh",,,,0,OPERATIONAL,,,,Vijayawada,Andhra Pradesh,India
google_maps,Pratika+Fancy+Stores,Pratika Fancy Stores,Jewellery,Retail,Jewelry store ·  · near Rythubazar Road,,,4.0,88,OPERATIONAL,,,,Vijayawada,Andhra Pradesh,India
google_maps,%E0%B0%AC%E0%B0%BF%E0%B0%B8%E0%B1%8D%E0%B0%AE%E0%B0%BF%E0%B0%B2%E0%B1%8D%E0%B0%B2%E0%B0%BE+%E0%B0%AB%E0%B0%BE%E0%B0%A8%E0%B1%8D%E0%B0%B8%E0%B1%80+%E0%B0%97%E0%B0%BF%E0%B0%AB%E0%B1%8D%E0%B0%9F%E0%B1%8D+%E0%B0%95%E0%B0%BE%E0%B0%B0%E0%B1%8D%E0%B0%A8%E0%B0%B0%E0%B1%8D,బిస్మిల్లా ఫాన్సీ గిఫ్ట్ కార్నర్,Jewellery,Retail,"Vijayawada, Andhra Pradesh",,,,0,OPERATIONAL,,,,Vijayawada,Andhra Pradesh,India
google_maps,Bhagyasri+Enterprises,Bhagyasri Enterprises,Jewellery,Retail,"Vijayawada, Andhra Pradesh",,,5.0,3,OPERATIONAL,,,,Vijayawada,Andhra Pradesh,India
google_maps,Aishwarya+Fancy+Stores+%26+Stationery,Aishwarya Fancy Stores & Stationery,Jewellery,Retail,"Jeweler ·  · D.No.76-8-8/2, Shop No.76-8-7, Bhavanipuram Housing Board Rd, Cramway Road, Swathi Road",,,4.2,16,OPERATIONAL,,,,Vijayawada,Andhra Pradesh,India
google_maps,SRI+SAI+RAM+FANCY+AND+GENERAL,SRI SAI RAM FANCY AND GENERAL,Jewellery,Retail,"Vijayawada, Andhra Pradesh",,,,0,OPERATIONAL,,,,Vijayawada,Andhra Pradesh,India
google_maps,%E0%B0%95%E0%B0%B0%E0%B1%80%E0%B0%AE%E0%B1%81%E0%B0%B2%E0%B1%8D%E0%B0%B2%E0%B0%BE+%E0%B0%AC%E0%B0%BF%E0%B0%B0%E0%B1%8D%E0%B0%AF%E0%B0%BE%E0%B0%A8%E0%B1%80+%26+%E0%B0%95%E0%B0%BF%E0%B0%9A%E0%B0%BF%E0%B0%A1%E0%B0%BF,కరీముల్లా బిర్యానీ & కిచిడి,Jewellery,Retail,"Vijayawada, Andhra Pradesh",,,,0,OPERATIONAL,,,,Vijayawada,Andhra Pradesh,India
google_maps,MALLURI+JEWELLERS,MALLURI JEWELLERS,Jewellery,Retail,"Goldsmith · Bank centre, opposite AXIS bank , kondapalli",,,4.8,22,OPERATIONAL,,,,Vijayawada,Andhra Pradesh,India
google_maps,Kgn+Fancy,Kgn Fancy,Jewellery,Retail,"Cosmetics store · Saida Complex, 8-136, Masjid Street",,,1.0,1,OPERATIONAL,,,,Vijayawada,Andhra Pradesh,India
google_maps,meghanabridalbangles,meghanabridalbangles,Jewellery,Retail,"Vijayawada, Andhra Pradesh",,,,0,OPERATIONAL,,,,Vijayawada,Andhra Pradesh,India
google_maps,Maruthi+Traders,Maruthi Traders,Jewellery,Retail,"General store · Shop Number 2/27, Mahatma Gandhi Commercial Complex, Vijayawada Bypass Rd",,,1.0,1,OPERATIONAL,,,,Vijayawada,Andhra Pradesh,India
google_maps,GLOW+%26+GOLD+Salon+%26+TATTOOS,GLOW & GOLD Salon & TATTOOS,Jewellery,Retail,"Vijayawada, Andhra Pradesh",,,4.8,98,OPERATIONAL,,,,Vijayawada,Andhra Pradesh,India
google_maps,AAKRUTI+BHAVANIPURAM,AAKRUTI BHAVANIPURAM,Jewellery,Retail,"Vijayawada, Andhra Pradesh",,,4.4,271,OPERATIONAL,,,,Vijayawada,Andhra Pradesh,India
google_maps,Lakshmi+Anvitha+Fancy+And+General+Stores,Lakshmi Anvitha Fancy And General Stores,Jewellery,Retail,"Vijayawada, Andhra Pradesh",,,4.3,3,OPERATIONAL,,,,Vijayawada,Andhra Pradesh,India
google_maps,MANIKANTHA+JEWLERY+WORKS,MANIKANTHA JEWLERY WORKS,Jewellery,Retail,"Vijayawada, Andhra Pradesh",,,,0,OPERATIONAL,,,,Vijayawada,Andhra Pradesh,India
google_maps,netra+shine,netra shine,Jewellery,Retail,"Vijayawada, Andhra Pradesh",,,,0,OPERATIONAL,,,,Vijayawada,Andhra Pradesh,India
google_maps,Shivam+Hardware+Vijayawada+Kaveri+Gold+%C2%AE,Shivam Hardware Vijayawada Kaveri Gold ®,Jewellery,Retail,"Hardware store · 76-8-19 a, Convent St, near Vijay Digital Back Side",,,4.6,60,OPERATIONAL,,,,Vijayawada,Andhra Pradesh,India
google_maps,Vijaya+Steel+Corporation+%28VIZAG+AND+SIMHADRI+DISTRIBUTOR%29,Vijaya Steel Corporation (VIZAG AND SIMHADRI DISTRIBUTOR),Jewellery,Retail,"Vijayawada, Andhra Pradesh",,,4.8,201,OPERATIONAL,,,,Vijayawada,Andhra Pradesh,India
google_maps,Jaya+Electricals,Jaya Electricals,Jewellery,Retail,"Electrical supply store · No 76-14-169, Door, Swathi Theather Road",,,4.7,65,OPERATIONAL,,,,Vijayawada,Andhra Pradesh,India
google_maps,IIFL+Gold+Loan,IIFL Gold Loan,Jewellery,Retail,"Loan agency · 1st Flr, Sivalayam Center, DN 76/8/10/3, Swathi Theatre Rd, opposite Alpha Food Court",,,4.9,107,OPERATIONAL,,,,Vijayawada,Andhra Pradesh,India
google_maps,Artist+Gold+Paints+Pvt.+Ltd.,Artist Gold Paints Pvt. Ltd.,Jewellery,Retail,"Paint Manufacturer ·  · D.No.9-4/1, Artist Mansion, Panchayati Office Road",,,5.0,4,OPERATIONAL,,,,Vijayawada,Andhra Pradesh,India
google_maps,Gifts+World,Gifts World,Jewellery,Retail,"Gift shop · bus Stop, D-No 75-12-30, Hyderabad - Vijayawada Hwy",,,4.8,17,OPERATIONAL,,,,Vijayawada,Andhra Pradesh,India
google_maps,M%2Fs+TYRE+WORLD+CEAT+SHOPPE+BRANCH,M/s TYRE WORLD CEAT SHOPPE BRANCH,Jewellery,Retail,"Tire shop ·  · GHVJ+53F, Main Road Center",,,4.9,312,OPERATIONAL,,,,Vijayawada,Andhra Pradesh,India
google_maps,BHASKAR+STEEL+CORPORATION,BHASKAR STEEL CORPORATION,Jewellery,Retail,"Vijayawada, Andhra Pradesh",,,4.9,107,OPERATIONAL,,,,Vijayawada,Andhra Pradesh,India
google_maps,Gold+Medal+Switches+%26+Systems,Gold Medal Switches & Systems,Jewellery,Retail,"Vijayawada, Andhra Pradesh",,,5.0,1,OPERATIONAL,,,,Vijayawada,Andhra Pradesh,India
google_maps,Saanvi+Trendz,Saanvi Trendz,Jewellery,Retail,"Vijayawada, Andhra Pradesh",,,4.3,31,OPERATIONAL,,,,Vijayawada,Andhra Pradesh,India
google_maps,Muthoot+Finance+Gold+Loan,Muthoot Finance Gold Loan,Jewellery,Retail,"Loan agency ·  · First Floor, No.76-8-10/1, Bhavanipuram Housing Board Rd, opposite Lenskart.com",,,4.7,73,OPERATIONAL,,,,Vijayawada,Andhra Pradesh,India
google_maps,Sri+vastra+boutique+%26+jewellery,Sri vastra boutique & jewellery,Jewellery,Retail,"Vijayawada, Andhra Pradesh",,,5.0,1,OPERATIONAL,,,,Vijayawada,Andhra Pradesh,India
google_maps,Suryam+Fancy+%26+Kirana+Stores,Suryam Fancy & Kirana Stores,Jewellery,Retail,"Vijayawada, Andhra Pradesh",,,,0,OPERATIONAL,,,,Vijayawada,Andhra Pradesh,India
google_maps,Laasya+Boutique+%26+Fashion+Jewellers,Laasya Boutique & Fashion Jewellers,Jewellery,Retail,"Vijayawada, Andhra Pradesh",,,,0,OPERATIONAL,,,,Vijayawada,Andhra Pradesh,India
google_maps,Rajaputana+Jewellers,Rajaputana Jewellers,Jewellery,Retail,"Vijayawada, Andhra Pradesh",,,4.5,8,OPERATIONAL,,,,Vijayawada,Andhra Pradesh,India
google_maps,ANDHRA+JEWELLERY,ANDHRA JEWELLERY,Jewellery,Retail,"Vijayawada, Andhra Pradesh",,,3.5,2,OPERATIONAL,,,,Vijayawada,Andhra Pradesh,India
google_maps,BAJRANG+GOLD+AND+DIAMONDS,BAJRANG GOLD AND DIAMONDS,Jewellery,Retail,"Vijayawada, Andhra Pradesh",,,5.0,4,OPERATIONAL,,,,Vijayawada,Andhra Pradesh,India
google_maps,Avicena+Silvara,Avicena Silvara,Jewellery,Retail,"Jewelry store · Babu complex, 8-8-1/2, Umar Alisha St, near Shahi Masjid Street",,,4.9,11,OPERATIONAL,,,,Vijayawada,Andhra Pradesh,India
google_maps,R+R+FASHIONS,R R FASHIONS,Jewellery,Retail,"Vijayawada, Andhra Pradesh",,,5.0,1,OPERATIONAL,,,,Vijayawada,Andhra Pradesh,India
google_maps,Anitha+fancy+store,Anitha fancy store,Jewellery,Retail,"Vijayawada, Andhra Pradesh",,,,0,OPERATIONAL,,,,Vijayawada,Andhra Pradesh,India
google_maps,Vijayawa+Rental+Jewellers,Vijayawa Rental Jewellers,Jewellery,Retail,"Vijayawada, Andhra Pradesh",,,5.0,3,OPERATIONAL,,,,Vijayawada,Andhra Pradesh,India
google_maps,EthnicLadiesFashion,EthnicLadiesFashion,Jewellery,Retail,"Vijayawada, Andhra Pradesh",,,,0,OPERATIONAL,,,,Vijayawada,Andhra Pradesh,India
google_maps,Sai+Chandana+Jewellers+and+Works,Sai Chandana Jewellers and Works,Jewellery,Retail,"Vijayawada, Andhra Pradesh",,,5.0,1,OPERATIONAL,,,,Vijayawada,Andhra Pradesh,India
google_maps,Sri+Balaji+Durga+Bhavani+Fancy+and+Congan+Hall,Sri Balaji Durga Bhavani Fancy and Congan Hall,Jewellery,Retail,"Vijayawada, Andhra Pradesh",,,5.0,3,OPERATIONAL,,,,Vijayawada,Andhra Pradesh,India
google_maps,GAYATRI+FANCY,GAYATRI FANCY,Jewellery,Retail,"Vijayawada, Andhra Pradesh",097005 32588,,,0,OPERATIONAL,,,,Vijayawada,Andhra Pradesh,India
google_maps,Sri+Nagendra+Communications+and+Fancy,Sri Nagendra Communications and Fancy,Jewellery,Retail,"Vijayawada, Andhra Pradesh",,,5.0,1,OPERATIONAL,,,,Vijayawada,Andhra Pradesh,India
google_maps,ACJ+GOLD,ACJ GOLD,Jewellery,Retail,"Vijayawada, Andhra Pradesh",096404 42001,,4.0,1,OPERATIONAL,,,,Vijayawada,Andhra Pradesh,India
google_maps,S+R+Gold,S R Gold,Jewellery,Retail,"Vijayawada, Andhra Pradesh",,,5.0,1,OPERATIONAL,,,,Vijayawada,Andhra Pradesh,India
google_maps,YOKSH,YOKSH,Jewellery,Retail,"Vijayawada, Andhra Pradesh",,,4.4,5,OPERATIONAL,,,,Vijayawada,Andhra Pradesh,India
google_maps,M+R+Dai+Cutting+Works,M R Dai Cutting Works,Jewellery,Retail,"Vijayawada, Andhra Pradesh",096409 40379,,4.3,6,OPERATIONAL,,,,Vijayawada,Andhra Pradesh,India
google_maps,Gold+Master,Gold Master,Jewellery,Retail,"Vijayawada, Andhra Pradesh",063047 57692,,,0,OPERATIONAL,,,,Vijayawada,Andhra Pradesh,India
google_maps,Nirmala+Daimond+Hall,Nirmala Daimond Hall,Jewellery,Retail,"Vijayawada, Andhra Pradesh",,,4.3,3,OPERATIONAL,,,,Vijayawada,Andhra Pradesh,India
google_maps,Sri+Srinivasa+gold+works,Sri Srinivasa gold works,Jewellery,Retail,"Vijayawada, Andhra Pradesh",,,,0,OPERATIONAL,,,,Vijayawada,Andhra Pradesh,India
google_maps,Rishithas+Bentex+%26+1+Gm+Jewellery+Shop,Rishithas Bentex & 1 Gm Jewellery Shop,Jewellery,Retail,"Wholesale jeweler · # Mig -2, Block No 17-1,H. B. Colony, Bhavanipuram, Vijayawada",,,3.9,10,OPERATIONAL,,,,Vijayawada,Andhra Pradesh,India
google_maps,Bharat+Gold+Byers,Bharat Gold Byers,Jewellery,Retail,"Vijayawada, Andhra Pradesh",,,,0,OPERATIONAL,,,,Vijayawada,Andhra Pradesh,India
google_maps,Rishabh+Jewellers,Rishabh Jewellers,Jewellery,Retail,"Jeweler · Shop No.11-57-32, Moulapanja Lane Near Hotel Anjaneya Vilas Vijayawada -1, Sivalayam St",,,4.5,4,OPERATIONAL,,,,Vijayawada,Andhra Pradesh,India
google_maps,Sai+Baba+Jewellery,Sai Baba Jewellery,Jewellery,Retail,"Vijayawada, Andhra Pradesh",,,4.3,15,OPERATIONAL,,,,Vijayawada,Andhra Pradesh,India
google_maps,Bhagavathi+Jewellers,Bhagavathi Jewellers,Jewellery,Retail,"Vijayawada, Andhra Pradesh",,,4.9,7,OPERATIONAL,,,,Vijayawada,Andhra Pradesh,India
google_maps,M+K+JEWELLERS,M K JEWELLERS,Jewellery,Retail,"Vijayawada, Andhra Pradesh",,,5.0,1,OPERATIONAL,,,,Vijayawada,Andhra Pradesh,India
google_maps,Vijayawada+gems+Laboratory,Vijayawada gems Laboratory,Jewellery,Retail,Vijayawada gems Laboratory,,,4.9,22,OPERATIONAL,,,,Vijayawada,Andhra Pradesh,India
google_maps,Sri+Swathi+Jewellery,Sri Swathi Jewellery,Jewellery,Retail,"Vijayawada, Andhra Pradesh",,,5.0,4,OPERATIONAL,,,,Vijayawada,Andhra Pradesh,India
google_maps,MAA+BHAVANI+BANGLES+STORE,MAA BHAVANI BANGLES STORE,Jewellery,Retail,"Vijayawada, Andhra Pradesh",,,,0,OPERATIONAL,,,,Vijayawada,Andhra Pradesh,India
google_maps,SRI+DHANALAKSHMI+FANCY,SRI DHANALAKSHMI FANCY,Jewellery,Retail,"Clothing store · 75-12-18, Near, Swathi Theatre Rd",,,,0,OPERATIONAL,,,,Vijayawada,Andhra Pradesh,India
google_maps,Streeva+by+Nita,Streeva by Nita,Jewellery,Retail,"Vijayawada, Andhra Pradesh",,,5.0,2,OPERATIONAL,,,,Vijayawada,Andhra Pradesh,India
google_maps,SAI+BALAJI+JEWELLERS,SAI BALAJI JEWELLERS,Jewellery,Retail,"Vijayawada, Andhra Pradesh",094938 01245,,5.0,1,OPERATIONAL,,,,Vijayawada,Andhra Pradesh,India
google_maps,Shahul+Jewellery+Works,Shahul Jewellery Works,Jewellery,Retail,"Vijayawada, Andhra Pradesh",,,5.0,2,OPERATIONAL,,,,Vijayawada,Andhra Pradesh,India
google_maps,SATYA+JEWELLERY,SATYA JEWELLERY,Jewellery,Retail,Jewelry store · pipula Road,,,4.0,2,OPERATIONAL,,,,Vijayawada,Andhra Pradesh,India
google_maps,Vinayaka+Matchings+%26+Boutique+%26+Jewellery,Vinayaka Matchings & Boutique & Jewellery,Jewellery,Retail,"Vijayawada, Andhra Pradesh",,,5.0,29,OPERATIONAL,,,,Vijayawada,Andhra Pradesh,India
google_maps,Leenas+Panchaloham+Jewellery+Store,Leenas Panchaloham Jewellery Store,Jewellery,Retail,"Vijayawada, Andhra Pradesh",081064 56019,,5.0,3,OPERATIONAL,,,,Vijayawada,Andhra Pradesh,India
google_maps,Chinni+Fancy,Chinni Fancy,Jewellery,Retail,"Jeweler · # 21-3-17, Bhagath Singh Nagar Road, Muthyalampadu, near Govt. Press",,,4.8,6,OPERATIONAL,,,,Vijayawada,Andhra Pradesh,India
google_maps,Ravindra+jewellry+mart,Ravindra jewellry mart,Jewellery,Retail,"Vijayawada, Andhra Pradesh",,,5.0,2,OPERATIONAL,,,,Vijayawada,Andhra Pradesh,India
google_maps,YL+Jewellers,YL Jewellers,Jewellery,Retail,"Vijayawada, Andhra Pradesh",,,5.0,7,OPERATIONAL,,,,Vijayawada,Andhra Pradesh,India
google_maps,Sri+Sai+silver,Sri Sai silver,Jewellery,Retail,"Jeweler · no 54-14/8-25a, D, 5th Cross Rd, near Novotel",,,,0,OPERATIONAL,,,,Vijayawada,Andhra Pradesh,India
google_maps,Venus+silver+palace,Venus silver palace,Jewellery,Retail,"Vijayawada, Andhra Pradesh",,,4.0,4,OPERATIONAL,,,,Vijayawada,Andhra Pradesh,India
google_maps,Prime+Jewel+City,Prime Jewel City,Jewellery,Retail,"Jewelry store ·  · beside Inner Ring Road, near Ambitus international school",,,5.0,6,OPERATIONAL,,,,Vijayawada,Andhra Pradesh,India
google_maps,Shine+Diamonds+Vijayawada,Shine Diamonds Vijayawada,Jewellery,Retail,"Jewelry store · Shop no B, Maruthi Towers, 405-2, Tikkle Rd, opp. Vani Sweets, near DV Manor Hotel Out Gate",,,,0,OPERATIONAL,,,,Vijayawada,Andhra Pradesh,India
google_maps,J+P+Diamonds,J P Diamonds,Jewellery,Retail,"Diamond Merchant · Shop No.87, Swarnalok Complex, Kaleswararao Rd, opposite to Apsara Theatre",,,5.0,4,OPERATIONAL,,,,Vijayawada,Andhra Pradesh,India
google_maps,JYOTHI+BENTEX,JYOTHI BENTEX,Jewellery,Retail,"Jewelry store · Shop No 77-1/1-3A,PRAKASH NAGAR, near Andhra Bank",,,,0,OPERATIONAL,,,,Vijayawada,Andhra Pradesh,India
google_maps,Sree+Kala+Fancy+Stores,Sree Kala Fancy Stores,Jewellery,Retail,"Jeweler ·  · # 42-47-12, MK Baigh Road, Luna Centre, Ajith Singh Nagar",,,4.2,5,OPERATIONAL,,,,Vijayawada,Andhra Pradesh,India
google_maps,Vijayalakshmi+fancy+and+bentex,Vijayalakshmi fancy and bentex,Jewellery,Retail,"Vijayawada, Andhra Pradesh",,,,0,OPERATIONAL,,,,Vijayawada,Andhra Pradesh,India
google_maps,Sri+Srinivasa+fancy+%26+Embroidery,Sri Srinivasa fancy & Embroidery,Jewellery,Retail,"Vijayawada, Andhra Pradesh",,,3.0,1,OPERATIONAL,,,,Vijayawada,Andhra Pradesh,India
google_maps,Samavi+collections,Samavi collections,Jewellery,Retail,"Vijayawada, Andhra Pradesh",,,,0,OPERATIONAL,,,,Vijayawada,Andhra Pradesh,India
google_maps,Lalithafancy,Lalithafancy,Jewellery,Retail,"Vijayawada, Andhra Pradesh",,,,0,OPERATIONAL,,,,Vijayawada,Andhra Pradesh,India
google_maps,Anjali+Bentex+and+Fancy+Store,Anjali Bentex and Fancy Store,Jewellery,Retail,"Bangle Shop · Disney Land Road, opposite H1 Block",,,,0,OPERATIONAL,,,,Vijayawada,Andhra Pradesh,India
google_maps,DC+Collections,DC Collections,Jewellery,Retail,Jewelry store · road,,,,0,OPERATIONAL,,,,Vijayawada,Andhra Pradesh,India
google_maps,VSL+FASHION+JEWELS,VSL FASHION JEWELS,Jewellery,Retail,"Jewelry store · 21-10/5-55/8A, Sri Nagar Colony, Street No. 5",,,,0,OPERATIONAL,,,,Vijayawada,Andhra Pradesh,India
google_maps,Lakshmi+collections,Lakshmi collections,Jewellery,Retail,"Vijayawada, Andhra Pradesh",,,4.7,3,OPERATIONAL,,,,Vijayawada,Andhra Pradesh,India
google_maps,Nidhi%27s+Rental+Jewellery,Nidhi's Rental Jewellery,Jewellery,Retail,"Vijayawada, Andhra Pradesh",,,,0,OPERATIONAL,,,,Vijayawada,Andhra Pradesh,India
google_maps,Jyothi+Bentex+Jewellery+%26+Fancy,Jyothi Bentex Jewellery & Fancy,Jewellery,Retail,"Costume jewelry shop · Dno : 42, 2-25, Dabakotlu road",,,5.0,2,OPERATIONAL,,,,Vijayawada,Andhra Pradesh,India
google_maps,Fashion+Jewellery,Fashion Jewellery,Jewellery,Retail,"Vijayawada, Andhra Pradesh 520008",,,,0,OPERATIONAL,,,,Vijayawada,Andhra Pradesh,India
google_maps,Kotharis+Jewellers+Vijayawada,Kotharis Jewellers Vijayawada,Jewellery,Retail,Kotharis Jewellers Vijayawada,,,3.9,11,OPERATIONAL,,,,Vijayawada,Andhra Pradesh,India
google_maps,srimahalakshmi+jewellary+mart,srimahalakshmi jewellary mart,Jewellery,Retail,"Goldsmith · ajithsingh nagar near pieple road 77, 16-44",,,,0,OPERATIONAL,,,,Vijayawada,Andhra Pradesh,India
google_maps,Rajasthan+Supplying+Agencies,Rajasthan Supplying Agencies,Jewellery,Retail,"Vijayawada, Andhra Pradesh",,,4.7,41,OPERATIONAL,,,,Vijayawada,Andhra Pradesh,India
google_maps,%F0%9D%98%BC%F0%9D%99%8D%F0%9D%99%84%F0%9D%99%83%F0%9D%98%BC%F0%9D%99%89%F0%9D%99%8F+%F0%9D%99%82%F0%9D%99%84%F0%9D%99%81%F0%9D%99%8F%F0%9D%99%8E,𝘼𝙍𝙄𝙃𝘼𝙉𝙏 𝙂𝙄𝙁𝙏𝙎,Jewellery,Retail,"Gift shop · 11-1-11, Ratnam Market, Shop No.7, Beside Chitturi Complex Opp vmc water tank 1town raghvendra bombay cycle shopnear, behind SBI Bank, behind Chitturi Complex",,,4.7,123,OPERATIONAL,,,,Vijayawada,Andhra Pradesh,India
google_maps,Solanki+Fancy+Stores,Solanki Fancy Stores,Jewellery,Retail,"Furniture store · 11, 11, Pulipativari St, near sulbha complex",,,3.5,2,OPERATIONAL,,,,Vijayawada,Andhra Pradesh,India
google_maps,Santhi+bangles,Santhi bangles,Jewellery,Retail,"Vijayawada, Andhra Pradesh",,,,0,OPERATIONAL,,,,Vijayawada,Andhra Pradesh,India
google_maps,Maharani+Novelties,Maharani Novelties,Jewellery,Retail,"Novelty store · Shop No. 57, 1st Floor, K B N Complex, Bhavannarayan Street",,,,0,OPERATIONAL,,,,Vijayawada,Andhra Pradesh,India
google_maps,nalas,nalas,Jewellery,Retail,"Vijayawada, Andhra Pradesh",,,,0,OPERATIONAL,,,,Vijayawada,Andhra Pradesh,India
google_maps,Jyothi+classy+collection,Jyothi classy collection,Jewellery,Retail,"Vijayawada, Andhra Pradesh",,,3.0,2,OPERATIONAL,,,,Vijayawada,Andhra Pradesh,India
merged,KALANIKETHAN;Kalanikethan,KALANIKETHAN,Jewellery,Retail,"Clothing store · 40-1-1, MG Rd, near Chennapati Petrol Bunk",,,4.1,2733,OPERATIONAL,,,,Vijayawada,Andhra Pradesh,India
google_maps,Ashok+nagar+Vijayawada,Ashok nagar Vijayawada,Jewellery,Retail,Ashok nagar Vijayawada,,,2.0,2,OPERATIONAL,,,,Vijayawada,Andhra Pradesh,India
google_maps,Harshini+mutation+jewellers,Harshini mutation jewellers,Jewellery,Retail,"Vijayawada, Andhra Pradesh",,,5.0,3,OPERATIONAL,,,,Vijayawada,Andhra Pradesh,India
google_maps,AL-MAHABOOB+BODY+BUILDING+WORKS,AL-MAHABOOB BODY BUILDING WORKS,Jewellery,Retail,"Vijayawada, Andhra Pradesh",,,5.0,1,OPERATIONAL,,,,Vijayawada,Andhra Pradesh,India
google_maps,Annapurna+Battery+%26+Electrical+Works,Annapurna Battery & Electrical Works,Jewellery,Retail,"Battery Wholesaler · door number 55-3-23, plot, 50, 2nd Rd, near pantakalava road",,,5.0,595,OPERATIONAL,,,,Vijayawada,Andhra Pradesh,India
google_maps,The+Star+Best+Packers+And+Movers+Vijayawada,The Star Best Packers And Movers Vijayawada,Jewellery,Retail,"Transportation service ·  · Kaleswari Complex, 55-1-29, Sai Hotel Center, 2nd Cross, Auto Nagar 100 Feet Rd",,,4.9,115,OPERATIONAL,,,,Vijayawada,Andhra Pradesh,India
google_maps,Swapna+1gram+gold,Swapna 1gram gold,Jewellery,Retail,"Vijayawada, Andhra Pradesh",096763 13986,,5.0,1,OPERATIONAL,,,,Vijayawada,Andhra Pradesh,India
google_maps,Deepak+Diamonds,Deepak Diamonds,Jewellery,Retail,"Jewelry store · #59-13-33,2nd Floor,Upstairs Swarnandra Creations,1st Lane, Gayatri Nagar Main Rd",,,5.0,4,OPERATIONAL,,,,Vijayawada,Andhra Pradesh,India
google_maps,Sri+Sai+Jewellery%27S,Sri Sai Jewellery'S,Jewellery,Retail,"Vijayawada, Andhra Pradesh",,,,0,OPERATIONAL,,,,Vijayawada,Andhra Pradesh,India
google_maps,Latha+hand+made+jewellery,Latha hand made jewellery,Jewellery,Retail,"Vijayawada, Andhra Pradesh",,,,0,OPERATIONAL,,,,Vijayawada,Andhra Pradesh,India
google_maps,Sweet+Way,Sweet Way,Jewellery,Retail,"Vijayawada, Andhra Pradesh",,,4.5,2450,OPERATIONAL,,,,Vijayawada,Andhra Pradesh,India
google_maps,"Evergreens+Group+%7C+Open+%26+Villa+Plots+In+Vijayawada,+Machilipatnam,+Guntur","Evergreens Group | Open & Villa Plots In Vijayawada, Machilipatnam, Guntur",Jewellery,Retail,"Real Estate Builders & Construction Company ·  · No.59/A-21/5-25, Gokaley House D, 2nd floor, Guru Nanak Colony Road",,,4.6,47,OPERATIONAL,,,,Vijayawada,Andhra Pradesh,India
google_maps,SRI+KANAKA+DURGA+JEWELLERYS,SRI KANAKA DURGA JEWELLERYS,Jewellery,Retail,"Vijayawada, Andhra Pradesh",,,5.0,5,OPERATIONAL,,,,Vijayawada,Andhra Pradesh,India
google_maps,Sri+Harsha+Jewellry+Works,Sri Harsha Jewellry Works,Jewellery,Retail,"Vijayawada, Andhra Pradesh",,,3.8,8,OPERATIONAL,,,,Vijayawada,Andhra Pradesh,India
google_maps,Sreshta+Dry+fruits+%7C+Sweets+%7C+millets+%7C+cold+pressed+oils+%7C+fancy+items+%7C+Imitation+Jewellery,Sreshta Dry fruits | Sweets | millets | cold pressed oils | fancy items | Imitation Jewellery,Jewellery,Retail,"Vijayawada, Andhra Pradesh",,,5.0,12,OPERATIONAL,,,,Vijayawada,Andhra Pradesh,India
google_maps,Good+simth,Good simth,Jewellery,Retail,Goldsmith · Panchayathi road,,,,0,OPERATIONAL,,,,Vijayawada,Andhra Pradesh,India
google_maps,Sri+Rama+Fancy+%26+General+Stores,Sri Rama Fancy & General Stores,Jewellery,Retail,"Vijayawada, Andhra Pradesh",,,5.0,1,OPERATIONAL,,,,Vijayawada,Andhra Pradesh,India
google_maps,Manogna+Women%27s+World,Manogna Women's World,Jewellery,Retail,"Vijayawada, Andhra Pradesh",073967 16252,,,0,OPERATIONAL,,,,Vijayawada,Andhra Pradesh,India
google_maps,KIRAN+MALLI+FASHIONS,KIRAN MALLI FASHIONS,Jewellery,Retail,"Jewelry store · Naga Sai Homes, MRP Road",083176 16696,,5.0,1,OPERATIONAL,,,,Vijayawada,Andhra Pradesh,India
google_maps,Gunadala+Matha+Shrine,Gunadala Matha Shrine,Jewellery,Retail,"Vijayawada, Andhra Pradesh",,,4.6,4225,OPERATIONAL,,,,Vijayawada,Andhra Pradesh,India
google_maps,Madina+fashions,Madina fashions,Jewellery,Retail,"Vijayawada, Andhra Pradesh",,,4.3,8,OPERATIONAL,,,,Vijayawada,Andhra Pradesh,India
google_maps,YB+FANCY+STORE,YB FANCY STORE,Jewellery,Retail,"Bangle Shop ·  · 18-8, near Masjidstreet",,,,0,OPERATIONAL,,,,Vijayawada,Andhra Pradesh,India
google_maps,SRI+AMBICA+JEWELLERYS+AND+WORKS,SRI AMBICA JEWELLERYS AND WORKS,Jewellery,Retail,"Vijayawada, Andhra Pradesh",,,5.0,1,OPERATIONAL,,,,Vijayawada,Andhra Pradesh,India
google_maps,Mounika+Jewellers,Mounika Jewellers,Jewellery,Retail,"Vijayawada, Andhra Pradesh",,,5.0,2,OPERATIONAL,,,,Vijayawada,Andhra Pradesh,India
google_maps,Sri+Lakshmi+Rajarajeswari+Jewellery,Sri Lakshmi Rajarajeswari Jewellery,Jewellery,Retail,"Vijayawada, Andhra Pradesh",,,5.0,2,OPERATIONAL,,,,Vijayawada,Andhra Pradesh,India
google_maps,GMK+JEWELLERS,GMK JEWELLERS,Jewellery,Retail,"Vijayawada, Andhra Pradesh",,,,0,OPERATIONAL,,,,Vijayawada,Andhra Pradesh,India
google_maps,VR+JEWELLERY,VR JEWELLERY,Jewellery,Retail,Jewelry store · Sri rama chandra nagar,,,,0,OPERATIONAL,,,,Vijayawada,Andhra Pradesh,India
google_maps,Laka+Shopping+Mall,Laka Shopping Mall,Jewellery,Retail,"Jewelry store · GJVR+GWX, Near, pipul road, opp. bhramam gari temple",,,3.9,35,OPERATIONAL,,,,Vijayawada,Andhra Pradesh,India
google_maps,sreearyaanbeads%26jewels,sreearyaanbeads&jewels,Jewellery,Retail,"Vijayawada, Andhra Pradesh",096727 72777,,,0,OPERATIONAL,,,,Vijayawada,Andhra Pradesh,India
google_maps,Wholesale+shop,Wholesale shop,Jewellery,Retail,"Wholesale grocer · Yanamalakuduru lakulu, arch sachivalayam building, main road, beside union bank, opposite ayyappanagar",,,5.0,66,OPERATIONAL,,,,Vijayawada,Andhra Pradesh,India
google_maps,Balaji+Fancy+%26+General+Stores,Balaji Fancy & General Stores,Jewellery,Retail,"Asian grocery store ·  · Near, Sivalayam Temple",,,3.9,7,OPERATIONAL,,,,Vijayawada,Andhra Pradesh,India
google_maps,Madina+Munni+Fancy,Madina Munni Fancy,Jewellery,Retail,"General store · Shop Number 2, 17-246, New Sanath Nagar Ln",,,,0,OPERATIONAL,,,,Vijayawada,Andhra Pradesh,India
google_maps,"BIBA+-+Gayathri+Nagar,+Vijayawada","BIBA - Gayathri Nagar, Vijayawada",Jewellery,Retail,"Clothing Accessories Store · No. 1, VSN Mall, 59-13-34/1/23, Gayatri Nagar Main Rd",,,2.7,3,OPERATIONAL,,,,Vijayawada,Andhra Pradesh,India
google_maps,Angel+Fancy+%26Stationary,Angel Fancy &Stationary,Jewellery,Retail,"Vijayawada, Andhra Pradesh",092847 20703,,,0,OPERATIONAL,,,,Vijayawada,Andhra Pradesh,India
google_maps,Rajasthan+Bangles,Rajasthan Bangles,Jewellery,Retail,"Vijayawada, Andhra Pradesh",,,,0,OPERATIONAL,,,,Vijayawada,Andhra Pradesh,India
google_maps,Muthoot+Money+Gold+Loan,Muthoot Money Gold Loan,Jewellery,Retail,"Loan agency · Frist Floor, No. 7-110, Nuzvid Rd, opposite DTDC Courier Service",,,4.9,17,OPERATIONAL,,,,Vijayawada,Andhra Pradesh,India
google_maps,%E0%B0%AE%E0%B1%81%E0%B0%95%E0%B1%8D%E0%B0%95%E0%B0%BE%E0%B0%AE%E0%B0%B2+%E0%B0%B0%E0%B0%BE%E0%B0%AE%E0%B0%9A%E0%B0%82%E0%B0%A6%E0%B1%8D%E0%B0%B0+%E0%B0%B0%E0%B0%BE%E0%B0%B5%E0%B1%81+%E0%B0%95%E0%B0%BE%E0%B0%82%E0%B0%AA%E0%B1%8D%E0%B0%B2%E0%B1%86%E0%B0%95%E0%B1%8D%E0%B0%B8%E0%B1%8D,ముక్కామల రామచంద్ర రావు కాంప్లెక్స్,Jewellery,Retail,"Vijayawada, Andhra Pradesh",,,,0,OPERATIONAL,,,,Vijayawada,Andhra Pradesh,India
google_maps,PVP+Square,PVP Square,Jewellery,Retail,"Vijayawada, Andhra Pradesh",,,4.3,67383,OPERATIONAL,,,,Vijayawada,Andhra Pradesh,India
google_maps,Randoll+Imitation+Jewellery,Randoll Imitation Jewellery,Jewellery,Retail,"Vijayawada, Andhra Pradesh",,,,0,OPERATIONAL,,,,Vijayawada,Andhra Pradesh,India
google_maps,SKML+GOLD+WORK+SHOP+%28Chinna%29,SKML GOLD WORK SHOP (Chinna),Jewellery,Retail,"Goldsmith · Pavan Palace, A-1, Telugu Talli Flyover, near Station Road",,,4.7,15,OPERATIONAL,,,,Vijayawada,Andhra Pradesh,India
google_maps,Sree+Krishna+Gold+work+training+center,Sree Krishna Gold work training center,Jewellery,Retail,"Goldsmith · 3-2-73/2, Svarangamroad, Kumar Palam Centre",,,5.0,3,OPERATIONAL,,,,Vijayawada,Andhra Pradesh,India
google_maps,Dru+Gold+Private+Limited+-+Gold+Buyers+in+Visakhapatnam,Dru Gold Private Limited - Gold Buyers in Visakhapatnam,Jewellery,Retail,"Jewelry buyer · 1st Floor, Dandu Bazaar, Main Rd, opp. O-OPTEX",,,4.8,210,OPERATIONAL,,,,Vijayawada,Andhra Pradesh,India
google_maps,Aarya+Gold+-+Gold+Buyers+in+Visakhapatnam+I+Andhra+Pradesh,Aarya Gold - Gold Buyers in Visakhapatnam I Andhra Pradesh,Jewellery,Retail,"Gold dealer · Door N0- 9-1-229/1, 2nd Floor Ramatalkies, X, Main Rd, near RTC Complex",,,4.9,242,OPERATIONAL,,,,Vijayawada,Andhra Pradesh,India
google_maps,Attica+Gold+Company+-+Gold+Buyers+in+Visakhapatnam+NAD+Junction,Attica Gold Company - Gold Buyers in Visakhapatnam NAD Junction,Jewellery,Retail,"Jewelry buyer · 58-1-413/2, Road Sivalayam Backside, above DTDC Courier",,,5.0,159,OPERATIONAL,,,,Vijayawada,Andhra Pradesh,India
google_maps,Attica+Gold+Company+-+Gold+Buyers+In+Gajuwaka,Attica Gold Company - Gold Buyers In Gajuwaka,Jewellery,Retail,"Jewelry buyer ·  · above Bank Of Maharashtra, near R.K.Hospital",,,4.9,486,OPERATIONAL,,,,Vijayawada,Andhra Pradesh,India
google_maps,GK+FINANCE+%28Gold+Loans%29,GK FINANCE (Gold Loans),Jewellery,Retail,"Vijayawada, Andhra Pradesh",,,5.0,53,OPERATIONAL,,,,Vijayawada,Andhra Pradesh,India
google_maps,Rent+house,Rent house,Jewellery,Retail,"Vijayawada, Andhra Pradesh",,,5.0,3,OPERATIONAL,,,,Vijayawada,Andhra Pradesh,India
google_maps,Jathin+Gold,Jathin Gold,Jewellery,Retail,"Vijayawada, Andhra Pradesh",,,4.7,14,OPERATIONAL,,,,Vijayawada,Andhra Pradesh,India
google_maps,Sri+Anika+Silvers,Sri Anika Silvers,Jewellery,Retail,"Vijayawada, Andhra Pradesh",,,5.0,20,OPERATIONAL,,,,Vijayawada,Andhra Pradesh,India
google_maps,Sri+Lakshmi+Srinivasa+imitation+jewellery,Sri Lakshmi Srinivasa imitation jewellery,Jewellery,Retail,"Jewelry store · sree seetharama towers, 104, near Living Avenue Road",,,5.0,5,OPERATIONAL,,,,Vijayawada,Andhra Pradesh,India
google_maps,Lakshmi+imitation+jewellery,Lakshmi imitation jewellery,Jewellery,Retail,"Vijayawada, Andhra Pradesh",,,5.0,7,OPERATIONAL,,,,Vijayawada,Andhra Pradesh,India
google_maps,Dattu+gold+work,Dattu gold work,Jewellery,Retail,"Vijayawada, Andhra Pradesh",,,5.0,5,OPERATIONAL,,,,Vijayawada,Andhra Pradesh,India
google_maps,GP+Gold+Works+Prabhakar,GP Gold Works Prabhakar,Jewellery,Retail,"Vijayawada, Andhra Pradesh",,,5.0,4,OPERATIONAL,,,,Vijayawada,Andhra Pradesh,India
google_maps,Sri+Lakshmi+Srinivasa+Rental+Services,Sri Lakshmi Srinivasa Rental Services,Jewellery,Retail,"Real estate agency · Dr.no:41, 30/5-32, MG Rd, near M&M Showroom, beside Street",,,5.0,4,OPERATIONAL,,,,Vijayawada,Andhra Pradesh,India
google_maps,Madhukar+Electricals+Co,Madhukar Electricals Co,Jewellery,Retail,"Vijayawada, Andhra Pradesh",,,4.7,23,OPERATIONAL,,,,Vijayawada,Andhra Pradesh,India
google_maps,L+R+jewellery+Works,L R jewellery Works,Jewellery,Retail,"Vijayawada, Andhra Pradesh",090004 54414,,,0,OPERATIONAL,,,,Vijayawada,Andhra Pradesh,India
google_maps,%E0%B0%AE%E0%B0%B9%E0%B0%BE%E0%B0%B2%E0%B0%95%E0%B1%8D%E0%B0%B7%E0%B1%8D%E0%B0%AE%E0%B1%80+%E0%B0%9C%E0%B1%8D%E0%B0%AF%E0%B1%82%E0%B0%AF%E0%B0%B2%E0%B0%B0%E0%B1%80+%E0%B0%B5%E0%B0%B0%E0%B1%8D%E0%B0%95%E0%B1%8D%E0%B0%B8%E0%B1%8D,మహాలక్ష్మీ జ్యూయలరీ వర్క్స్,Jewellery,Retail,"Vijayawada, Andhra Pradesh",,,5.0,1,OPERATIONAL,,,,Vijayawada,Andhra Pradesh,India
google_maps,Asirvad+Micro+Finance+Ltd+-+Gold+Loan,Asirvad Micro Finance Ltd - Gold Loan,Jewellery,Retail,"Vijayawada, Andhra Pradesh",,,5.0,1,OPERATIONAL,,,,Vijayawada,Andhra Pradesh,India
google_maps,%E0%B0%B6%E0%B1%8D%E0%B0%B0%E0%B1%80+%E0%B0%B0%E0%B0%BE%E0%B0%9C%E0%B1%87%E0%B0%B6%E0%B1%8D%E0%B0%B5%E0%B0%B0%E0%B0%BF+%E0%B0%95%E0%B0%B0%E0%B0%BF+%E0%B0%AA%E0%B0%BE%E0%B0%AF%E0%B0%BF%E0%B0%82%E0%B0%9F%E0%B1%8D,శ్రీ రాజేశ్వరి కరి పాయింట్,Jewellery,Retail,"Vijayawada, Andhra Pradesh",,,5.0,1,OPERATIONAL,,,,Vijayawada,Andhra Pradesh,India
google_maps,LAKSHMI+FANCY+%26+GENERAL+STORES,LAKSHMI FANCY & GENERAL STORES,Jewellery,Retail,"Vijayawada, Andhra Pradesh",,,,0,OPERATIONAL,,,,Vijayawada,Andhra Pradesh,India
google_maps,Maguva+Fashions,Maguva Fashions,Jewellery,Retail,"Women's clothing store · Opposite punitha parel church, beside machavaram police station, kreesturajpuram, pincode 520008Vijayawada",099498 98621,,5.0,54,OPERATIONAL,,,,Vijayawada,Andhra Pradesh,India
google_maps,%E0%B0%B6%E0%B1%8D%E0%B0%B0%E0%B1%80+%E0%B0%AD%E0%B0%B5%E0%B0%BE%E0%B0%A8%E0%B0%BF+%E0%B0%9C%E0%B1%8D%E0%B0%AF%E0%B1%82%E0%B0%AF%E0%B0%B2%E0%B0%B0%E0%B1%80+%26+%E0%B0%B5%E0%B0%B0%E0%B1%8D%E0%B0%95%E0%B1%8D%E0%B0%B8%E0%B1%8D,శ్రీ భవాని జ్యూయలరీ & వర్క్స్,Jewellery,Retail,"Vijayawada, Andhra Pradesh",,,,0,OPERATIONAL,,,,Vijayawada,Andhra Pradesh,India
google_maps,Viswasri+Silver+Jewellery,Viswasri Silver Jewellery,Jewellery,Retail,"Vijayawada, Andhra Pradesh",,,5.0,6,OPERATIONAL,,,,Vijayawada,Andhra Pradesh,India
google_maps,Sri+Ganesh+fancy+store,Sri Ganesh fancy store,Jewellery,Retail,"Vijayawada, Andhra Pradesh",095538 55450,,,0,OPERATIONAL,,,,Vijayawada,Andhra Pradesh,India
google_maps,%E0%B0%B6%E0%B1%8D%E0%B0%B0%E0%B1%80+%E0%B0%A6%E0%B1%81%E0%B0%B0%E0%B1%8D%E0%B0%97%E0%B0%BE%E0%B0%A6%E0%B1%87%E0%B0%B5%E0%B0%BF+%E0%B0%95%E0%B0%B0%E0%B1%8D%E0%B0%B0%E0%B1%80+%E0%B0%AA%E0%B0%BE%E0%B0%AF%E0%B0%BF%E0%B0%82%E0%B0%9F%E0%B1%8D,శ్రీ దుర్గాదేవి కర్రీ పాయింట్,Jewellery,Retail,"Vijayawada, Andhra Pradesh",,,,0,OPERATIONAL,,,,Vijayawada,Andhra Pradesh,India
google_maps,V.R.+Jewellers,V.R. Jewellers,Jewellery,Retail,"Vijayawada, Andhra Pradesh",,,4.5,15,OPERATIONAL,,,,Vijayawada,Andhra Pradesh,India
google_maps,SIVA+SAI+JEWELLERS,SIVA SAI JEWELLERS,Jewellery,Retail,"Vijayawada, Andhra Pradesh",,,4.0,8,OPERATIONAL,,,,Vijayawada,Andhra Pradesh,India
google_maps,Ms+silver+galaxy,Ms silver galaxy,Jewellery,Retail,"Vijayawada, Andhra Pradesh",,,5.0,5,OPERATIONAL,,,,Vijayawada,Andhra Pradesh,India
google_maps,Apsara+Gold+Covering+Jewellery,Apsara Gold Covering Jewellery,Jewellery,Retail,"Vijayawada, Andhra Pradesh",,,4.7,333,OPERATIONAL,,,,Vijayawada,Andhra Pradesh,India
google_maps,Sri+Raghu+Gold+Covering+Works,Sri Raghu Gold Covering Works,Jewellery,Retail,"Vijayawada, Andhra Pradesh",,,4.6,478,OPERATIONAL,,,,Vijayawada,Andhra Pradesh,India
google_maps,Shubh+Jewels,Shubh Jewels,Jewellery,Retail,"Vijayawada, Andhra Pradesh",,,5.0,2,OPERATIONAL,,,,Vijayawada,Andhra Pradesh,India
google_maps,SUDHEER+KT+ONE+GRAM+GOLD,SUDHEER KT ONE GRAM GOLD,Jewellery,Retail,"Vijayawada, Andhra Pradesh",,,4.7,1714,OPERATIONAL,,,,Vijayawada,Andhra Pradesh,India
google_maps,SUJATHA+GOLD+COVERING+WORKS,SUJATHA GOLD COVERING WORKS,Jewellery,Retail,"Vijayawada, Andhra Pradesh",,,4.7,3608,OPERATIONAL,,,,Vijayawada,Andhra Pradesh,India
google_maps,GBR+One+Gram+Gold,GBR One Gram Gold,Jewellery,Retail,"Vijayawada, Andhra Pradesh",,,4.9,206,OPERATIONAL,,,,Vijayawada,Andhra Pradesh,India
google_maps,AS+Imitation+Jewellery,AS Imitation Jewellery,Jewellery,Retail,"Vijayawada, Andhra Pradesh",,,4.8,21,OPERATIONAL,,,,Vijayawada,Andhra Pradesh,India
google_maps,Sai+Imitation+Jeweller+%281gm+gold%29,Sai Imitation Jeweller (1gm gold),Jewellery,Retail,"Vijayawada, Andhra Pradesh",,,4.9,33,OPERATIONAL,,,,Vijayawada,Andhra Pradesh,India
google_maps,Aditya+Imitation+Jewellery,Aditya Imitation Jewellery,Jewellery,Retail,"Vijayawada, Andhra Pradesh",,,4.9,11,OPERATIONAL,,,,Vijayawada,Andhra Pradesh,India
google_maps,VNR+Jewellery+Manufacturers,VNR Jewellery Manufacturers,Jewellery,Retail,"Jewelry store · 20/342-14F, Kobbarithota, near Zilla Parshid",,,4.5,231,OPERATIONAL,,,,Vijayawada,Andhra Pradesh,India
google_maps,SUMASREE+IMITATION+JEWELLERY,SUMASREE IMITATION JEWELLERY,Jewellery,Retail,"Vijayawada, Andhra Pradesh",,,5.0,6,OPERATIONAL,,,,Vijayawada,Andhra Pradesh,India
google_maps,Sudha+Gold+Covering+Industries,Sudha Gold Covering Industries,Jewellery,Retail,"Costume jewelry shop · 12/39,Srinivas Nagar Colony, Rustumbada",,,4.6,75,OPERATIONAL,,,,Vijayawada,Andhra Pradesh,India
google_maps,Imitation+jewelry+park+Office+Machilipatnam,Imitation jewelry park Office Machilipatnam,Jewellery,Retail,"Vijayawada, Andhra Pradesh",,,4.3,12,OPERATIONAL,,,,Vijayawada,Andhra Pradesh,India
google_maps,Prince+God+Jewellery,Prince God Jewellery,Jewellery,Retail,"Manufacturer · Maruthy Suzuki showroom road, 20/3, behind Lakshmi Talkies",,,4.7,43,OPERATIONAL,,,,Vijayawada,Andhra Pradesh,India
google_maps,Hari+vaishnavi+Imitation+jewellery,Hari vaishnavi Imitation jewellery,Jewellery,Retail,"Vijayawada, Andhra Pradesh",,,2.0,1,OPERATIONAL,,,,Vijayawada,Andhra Pradesh,India
google_maps,Noya+Fashion+Jewellery,Noya Fashion Jewellery,Jewellery,Retail,"Vijayawada, Andhra Pradesh",,,4.9,22,OPERATIONAL,,,,Vijayawada,Andhra Pradesh,India
google_maps,Teja+Sai+Fancy+%26+Bangles,Teja Sai Fancy & Bangles,Jewellery,Retail,"Bangle Shop · HM34+JR3, Near Betesta Church Main Road, Kandriga",,,4.5,2,OPERATIONAL,,,,Vijayawada,Andhra Pradesh,India
google_maps,Vyara+Enterprises,Vyara Enterprises,Jewellery,Retail,"Vijayawada, Andhra Pradesh",,,,0,OPERATIONAL,,,,Vijayawada,Andhra Pradesh,India
google_maps,Supriya+Affordable+Jewellery,Supriya Affordable Jewellery,Jewellery,Retail,"Vijayawada, Andhra Pradesh",,,,0,OPERATIONAL,,,,Vijayawada,Andhra Pradesh,India
google_maps,Marwadi+1gram+jewellery,Marwadi 1gram jewellery,Jewellery,Retail,"Vijayawada, Andhra Pradesh",,,,0,OPERATIONAL,,,,Vijayawada,Andhra Pradesh,India
google_maps,Nandan+Imitation+Jewellers,Nandan Imitation Jewellers,Jewellery,Retail,"Vijayawada, Andhra Pradesh",,,5.0,127,OPERATIONAL,,,,Vijayawada,Andhra Pradesh,India
google_maps,Lepakshi+Handicraft+Emporium,Lepakshi Handicraft Emporium,Jewellery,Retail,"Craft store · Alankar Theatre Road, Near, Railway Station Rd",,,4.3,2133,OPERATIONAL,,,,Vijayawada,Andhra Pradesh,India
google_maps,Raja+Gold+Covering+Company,Raja Gold Covering Company,Jewellery,Retail,"Vijayawada, Andhra Pradesh",,,4.5,108,OPERATIONAL,,,,Vijayawada,Andhra Pradesh,India
google_maps,Samantakamani,Samantakamani,Jewellery,Retail,"Vijayawada, Andhra Pradesh",,,5.0,5,OPERATIONAL,,,,Vijayawada,Andhra Pradesh,India
google_maps,VAMA+FASHIONS,VAMA FASHIONS,Jewellery,Retail,"Corporate office ·  · 4th floor , C Block, Chandralok Complex, Paradise Circle, 431, Sarojini Devi Rd",,,4.8,105,OPERATIONAL,,,,Vijayawada,Andhra Pradesh,India
google_maps,Alankar+Art+Jewellery+Kapu+Street,Alankar Art Jewellery Kapu Street,Jewellery,Retail,"Jewelry store ·  · Alankar Junction, Opposite Rimzim Showroom Kapu Street, Trunk Rd",,,4.5,161,OPERATIONAL,,,,Vijayawada,Andhra Pradesh,India
google_maps,MATAJI+SILVER+PALACE,MATAJI SILVER PALACE,Jewellery,Retail,"Vijayawada, Andhra Pradesh",,,4.0,2,OPERATIONAL,,,,Vijayawada,Andhra Pradesh,India
google_maps,Anu+Art+Jewellery+-+one+gram+gold+jewellery+German+silver+Items+Marriage+Items,Anu Art Jewellery - one gram gold jewellery German silver Items Marriage Items,Jewellery,Retail,"Vijayawada, Andhra Pradesh",,,4.0,109,OPERATIONAL,,,,Vijayawada,Andhra Pradesh,India
google_maps,6+yards,6 yards,Jewellery,Retail,"Vijayawada, Andhra Pradesh",,,4.4,832,OPERATIONAL,,,,Vijayawada,Andhra Pradesh,India
google_maps,Aarthi+fashion+Jewellery+%7C+One+Gram+Gold+Jewellery+In+Hyderabad,Aarthi fashion Jewellery | One Gram Gold Jewellery In Hyderabad,Jewellery,Retail,"Vijayawada, Andhra Pradesh",,,4.8,271,OPERATIONAL,,,,Vijayawada,Andhra Pradesh,India
google_maps,"Fabindia,+Labbipet,+Vijayawada","Fabindia, Labbipet, Vijayawada",Jewellery,Retail,"Clothing store · Ground Floor, 4-5-6/1, opposite to Ananth Diamonds",,,4.2,154,OPERATIONAL,,,,Vijayawada,Andhra Pradesh,India
google_maps,Laxmi+Sri+Art+Jewellers%2FLaxmi+Sri+Collections,Laxmi Sri Art Jewellers/Laxmi Sri Collections,Jewellery,Retail,"Wholesale jeweler · 15-8-431/1&2, New, Feelkhana Rd, near Santhoshimata Temple",,,4.3,83,OPERATIONAL,,,,Vijayawada,Andhra Pradesh,India
google_maps,Sri+Jaya+Jewellery+%28+GOLD+COVERING%29+Chennai,Sri Jaya Jewellery ( GOLD COVERING) Chennai,Jewellery,Retail,"Vijayawada, Andhra Pradesh",,,4.6,444,OPERATIONAL,,,,Vijayawada,Andhra Pradesh,India
google_maps,jewellery+orders,jewellery orders,Jewellery,Retail,"Vijayawada, Andhra Pradesh",,,,0,OPERATIONAL,,,,Vijayawada,Andhra Pradesh,India
google_maps,LAKSHMI+SRINIVASA+JEWELLERIES,LAKSHMI SRINIVASA JEWELLERIES,Jewellery,Retail,"Jewelry store · Wyra Rd, opposite IT HUB",,,4.8,29,OPERATIONAL,,,,Vijayawada,Andhra Pradesh,India
google_maps,Shisha%27s,Shisha's,Jewellery,Retail,"Vijayawada, Andhra Pradesh",099858 17177,,,0,OPERATIONAL,,,,Vijayawada,Andhra Pradesh,India
justdial,+ 18 More,+ 18 More,Jewellery,Retail,"Vijayawada, Andhra Pradesh",,,,0,OPERATIONAL,,,,Vijayawada,Andhra Pradesh,India
justdial,+ 19 More,+ 19 More,Jewellery,Retail,"Vijayawada, Andhra Pradesh",,,,0,OPERATIONAL,,,,Vijayawada,Andhra Pradesh,India
justdial,+ 28 More,+ 28 More,Jewellery,Retail,"Vijayawada, Andhra Pradesh",,,,0,OPERATIONAL,,,,Vijayawada,Andhra Pradesh,India
justdial,+ 52 More,+ 52 More,Jewellery,Retail,"Vijayawada, Andhra Pradesh",,,,0,OPERATIONAL,,,,Vijayawada,Andhra Pradesh,India
justdial,+ 8 More,+ 8 More,Jewellery,Retail,"Vijayawada, Andhra Pradesh",,,,0,OPERATIONAL,,,,Vijayawada,Andhra Pradesh,India
justdial,Sri Teja Jewellers,Sri Teja Jewellers,Jewellery,Retail,"Vijayawada, Andhra Pradesh",,,,0,OPERATIONAL,,,,Vijayawada,Andhra Pradesh,India
justdial,+ 2 More,+ 2 More,Jewellery,Retail,"Vijayawada, Andhra Pradesh",,,,0,OPERATIONAL,,,,Vijayawada,Andhra Pradesh,India
justdial,Kiranmayi Jewellery Mart,Kiranmayi Jewellery Mart,Jewellery,Retail,"Vijayawada, Andhra Pradesh",,,,0,OPERATIONAL,,,,Vijayawada,Andhra Pradesh,India
justdial,+ 98 More,+ 98 More,Jewellery,Retail,"Vijayawada, Andhra Pradesh",,,,0,OPERATIONAL,,,,Vijayawada,Andhra Pradesh,India
justdial,+ 5 More,+ 5 More,Jewellery,Retail,"Vijayawada, Andhra Pradesh",,,,0,OPERATIONAL,,,,Vijayawada,Andhra Pradesh,India
justdial,+ 3 More,+ 3 More,Jewellery,Retail,"Vijayawada, Andhra Pradesh",,,,0,OPERATIONAL,,,,Vijayawada,Andhra Pradesh,India
justdial,Sri Venkateswara Jewellery Works,Sri Venkateswara Jewellery Works,Jewellery,Retail,"Vijayawada, Andhra Pradesh",,,,0,OPERATIONAL,,,,Vijayawada,Andhra Pradesh,India
justdial,+ 135 More,+ 135 More,Jewellery,Retail,"Vijayawada, Andhra Pradesh",,,,0,OPERATIONAL,,,,Vijayawada,Andhra Pradesh,India
justdial,GRT Jewellers India Pvt Ltd,GRT Jewellers India Pvt Ltd,Jewellery,Retail,"Vijayawada, Andhra Pradesh",,,,0,OPERATIONAL,,,,Vijayawada,Andhra Pradesh,India
justdial,+ 204 More,+ 204 More,Jewellery,Retail,"Vijayawada, Andhra Pradesh",,,,0,OPERATIONAL,,,,Vijayawada,Andhra Pradesh,India
justdial,+ 64 More,+ 64 More,Jewellery,Retail,"Vijayawada, Andhra Pradesh",,,,0,OPERATIONAL,,,,Vijayawada,Andhra Pradesh,India
justdial,+ 60 More,+ 60 More,Jewellery,Retail,"Vijayawada, Andhra Pradesh",,,,0,OPERATIONAL,,,,Vijayawada,Andhra Pradesh,India
justdial,+ 10 More,+ 10 More,Jewellery,Retail,"Vijayawada, Andhra Pradesh",,,,0,OPERATIONAL,,,,Vijayawada,Andhra Pradesh,India
justdial,+ 129 More,+ 129 More,Jewellery,Retail,"Vijayawada, Andhra Pradesh",,,,0,OPERATIONAL,,,,Vijayawada,Andhra Pradesh,India
justdial,Bnr Gold,Bnr Gold,Jewellery,Retail,"Vijayawada, Andhra Pradesh",,,,0,OPERATIONAL,,,,Vijayawada,Andhra Pradesh,India
justdial,+ 392 More,+ 392 More,Jewellery,Retail,"Vijayawada, Andhra Pradesh",,,,0,OPERATIONAL,,,,Vijayawada,Andhra Pradesh,India
justdial,+ 176 More,+ 176 More,Jewellery,Retail,"Vijayawada, Andhra Pradesh",,,,0,OPERATIONAL,,,,Vijayawada,Andhra Pradesh,India
justdial,+ 102 More,+ 102 More,Jewellery,Retail,"Vijayawada, Andhra Pradesh",,,,0,OPERATIONAL,,,,Vijayawada,Andhra Pradesh,India
justdial,+ 307 More,+ 307 More,Jewellery,Retail,"Vijayawada, Andhra Pradesh",,,,0,OPERATIONAL,,,,Vijayawada,Andhra Pradesh,India
justdial,+ 238 More,+ 238 More,Jewellery,Retail,"Vijayawada, Andhra Pradesh",,,,0,OPERATIONAL,,,,Vijayawada,Andhra Pradesh,India
justdial,+ 74 More,+ 74 More,Jewellery,Retail,"Vijayawada, Andhra Pradesh",,,,0,OPERATIONAL,,,,Vijayawada,Andhra Pradesh,India
justdial,Khazana Jewellery,Khazana Jewellery,Jewellery,Retail,"Vijayawada, Andhra Pradesh",,,,0,OPERATIONAL,,,,Vijayawada,Andhra Pradesh,India
justdial,+ 163 More,+ 163 More,Jewellery,Retail,"Vijayawada, Andhra Pradesh",,,,0,OPERATIONAL,,,,Vijayawada,Andhra Pradesh,India
justdial,+ 17 More,+ 17 More,Jewellery,Retail,"Vijayawada, Andhra Pradesh",,,,0,OPERATIONAL,,,,Vijayawada,Andhra Pradesh,India
justdial,Blue Stone,Blue Stone,Jewellery,Retail,"Vijayawada, Andhra Pradesh",,,,0,OPERATIONAL,,,,Vijayawada,Andhra Pradesh,India
justdial,+ 4 More,+ 4 More,Jewellery,Retail,"Vijayawada, Andhra Pradesh",,,,0,OPERATIONAL,,,,Vijayawada,Andhra Pradesh,India
justdial,+ 253 More,+ 253 More,Jewellery,Retail,"Vijayawada, Andhra Pradesh",,,,0,OPERATIONAL,,,,Vijayawada,Andhra Pradesh,India
justdial,+ 21 More,+ 21 More,Jewellery,Retail,"Vijayawada, Andhra Pradesh",,,,0,OPERATIONAL,,,,Vijayawada,Andhra Pradesh,India
justdial,+ 92 More,+ 92 More,Jewellery,Retail,"Vijayawada, Andhra Pradesh",,,,0,OPERATIONAL,,,,Vijayawada,Andhra Pradesh,India
justdial,NAC Jewellers,NAC Jewellers,Jewellery,Retail,"Vijayawada, Andhra Pradesh",,,,0,OPERATIONAL,,,,Vijayawada,Andhra Pradesh,India
justdial,+ 11 More,+ 11 More,Jewellery,Retail,"Vijayawada, Andhra Pradesh",,,,0,OPERATIONAL,,,,Vijayawada,Andhra Pradesh,India
justdial,+ 110 More,+ 110 More,Jewellery,Retail,"Vijayawada, Andhra Pradesh",,,,0,OPERATIONAL,,,,Vijayawada,Andhra Pradesh,India
justdial,+ 57 More,+ 57 More,Jewellery,Retail,"Vijayawada, Andhra Pradesh",,,,0,OPERATIONAL,,,,Vijayawada,Andhra Pradesh,India
justdial,+ 403 More,+ 403 More,Jewellery,Retail,"Vijayawada, Andhra Pradesh",,,,0,OPERATIONAL,,,,Vijayawada,Andhra Pradesh,India
justdial,+ 7 More,+ 7 More,Jewellery,Retail,"Vijayawada, Andhra Pradesh",,,,0,OPERATIONAL,,,,Vijayawada,Andhra Pradesh,India
justdial,Mohammed Khan Diamond And Jewellers,Mohammed Khan Diamond And Jewellers,Jewellery,Retail,"Vijayawada, Andhra Pradesh",,,,0,OPERATIONAL,,,,Vijayawada,Andhra Pradesh,India
justdial,+ 301 More,+ 301 More,Jewellery,Retail,"Vijayawada, Andhra Pradesh",,,,0,OPERATIONAL,,,,Vijayawada,Andhra Pradesh,India
justdial,+ 15 More,+ 15 More,Jewellery,Retail,"Vijayawada, Andhra Pradesh",,,,0,OPERATIONAL,,,,Vijayawada,Andhra Pradesh,India
justdial,Giva,Giva,Jewellery,Retail,"Vijayawada, Andhra Pradesh",,,,0,OPERATIONAL,,,,Vijayawada,Andhra Pradesh,India
justdial,+ 13 More,+ 13 More,Jewellery,Retail,"Vijayawada, Andhra Pradesh",,,,0,OPERATIONAL,,,,Vijayawada,Andhra Pradesh,India
justdial,Swarnsri Gold And Diamonds,Swarnsri Gold And Diamonds,Jewellery,Retail,"Vijayawada, Andhra Pradesh",,,,0,OPERATIONAL,,,,Vijayawada,Andhra Pradesh,India
justdial,+ 145 More,+ 145 More,Jewellery,Retail,"Vijayawada, Andhra Pradesh",,,,0,OPERATIONAL,,,,Vijayawada,Andhra Pradesh,India
justdial,Sai Silks Kalamandir Ltd,Sai Silks Kalamandir Ltd,Jewellery,Retail,"Vijayawada, Andhra Pradesh",,,,0,OPERATIONAL,,,,Vijayawada,Andhra Pradesh,India
justdial,+ 27 More,+ 27 More,Jewellery,Retail,"Vijayawada, Andhra Pradesh",,,,0,OPERATIONAL,,,,Vijayawada,Andhra Pradesh,India
justdial,Shree Krishna Jewellers,Shree Krishna Jewellers,Jewellery,Retail,"Vijayawada, Andhra Pradesh",,,,0,OPERATIONAL,,,,Vijayawada,Andhra Pradesh,India
justdial,+ 291 More,+ 291 More,Jewellery,Retail,"Vijayawada, Andhra Pradesh",,,,0,OPERATIONAL,,,,Vijayawada,Andhra Pradesh,India
justdial,+ 12 More,+ 12 More,Jewellery,Retail,"Vijayawada, Andhra Pradesh",,,,0,OPERATIONAL,,,,Vijayawada,Andhra Pradesh,India
justdial,Mmtc Pamp India Pvt Ltd,Mmtc Pamp India Pvt Ltd,Jewellery,Retail,"Vijayawada, Andhra Pradesh",,,,0,OPERATIONAL,,,,Vijayawada,Andhra Pradesh,India
justdial,+ 68 More,+ 68 More,Jewellery,Retail,"Vijayawada, Andhra Pradesh",,,,0,OPERATIONAL,,,,Vijayawada,Andhra Pradesh,India
justdial,JR Jewellers Pvt Ltd,JR Jewellers Pvt Ltd,Jewellery,Retail,"Vijayawada, Andhra Pradesh",,,,0,OPERATIONAL,,,,Vijayawada,Andhra Pradesh,India
justdial,+ 279 More,+ 279 More,Jewellery,Retail,"Vijayawada, Andhra Pradesh",,,,0,OPERATIONAL,,,,Vijayawada,Andhra Pradesh,India
justdial,+ 30 More,+ 30 More,Jewellery,Retail,"Vijayawada, Andhra Pradesh",,,,0,OPERATIONAL,,,,Vijayawada,Andhra Pradesh,India
justdial,+ 275 More,+ 275 More,Jewellery,Retail,"Vijayawada, Andhra Pradesh",,,,0,OPERATIONAL,,,,Vijayawada,Andhra Pradesh,India
justdial,Devi Pavitra Gold & Diamonds,Devi Pavitra Gold & Diamonds,Jewellery,Retail,"Vijayawada, Andhra Pradesh",,,,0,OPERATIONAL,,,,Vijayawada,Andhra Pradesh,India
justdial,+ 50 More,+ 50 More,Jewellery,Retail,"Vijayawada, Andhra Pradesh",,,,0,OPERATIONAL,,,,Vijayawada,Andhra Pradesh,India
justdial,+ 9 More,+ 9 More,Jewellery,Retail,"Vijayawada, Andhra Pradesh",,,,0,OPERATIONAL,,,,Vijayawada,Andhra Pradesh,India
justdial,"Sridevi Jewellers
4.1
  
104 Ratings
MG Road
High call pick up","Sridevi Jewellers
4.1
  
104 Ratings
MG Road
High call pick up",Jewellery,Retail,"Vijayawada, Andhra Pradesh",08401271281,,,0,OPERATIONAL,,,,Vijayawada,Andhra Pradesh,India
justdial,"Vega Jewellers
4.8
  
3813 Ratings
Governerpet","Vega Jewellers
4.8
  
3813 Ratings
Governerpet",Jewellery,Retail,"Vijayawada, Andhra Pradesh",,,,0,OPERATIONAL,,,,Vijayawada,Andhra Pradesh,India
justdial,"Bombay Jewellers
4.7
  
197 Ratings
Chandramoulipuram","Bombay Jewellers
4.7
  
197 Ratings
Chandramoulipuram",Jewellery,Retail,"Vijayawada, Andhra Pradesh",,,,0,OPERATIONAL,,,,Vijayawada,Andhra Pradesh,India
justdial,"Srinivasa Jewellery Mart
4.8
  
2529 Ratings
Governerpet","Srinivasa Jewellery Mart
4.8
  
2529 Ratings
Governerpet",Jewellery,Retail,"Vijayawada, Andhra Pradesh",,,,0,OPERATIONAL,,,,Vijayawada,Andhra Pradesh,India
justdial,Listed on Sitemap,Listed on Sitemap,Jewellery,Retail,"Vijayawada, Andhra Pradesh",,,,0,OPERATIONAL,,,,Vijayawada,Andhra Pradesh,India
justdial,Doctors,Doctors,Jewellery,Retail,"Vijayawada, Andhra Pradesh",,,,0,OPERATIONAL,,,,Vijayawada,Andhra Pradesh,India
