source,source_id,name,category,sector,address,phone,website,rating,review_count,business_status,opening_hours,latitude,longitude,city,state,country
google_maps,ChIJ4R7CXa6bOzoRCa87eRHzDZI,Varalakshmi Bangles and Rold Gold Covering,Jewellery,Retail,"Aguruvidi, Bobbili, Andhra Pradesh 535558, India",085559 68372,,4,4,OPERATIONAL,,,,Vizianagaram,Andhra Pradesh,India
google_maps,ChIJWwRTEhXlOzoRlb7WVt4trwA,Sri Sai Bangles and fancy,Jewellery,Retail,"SRI Sai Bangles and Fancy, Water Plant, YSR Nagar, Thotapalem, Balaji Nagar, Vizianagaram, Andhra Pradesh 535003, India",,,None,0,OPERATIONAL,,,,Vizianagaram,Andhra Pradesh,India
google_maps,ChIJkWpfXQDlOzoROLy5KXoZfyc,SSS GOLD COVERINGS,Jewellery,Retail,"8-18-864, VT Agraharam Rd, Gandhi Nagar, VT Agraharam, Vizianagaram, Andhra Pradesh 535004, India",,,None,0,OPERATIONAL,,,,Vizianagaram,Andhra Pradesh,India
google_maps,ChIJBy-gqwXlOzoRXTIOLhphVFI,Shatvika ladies corner and bangles,Jewellery,Retail,"Santhosh Nagar, opposite Bangaramma Thalli Temple, Industrial Estate, VT Agraharam, Vizianagaram, Andhra Pradesh 535004, India",,,None,0,OPERATIONAL,,,,Vizianagaram,Andhra Pradesh,India
google_maps,ChIJSw0hZ3ucOzoRPmqk9M-R44w,Sree Seetarama Jewellery,Jewellery,Retail,"2B, Jenda Street, beside Sunitha Hospital, Bobbili, Janardhana Ranga Rayapuram at Kintal, Andhra Pradesh 535573, India",,,5,1,OPERATIONAL,,,,Vizianagaram,Andhra Pradesh,India
google_maps,ChIJQ-m04TubOzoRQjTQE2huSw0,BALAJI GOLD TESTING,Jewellery,Retail,"Kanchara St, OPP.RAMALAYAM, Aguruvidi, Bobbili, Andhra Pradesh 535573, India",,,None,0,OPERATIONAL,,,,Vizianagaram,Andhra Pradesh,India
google_maps,ChIJtfTpawCbOzoRSJsp_-yq_RY,Sri srinivasa 1 gram jewellery fancy & bangles,Jewellery,Retail,"H9F5+M75, Maharanipeta, Bobbili, Andhra Pradesh 535558, India",099635 62212,,None,0,OPERATIONAL,,,,Vizianagaram,Andhra Pradesh,India
google_maps,ChIJ05bWbRGbOzoRsF6P_RdaI-0,Sri Lakshmi Jewellers,Jewellery,Retail,"Main Road, Bazaar Rd, Aguruvidi, Bobbili, Andhra Pradesh 535573, India",094401 94325,,5,2,OPERATIONAL,,,,Vizianagaram,Andhra Pradesh,India
google_maps,ChIJkz2cghCbOzoRgP9lna1CpBc,A to Z ladies mart,Jewellery,Retail,"Tandrapapara junction, beside central bank, Aguruvidi, Bobbili, Andhra Pradesh 535558, India",,,None,0,OPERATIONAL,,,,Vizianagaram,Andhra Pradesh,India
google_maps,ChIJwYTOyg3lOzoRK9UMOAUr1Zw,"Shivani bangles,fancy and gift store",Jewellery,Retail,"Shivani bangles,fancy and gift store,Kothapeta, water tank, Ananda Gajapathi Rd, ganapati road, Vizianagaram, Andhra Pradesh 535002, India",,,None,0,OPERATIONAL,,,,Vizianagaram,Andhra Pradesh,India
google_maps,ChIJ671eB1vlOzoR4_zwhmvGOHM,Jayalakshmi Pearls,Jewellery,Retail,"Shop No. 5, Pandu Complex, Kolla Bazar Area, Santha Pet, Vizianagaram, Andhra Pradesh 535001, India",081437 65476,,4,2,OPERATIONAL,,,,Vizianagaram,Andhra Pradesh,India
google_maps,ChIJie6SUlrlOzoRR3jnR8B9aO0,Kiran Jewellers,Jewellery,Retail,"7-2-19, Rangireeju St, Polyster House Area, Santha Pet, Vizianagaram, Andhra Pradesh 535001, India",089222 74840,,None,0,OPERATIONAL,,,,Vizianagaram,Andhra Pradesh,India
google_maps,ChIJ4dOQLyflOzoRaS43pUVjQv4,N.V.S Jewellery,Jewellery,Retail,"Door no 8-1-99, peddaveedhi, M, G. Road, SKP Temple Area, Santha Pet, Vizianagaram, Andhra Pradesh 535001, India",091623 45916,,None,0,OPERATIONAL,,,,Vizianagaram,Andhra Pradesh,India
google_maps,ChIJuxx-UZZhOToRWYlMlNgc5V0,పావని జ్యూయలర్స్,Jewellery,Retail,"V5WM+JMJ, కె. కోటపాడు రోడ్, కొత్తవలస, ఆంధ్ర ప్రదేశ్ 535183, India",086392 11613,,None,0,OPERATIONAL,,,,Vizianagaram,Andhra Pradesh,India
google_maps,ChIJH1es-r1hOToRv6Ux5krtneY,శ్రీ మోదమంబ ఫుట్వేర్,Jewellery,Retail,"Kothavalasa, Andhra Pradesh 535183, India",,,None,0,OPERATIONAL,,,,Vizianagaram,Andhra Pradesh,India
google_maps,ChIJ0Sv35b1hOToRCPw3tLZo9I4,శ్రీ వేంకటేశ్వర ఎలక్ట్రికల్ & ప్లంబింగ్,Jewellery,Retail,"Kothavalasa, Andhra Pradesh 535183, India",,,None,0,OPERATIONAL,,,,Vizianagaram,Andhra Pradesh,India
google_maps,ChIJnd5LnAxhOToRHWu6EZW1dZ8,చైతన్య కిరాణా షాన్ షాప్,Jewellery,Retail,"V5GQ+668, Mangalapalem Rd, Mangalapalem, Chintalapalem, Andhra Pradesh 535183, India",,,None,0,OPERATIONAL,,,,Vizianagaram,Andhra Pradesh,India
google_maps,ChIJV5fXjqNhOToR84WmjEWx0HE,శ్రీ గాయత్రి పాన్ & కిరాణ షాప్,Jewellery,Retail,"Kothavalasa, Andhra Pradesh 535183, India",,,None,0,OPERATIONAL,,,,Vizianagaram,Andhra Pradesh,India
google_maps,ChIJeR1tG-5hOToRxVaF6FSadew,శ్రీ దుర్గాదేవి రమణ ఆయిల్ మిల్,Jewellery,Retail,"W56G+JC6, మెయిన్ రోడ్, దాసరివారిపాలెం గ్రామం, వీరభద్ర పురం, ఆంధ్ర ప్రదేశ్ 535183, India",,,None,0,OPERATIONAL,,,,Vizianagaram,Andhra Pradesh,India
google_maps,ChIJRWpWRtNmOToRhnfu8uoQSXE,916 HALL MARK JEWELLERY,Jewellery,Retail,"Durga Colony, Saripalli, Andhra Pradesh 531173, India",063042 20260,,None,0,OPERATIONAL,,,,Vizianagaram,Andhra Pradesh,India
google_maps,ChIJ48a4XWnlOzoRdvVStFgMLfU,గోవిందా జ్యూయలర్స్,Jewellery,Retail,"495W+2JP, Railway Station Rd, Mayuri Junction Area, Gadi Khana, Railway Station Area, Vizianagaram, Andhra Pradesh 535003, India",,,None,0,OPERATIONAL,,,,Vizianagaram,Andhra Pradesh,India
google_maps,ChIJ_fvPgg3lOzoRAlgxOfwnIWo,Sk Ajaharuddin Alamin Machine chain,Jewellery,Retail,"Rangireeju St, Old Bus Stand Area, Santha Pet, Vizianagaram, Andhra Pradesh 535001, India",075848 23781,,None,0,OPERATIONAL,,,,Vizianagaram,Andhra Pradesh,India
google_maps,ChIJezreCwDvOzoRBHDTJxVITF0,Pallavi jewellery works,Jewellery,Retail,"5CM7+GH5, Bhopaiapuram Rd, Konda Velagada, Kondagumpam, Andhra Pradesh 535003, India",,,None,0,OPERATIONAL,,,,Vizianagaram,Andhra Pradesh,India
google_maps,ChIJQYBkRBnlOzoRy5A7XrglfGo,Mahadev Traders,Jewellery,Retail,"Sri Ram Nagar Colony, Ice Factory Area, Shirdi Sai Nagar, Vizianagaram, Andhra Pradesh 535001, India",,,None,0,OPERATIONAL,,,,Vizianagaram,Andhra Pradesh,India
google_maps,ChIJwbV46jxDOToRbYr6EhvdteU,SILVER ART MUSEUM / SONAAKSHI JEWELS,Jewellery,Retail,"Dwaraka Nagar,NAVARATHNA JEWEL SQUARE,GF:02, opposite TSR Complex, Dwaraka Nagar, Visakhapatnam, Andhra Pradesh 530016, India",083744 48026,,4.9,60,OPERATIONAL,,,,Vizianagaram,Andhra Pradesh,India
google_maps,ChIJAQAAwBBDOToRZgXOnH7uGM0,Tarinika Jewellery and Bramaramba Pearls,Jewellery,Retail,"Shop no. 3,4,5, Venkat Arcade, Prakasaraopeta, Nehru Nagar, Ram Nagar, Prakasaraopeta, Jagadamba Junction, Visakhapatnam, Andhra Pradesh 530020, India",085228 55587,,4.5,240,OPERATIONAL,,,,Vizianagaram,Andhra Pradesh,India
google_maps,ChIJGdGXdTZDOToRXBZlevVmNfI,LAKSHMI DEEPIKA SILVER HOUSE,Jewellery,Retail,"50, Seethammadhara Rd, TPT Colony, Balayya Sastri Layout, Seethammadara, Visakhapatnam, Andhra Pradesh 530013, India",090009 44944,,4.8,253,OPERATIONAL,,,,Vizianagaram,Andhra Pradesh,India
google_maps,ChIJnaJNHKDlOzoRkBccj16gsP0,SRI Sai Bangles Fancy,Jewellery,Retail,"Venu Gopal Swamy Matam, Ayya Koneru Area, Babametta, Vizianagaram, Andhra Pradesh 535002, India",093817 65337,,4,1,OPERATIONAL,,,,Vizianagaram,Andhra Pradesh,India
google_maps,ChIJdw0W8J3sOzoRPYsnRKzG9pw,Sai Suseela Bangles,Jewellery,Retail,"78JP+FP3, Gajapatinagaram, Andhra Pradesh 535270, India",,,3.5,4,OPERATIONAL,,,,Vizianagaram,Andhra Pradesh,India
google_maps,ChIJffPfFMHlOzoRN6rUWna2WeM,Mahadev bangles store,Jewellery,Retail,"City Bus Stand Area, Santha Pet, Vizianagaram, Andhra Pradesh 535001, India",094925 93449,,4.8,4,OPERATIONAL,,,,Vizianagaram,Andhra Pradesh,India
google_maps,ChIJw7k5_pNDOToRE7VCqJuSDyo,Banke Bihari Bangle Store,Jewellery,Retail,"75 Feet Road , Ramakrishna Junction, Banke Bihari Bangle Store, Bansal Niwas, 26-2-1/1B, opposite to Sri Durga Wines, Daba Gardens, Allipuram, Visakhapatnam, Andhra Pradesh 530001, India",080999 07800,,5,383,OPERATIONAL,,,,Vizianagaram,Andhra Pradesh,India
google_maps,ChIJiZw4gVvlOzoR6odyMo0mD8c,Mahalakshmi Bangles & Fancy Stores,Jewellery,Retail,"Door No. 6, 8-30, MG Rd, opp. SBH, SKP Temple Area, Santha Pet, Vizianagaram, Andhra Pradesh 535001, India",098493 92005,,3.2,6,OPERATIONAL,,,,Vizianagaram,Andhra Pradesh,India
google_maps,ChIJ41Bx0qblOzoRlcA4aSlh_u8,Fancy store,Jewellery,Retail,"Gandhi Park Jn, BC Colony, Vizianagaram, Andhra Pradesh 535004, India",,,2.7,3,OPERATIONAL,,,,Vizianagaram,Andhra Pradesh,India
google_maps,ChIJPQLylan6OzoRGVS20sbEkt4,Sri Shiva Bhavani Fancy and Garments,Jewellery,Retail,"Phool Bagh Colony Rd, Phool Bagh Colony, Phool Bagh, Vizianagaram, Andhra Pradesh 535002, India",,,4.9,8,OPERATIONAL,,,,Vizianagaram,Andhra Pradesh,India
google_maps,ChIJ-ySQeFvlOzoRCdsNYbop0ts,Brindavan Bangle Store,Jewellery,Retail,"M G Road, 4C84+CCX, Mangala Street, Mangala Veedhi Area, Santha Pet, Vizianagaram, Andhra Pradesh 535001, India",099892 05102,,3.8,4,OPERATIONAL,,,,Vizianagaram,Andhra Pradesh,India
google_maps,ChIJZ758vAQVPDoR1dMzTYtefnI,Vanalaxmi Bangles,Jewellery,Retail,"bangke store, vanalaxmi, Kaspa St, Kalinga Road, Chinna Bharatham Colony, Srikakulam, Andhra Pradesh 532001, India",099854 76425,,5,6,OPERATIONAL,,,,Vizianagaram,Andhra Pradesh,India
google_maps,ChIJ4ZUyHCDlOzoRlMHRiJR7oEg,MAHADEV & CO,Jewellery,Retail,"7-2-29/2, Rangireeju St, near Amba Bhawani Temple, Santha Pet, Vizianagaram, Andhra Pradesh 535001, India",090301 76750,,None,0,OPERATIONAL,,,,Vizianagaram,Andhra Pradesh,India
google_maps,ChIJhds5pZtRPToRtwrkV4xjob8,Rukmani Bangles Store,Jewellery,Retail,"8QCP+7FR, 2nd line, Somanath Nagar, Brahmapur, Odisha 760001, India",091666 64005,,4.6,11,OPERATIONAL,,,,Vizianagaram,Andhra Pradesh,India
google_maps,ChIJufO5IgDxOzoRjE46yGAiUjc,Kushi Bangles and General Stores,Jewellery,Retail,"Jarajapupeta, Andhra Pradesh 535217, India",079003 15018,,5,7,OPERATIONAL,,,,Vizianagaram,Andhra Pradesh,India
google_maps,ChIJ7ZdRIQNDOToRK8WpO9bbSRE,Mahalaxmi bangle store,Jewellery,Retail,"Dr/no: 26, Mahalaxmi bangle store, 7-73/1, Bowdara Rd, near Durgalamma Temple, Pandupulla Sandhu, Purna Market, Jagadamba Junction, Visakhapatnam, Andhra Pradesh 530001, India",089125 69374,,4.3,68,OPERATIONAL,,,,Vizianagaram,Andhra Pradesh,India
google_maps,ChIJ-XsZ-9VDOToRAheTllnbzB8,Sri Chandana Ladies Corner,Jewellery,Retail,"Main road, Sai Nagar, Marripalem, Visakhapatnam, Andhra Pradesh 530018, India",090590 16140,,4.9,54,OPERATIONAL,,,,Vizianagaram,Andhra Pradesh,India
google_maps,ChIJI5caoDTlOzoR6IiaqABJ3yU,Venkata Padma Fancy Store,Jewellery,Retail,"Shop no 8, Officers club, Rythu Bazar Rd, opp. R&B, Phase 4, Alakananda Colony, Vizianagaram Cantonment, Vizianagaram, Andhra Pradesh 535003, India",093475 87597,,None,0,OPERATIONAL,,,,Vizianagaram,Andhra Pradesh,India
google_maps,ChIJuzZJOwHxOzoRYK2CGPrFNMs,Bonda's Store,Jewellery,Retail,"Byreddy Street, opposite Rama Mandiram, beside Nanaji Ration Shop, Junction, Nellimarla, Andhra Pradesh 535217, India",081236 14295,,5,1,OPERATIONAL,,,,Vizianagaram,Andhra Pradesh,India
google_maps,ChIJ64F1XADlOzoRmwn1Q5DYxIc,Maa Saraswati Bangles Shop Vizianagaram,Jewellery,Retail,"D.No. 7, 2-26, Rangireeju Veedhi, near Amba Bhavani Temple, SKP Temple Area, Santha Pet, Vizianagaram, Andhra Pradesh 535001, India",,,3,2,OPERATIONAL,,,,Vizianagaram,Andhra Pradesh,India
google_maps,ChIJKQ0vF_lDOToRWjuQqs3TMyc,Vadhuvu ( one gram gold jewellery store),Jewellery,Retail,"10-50-11/2, beside Sweet India, Ram Nagar, Visakhapatnam, Andhra Pradesh 530002, India",081792 08779,,4.9,405,OPERATIONAL,,,,Vizianagaram,Andhra Pradesh,India
google_maps,ChIJQSEGwgDlOzoRybtuovRl2Fg,Hello Gorgeous Jewellery,Jewellery,Retail,"Archana Bhaskar Nursing Home, &, beside MRO Office Road, Burle Peta, Santha Pet, Vizianagaram, Andhra Pradesh 535001, India",,,None,0,OPERATIONAL,,,,Vizianagaram,Andhra Pradesh,India
google_maps,ChIJL6SfS5ZhOToRLixUv06hOBA,Sri Venkata Lakshmi Jewellery,Jewellery,Retail,"Kothavalasa, Andhra Pradesh 535183, India",098855 77486,,None,0,OPERATIONAL,,,,Vizianagaram,Andhra Pradesh,India
google_maps,ChIJWUGyWDxDOToRQUhreCOLY-Y,"Hira Panna Jewellers ( Diamond Roof , Gold and Diamond Jewellery, Boutique Jewellery )",Jewellery,Retail,"Door No 48, Mvr Complex, 19-5, 1st Ln, Opposite RTC Complex, Dwaraka Nagar, Visakhapatnam, Andhra Pradesh 530016, India",090009 51310,,4.8,642,OPERATIONAL,,,,Vizianagaram,Andhra Pradesh,India
google_maps,ChIJc-Tj8XJDOToRtIYc2MnA0AY,"GIVA Silver & Gold Jewellery Store | Inorbit Mall, Visakhapatnam",Jewellery,Retail,"13, Inorbit Mall, Dondaparthi, Kailasapuram, Visakhapatnam, Andhra Pradesh 530016, India",091874 55387,,5,71,OPERATIONAL,,,,Vizianagaram,Andhra Pradesh,India
google_maps,ChIJ9S_SC0FDOToRSoK8qsLpQ5E,PMJ Jewels Vishakapatnam,Jewellery,Retail,"9-30-1, Ground Floor, Block No -7, Waltair Ward, Siripuram Cir, Balaji Nagar, Asilmetta, Visakhapatnam, Andhra Pradesh 530003, India",077028 91166,,4.9,1611,OPERATIONAL,,,,Vizianagaram,Andhra Pradesh,India
google_maps,ChIJReHp0j1DOToRmycW7_Rlf4M,Joyalukkas Jewellery - Visakhapatnam ( Vizag ),Jewellery,Retail,"Sampath Vinayaka Temple Rd, Near Sampath Vinayaka Temple, CBM Compound, Asilmetta, Visakhapatnam, Andhra Pradesh 530003, India",089125 61916,,4.8,10835,OPERATIONAL,,,,Vizianagaram,Andhra Pradesh,India
google_maps,ChIJQYhiyBNDOToRRkWoJLXewtg,BlueStone Jewellery Visakhapatnam,Jewellery,Retail,"Max, VIP Rd, Balaji Nagar, Asilmetta, Visakhapatnam, Andhra Pradesh 530013, India",080974 61414,,4.9,1187,OPERATIONAL,,,,Vizianagaram,Andhra Pradesh,India
google_maps,ChIJjyeXNgpDOToRJOTdl02AWE8,Bhagyasri Ram Jewellery Square (BRJ square),Jewellery,Retail,"D No.10-50, 1st floor, 22/1, Siripuram Cir, Siripuram, Visakhapatnam, Andhra Pradesh 530003, India",088856 97945,,4.9,898,OPERATIONAL,,,,Vizianagaram,Andhra Pradesh,India
google_maps,ChIJ4bFIMyNDOToR_aUYkFJSAP4,Kameswari Jewellers,Jewellery,Retail,"Shop No 40 41 15ff, TSR Complex, Dwaraka Nagar, Visakhapatnam, Andhra Pradesh 530004, India",091205 22622,,4.8,2926,OPERATIONAL,,,,Vizianagaram,Andhra Pradesh,India
google_maps,ChIJe-jnGLRDOToRNozYtuXDLds,V Jewellery Mart,Jewellery,Retail,"V Jewellery Mart, 6th Floor DoorNo 10-4, Navarathna Trade Center, 15/1, Ram Nagar Rd, beside Hotel Meghalaya, Ram Nagar, Visakhapatnam, Andhra Pradesh 530003, India",091177 11666,,4.9,897,OPERATIONAL,,,,Vizianagaram,Andhra Pradesh,India
google_maps,ChIJU0p62y9dOToRNT7WuIKPr4E,BHIMA JEWELLERY VISAKHAPATNAM,Jewellery,Retail,"DOOR NO 10, 1 26/1, Sampath Vinayaka Temple Rd, CBM Compound, Asilmetta, Visakhapatnam, Andhra Pradesh 530003, India",078421 04777,,4.8,2328,OPERATIONAL,,,,Vizianagaram,Andhra Pradesh,India
google_maps,ChIJS1_RoEFDOToRZoc_Bj1sPzY,Malabar Gold and Diamonds - Visakhapatnam,Jewellery,Retail,"Ground, First and Second Floor , Door, Central, VIP Rd, Siripuram, Visakhapatnam, Andhra Pradesh 530013, India",089125 28916,,4.8,4313,OPERATIONAL,,,,Vizianagaram,Andhra Pradesh,India
google_maps,ChIJyzwGVKBDOToRpDB5klUFhok,"Aukera Lab Grown Diamond Jewellery - Inorbit Mall, Vizag",Jewellery,Retail,"First Floor, Unit No. F-53, Inorbit Mall Visakhapatnam, Sy. No. 220/1/P, 221/1/P, 222/1A/P and 224/P, Dondaparthi, Kailasapuram, Visakhapatnam, Andhra Pradesh 530024, India",087220 22268,,5,71,OPERATIONAL,,,,Vizianagaram,Andhra Pradesh,India
google_maps,ChIJVb3_37FpOToREcVLAYUwWfg,Srinivasa Chaitanya Jewellers,Jewellery,Retail,"Ground floor, Satya Surya Complex, 48-19-1/8, opposite to Andhra Bank, Opposite ANR Shopping Mall, Dwaraka Nagar, Visakhapatnam, Andhra Pradesh 530016, India",098497 00060,,4.8,145,OPERATIONAL,,,,Vizianagaram,Andhra Pradesh,India
google_maps,ChIJJ_Sx5Y5DOToRG3672O-ogQI,"CaratLane Jewellery Visakhapatnam, Andhra Pradesh",Jewellery,Retail,"Sampath Vinayaka Temple Rd Shop 10-1-35A, Shakuntala Building, 3rd House From, Sampath Vinayak Temple, CBM Compound, Asilmetta, Visakhapatnam, Andhra Pradesh 530003, India",080 6924 8267,,4.9,4729,OPERATIONAL,,,,Vizianagaram,Andhra Pradesh,India
google_maps,ChIJ7UqKHUFDOToRNk7NXs4hPX4,"Kalyan Jewellers - Waltair Uplands, Visakhapatnam",Jewellery,Retail,"#10-1-38/1, Near, Sampath Vinayaka Temple Rd, Waltair Uplands, Ram Nagar, Visakhapatnam, Andhra Pradesh 530003, India",092400 30899,,4.1,803,OPERATIONAL,,,,Vizianagaram,Andhra Pradesh,India
google_maps,ChIJz2nsg2xDOToRFu5TfZRB3s0,"Limelight Lab Grown Diamonds - Visakhapatnam,Andhra Pradesh",Jewellery,Retail,"Ground Floor , Sampath Plaza, Door, No - 9-25-19, Rama Talkies Rd, opposite Ramachandra Brothers Furniture’s, CBM Compound, Asilmetta, Visakhapatnam, Andhra Pradesh 530003, India",091369 78819,,5,2,OPERATIONAL,,,,Vizianagaram,Andhra Pradesh,India
google_maps,ChIJw24L-4VDOToROmn3f6FgHlw,"Kisna Diamond & Gold Jewellery- Visakhaptnam, Andhra Pradesh",Jewellery,Retail,"10-3-3, Sampath Vinayaka Temple Rd, Facor Layout, Ram Nagar, Visakhapatnam, Andhra Pradesh 530003, India",094939 09029,,4.9,38,OPERATIONAL,,,,Vizianagaram,Andhra Pradesh,India
google_maps,ChIJWYTFEwBDOToRPZzzIr3yx_4,LADIA DIAMONDS,Jewellery,Retail,"RTC Complex, Dwaraka Nagar, Visakhapatnam, Andhra Pradesh 530016, India",,,5,50,OPERATIONAL,,,,Vizianagaram,Andhra Pradesh,India
google_maps,ChIJH01uNABXOToRecrpHo8j9Xs,NKN 1gram jewellery,Jewellery,Retail,"13-27-27, Beach Rd, Andhra Baptist Church Area, Bheemili, Bheemunipatnam, Visakhapatnam, Andhra Pradesh 531163, India",,,5,1,OPERATIONAL,,,,Vizianagaram,Andhra Pradesh,India
google_maps,ChIJ00x2ZVzlOzoRwRKStgU7EJE,M.V. Novelties,Jewellery,Retail,"D.No: 6, 8-52, MG Rd, Daba Gardens Area, Santha Pet, Vizianagaram, Andhra Pradesh 535001, India",098491 21902,,4.7,11,OPERATIONAL,,,,Vizianagaram,Andhra Pradesh,India
google_maps,ChIJw6TS6dTlOzoRUceJ0LtxkJo,Youth fashion corner,Jewellery,Retail,"Shop no.12 1st floor, new municipality complex, near New Poorna Road, Near Clock Tower, Park Gate Area, Vizianagaram, Andhra Pradesh 535002, India",076719 14304,,None,0,OPERATIONAL,,,,Vizianagaram,Andhra Pradesh,India
google_maps,ChIJF3UhXgDlOzoRep-0PshsqKI,Venkatesh stone fitting,Jewellery,Retail,"Rangireeju St, Santha Pet, Vizianagaram, Andhra Pradesh 535001, India",079890 44428,,5,2,OPERATIONAL,,,,Vizianagaram,Andhra Pradesh,India
google_maps,ChIJqUC6dgBnOToR24Di076lbKA,Taj's Vizag gems and jewellers,Jewellery,Retail,"R6C4+J24, Pendurthi Jct, opp. Rajamhandry Silk house, Pendurthi, Pendurti, Andhra Pradesh 531173, India",074166 99405,,5,19,OPERATIONAL,,,,Vizianagaram,Andhra Pradesh,India
google_maps,ChIJ162_-bhXOToR2WdYLIP3kE8,Vaibhav Gems,Jewellery,Retail,"3rd floor, 6-45-185, upstairs, stylo readmade, Thagarapuvalasa, satyanarayana peta, Bheemunipatnam, Andhra Pradesh 531162, India",098660 66045,,None,0,OPERATIONAL,,,,Vizianagaram,Andhra Pradesh,India
google_maps,ChIJSTIaNiNDOToRlxzbtF1FFb8,Manchukonda Gems & Jewellers,Jewellery,Retail,"Ratna Arcade, Railway Station Rd, opp. TSR Complex, Dwaraka Nagar, Visakhapatnam, Andhra Pradesh 530016, India",099087 26355,,4.4,122,OPERATIONAL,,,,Vizianagaram,Andhra Pradesh,India
google_maps,ChIJNw17CuJDOToRk28LeZwcKMg,SVADEZI - Precious Stone and Silver Artistry,Jewellery,Retail,"Sri Shanta Complex, 48-8-20, Seethammapeta Main Rd, Srinagar, Dwaraka Nagar, Visakhapatnam, Andhra Pradesh 530016, India",094900 35444,,5,47,OPERATIONAL,,,,Vizianagaram,Andhra Pradesh,India
google_maps,ChIJY-_kmUBDOToR-HkHal0diRc,Rasikh Gems and Jewellers Visakhapatnam,Jewellery,Retail,"1st Floor, Besides, Masjid-e-Taj Bagh, Madeti Homes, 49-34-3/1, Akkayyapalem Main Rd, Akkayyapalem, Visakhapatnam, Andhra Pradesh 530016, India",099512 90333,,4.7,45,OPERATIONAL,,,,Vizianagaram,Andhra Pradesh,India
google_maps,ChIJgynpMsBDOToRwF6t6S_2qfQ,SKML Diamonds,Jewellery,Retail,"# 25-8-10 , Main road Near Reading Room Kurupam, Market, Near Reading Room, Mtc palem, Port Area, Visakhapatnam, Andhra Pradesh 530001, India",096664 75201,,4.9,66,OPERATIONAL,,,,Vizianagaram,Andhra Pradesh,India
google_maps,ChIJQWwBPQCbOzoRb7DJn25uEI0,Sri Vasavi Laser Gold Soldering works,Jewellery,Retail,"H9F6+J3V, Chinna Bazaar Veedhi, beside Nice Photo studio, Maharanipeta, Bobbili, Andhra Pradesh 535558, India",,,5,1,OPERATIONAL,,,,Vizianagaram,Andhra Pradesh,India
google_maps,ChIJB5ndDwDlOzoREhYBQ_T4GKk,Sudda street,Jewellery,Retail,"10-9-11A, Hukumpet Rd, Lanka Patnam, Hukumpet, Vizianagaram, Andhra Pradesh 535002, India",,,None,0,OPERATIONAL,,,,Vizianagaram,Andhra Pradesh,India
google_maps,ChIJyRuCwcvlOzoRUwlJUE9JEgo,శ్రీ దుర్గా మెషిన్ చైన్స్,Jewellery,Retail,"4C85+Q93, Rangireeju St, Polyster House Area, Santha Pet, Vizianagaram, Andhra Pradesh 535001, India",,,5,1,OPERATIONAL,,,,Vizianagaram,Andhra Pradesh,India
google_maps,ChIJYyAEx_rlOzoRdWNdyzgRPm4,Gold Smith Works,Jewellery,Retail,"Arakala Veedhi, Arkala Veedhi, Santha Pet, Vizianagaram, Andhra Pradesh 535001, India",095020 87590,,None,0,OPERATIONAL,,,,Vizianagaram,Andhra Pradesh,India
google_maps,ChIJcXT8j_DlOzoRdwqV8wiCCDg,Veda jewellery works,Jewellery,Retail,"4-10-44, Kuppili Street, near Butchenna Koneru Old Power Office, Santha Pet, Vizianagaram, Andhra Pradesh 535001, India",094901 71659,,None,0,OPERATIONAL,,,,Vizianagaram,Andhra Pradesh,India
google_maps,ChIJjff-SJflOzoRWEJ8gK-Og0c,Sai krishna gold works,Jewellery,Retail,"Parpathi veedhi, Santha Pet, Vizianagaram, Andhra Pradesh 535002, India",063041 06080,,None,0,OPERATIONAL,,,,Vizianagaram,Andhra Pradesh,India
google_maps,ChIJXWtfQUlDOToRYFyZctG38Ak,SKML GOLD WORK SHOP (Chinna),Jewellery,Retail,"Pavan Palace, A-1, Telugu Talli Flyover, near Station Road, Dwaraka Nagar, Visakhapatnam, Andhra Pradesh 530016, India",,,4.7,14,OPERATIONAL,,,,Vizianagaram,Andhra Pradesh,India
google_maps,ChIJDcwbEpsPPDoRI3-qj7xDLpY,Gold smith giri gold work,Jewellery,Retail,"6M2R+X79 Sivalaya vidhi, Garikipalem, Andhra Pradesh 532407, India",,,3,1,OPERATIONAL,,,,Vizianagaram,Andhra Pradesh,India
google_maps,ChIJv5gvA8zlOzoRs3GQx07i07M,SRI LAKSHMI GOLDWORKS,Jewellery,Retail,"Sai Nagar Rd, near ward sachivalayam, opposite house, Thotapalem, Balaji Nagar, Vizianagaram, Andhra Pradesh 535003, India",,,None,0,OPERATIONAL,,,,Vizianagaram,Andhra Pradesh,India
google_maps,ChIJT6FzZgDlOzoRypMds7AbPZA,LVN Moulding works,Jewellery,Retail,"4C84+QVH, SKP Temple Area, Santha Pet, Vizianagaram, Andhra Pradesh 535001, India",,,None,0,OPERATIONAL,,,,Vizianagaram,Andhra Pradesh,India
google_maps,ChIJ397-CoblOzoRA5GgnPCaZA0,AKSHAYALAKSHMI CASTING MOULDING,Jewellery,Retail,"Vinayaka Temple, MG Rd, Santha Pet, Vizianagaram, Andhra Pradesh 535001, India",081062 96899,,5,3,OPERATIONAL,,,,Vizianagaram,Andhra Pradesh,India
google_maps,ChIJRUOE5KjlOzoRlwCuldu-DvA,GN JEWELLERS WORKS,Jewellery,Retail,"ambha bhavani temple, Rangireeju St, Santha Pet, Vizianagaram, Andhra Pradesh 535003, India",,,None,0,OPERATIONAL,,,,Vizianagaram,Andhra Pradesh,India
google_maps,ChIJ0eZSzMlDOToR3v7RVxP1xM0,Jyothi Moulding Works,Jewellery,Retail,"22-51, Shop no-02, 18/21, Rajappa Naidu St, Chengal Rao Peta, Port Area, Visakhapatnam, Andhra Pradesh 530001, India",,,5,8,OPERATIONAL,,,,Vizianagaram,Andhra Pradesh,India
google_maps,ChIJVcz6ZwBnOToR-Fq6aOn3JSo,Mastan Gold palace,Jewellery,Retail,"P6WC+VCH, Gopalapatnam Main Road, Laxmi Nagar, Gopalapatnam, Simhachalam, Pullambotlapalem, Andhra Pradesh 530027, India",099486 53939,,4.7,3,OPERATIONAL,,,,Vizianagaram,Andhra Pradesh,India
google_maps,ChIJU2pn07lpOToRETrdiuwGGXU,Chan Basha gold and silver polishing and repair works,Jewellery,Retail,"New, Gajuwaka - Scindia Rd, near bata showroom, Gajuwaka, Visakhapatnam, Gajuwaka, Andhra Pradesh 530026, India",,,5,3,OPERATIONAL,,,,Vizianagaram,Andhra Pradesh,India
google_maps,ChIJrR4X-0RDOToRvySD5X1V4Q4,Sree Sai Jyothi Gold Testing,Jewellery,Retail,"22-51-25, Vasantharao Street, Kurupam Market, Town Hall St, One Town, Area, Port Area, Visakhapatnam, Andhra Pradesh 530001, India",090322 33413,,4.9,19,OPERATIONAL,,,,Vizianagaram,Andhra Pradesh,India
google_maps,ChIJPyccLsMVPDoRskxgjkcwgQE,SKM Gold Works,Jewellery,Retail,"Champagalli street, Srikakulam, Duppalavalasa, Andhra Pradesh 532001, India",,,5,1,OPERATIONAL,,,,Vizianagaram,Andhra Pradesh,India
google_maps,ChIJTerXjRBDOToRVOp1kb3M7eY,SAI JEWELLERS&WORKS,Jewellery,Retail,"12-10-7, opposite District Court, Krishnagar, Prakash Rao peta, Maharani Peta, Visakhapatnam, Andhra Pradesh 530002, India",096400 66211,,5,22,OPERATIONAL,,,,Vizianagaram,Andhra Pradesh,India
google_maps,ChIJLfwPmZEVPDoRYuvNl88Madw,Sri kanchi kamakshi gold works,Jewellery,Retail,"BENEATH LAXMI SILKS , CHAMPAGALLI STREET, GT ROAD, KOLLAVARI STREET, opp. VENUS HOTEL LINE, Seven Rd Junction Area, Chinna Bharatham Colony, Srikakulam, Andhra Pradesh 532001, India",,,5,2,OPERATIONAL,,,,Vizianagaram,Andhra Pradesh,India
google_maps,ChIJCxgyNVDlOzoRC0PzWUn544w,Veda Jewellery Works,Jewellery,Retail,"D.No:15-1-41, P.B.Road, Lanka Veedhi, Stadium Road, near Maszid, Three Lamps Area, Ambati Satram Area, Vizianagaram, Andhra Pradesh 535002, India",094901 71659,,None,0,OPERATIONAL,,,,Vizianagaram,Andhra Pradesh,India
google_maps,ChIJrbXOolblOzoRNxM7xtqhQ1g,Royal Amrutha Jewelleryworks,Jewellery,Retail,"Peddapalli Veedhi, Phool Bagh, NH-36 Rajam, Palli Veedhi Area, Vizianagaram, Andhra Pradesh 535002, India",094903 03763,,5,2,OPERATIONAL,,,,Vizianagaram,Andhra Pradesh,India
google_maps,ChIJ9VAyNWhdOToRSsbEvLRT59g,Durga parameswari gold works,Jewellery,Retail,"13-996, Ramapadu, Mustafa Colony, Arilova, Visakhapatnam, Andhra Pradesh 530057, India",088973 66865,,5,1,OPERATIONAL,,,,Vizianagaram,Andhra Pradesh,India
google_maps,ChIJayeIPwBDOToRAAAAcHHEGxo,SHAIKNAZEER BHASHA Polishing,Jewellery,Retail,"Kurpam Market, SHAIKNAZEER BHASHA Polishing, Port Area, Visakhapatnam, Andhra Pradesh 530001, India",095150 82905,,5,1,OPERATIONAL,,,,Vizianagaram,Andhra Pradesh,India
google_maps,ChIJnXoFx-VDOToRjCmfZM2v59g,Munna Bhai Gold & Silver Polishing centre,Jewellery,Retail,"ratna arcade, cellular (Preethi emporium building, 1st Ln, opp. tsr complex, Opposite ANR Shopping Mall, Dwaraka Nagar, Visakhapatnam, Andhra Pradesh 530016, India",076795 88343,,5,3,OPERATIONAL,,,,Vizianagaram,Andhra Pradesh,India
google_maps,ChIJuUw6iIBfOToRxF9fxb7lwKE,GOLD microart Vizag,Jewellery,Retail,"Vmrda complex ,shopno-28, Opp:Gurajada kalakhestram, Kolavanipalem, Andhra Pradesh 535183, India",,,2,1,OPERATIONAL,,,,Vizianagaram,Andhra Pradesh,India
google_maps,ChIJX1MdqFvlOzoREfO3vSzyPsY,Nagulakonda Jewellers,Jewellery,Retail,"4C85+G34, Kolla Bazar Area, Santha Pet, Vizianagaram, Andhra Pradesh 535001, India",089222 23843,,4.2,5,OPERATIONAL,,,,Vizianagaram,Andhra Pradesh,India
google_maps,ChIJY49oFBblOzoRappOfVqEylw,Style Union - Fort City Central Mall,Jewellery,Retail,"Fort City Central Mall, Gadi Khana, Pedavemali, nearby Leela Mahal Theatre, Gadi Khana, Balaji Nagar, Vizianagaram, Andhra Pradesh 535003, India",073040 53032,,4.9,16264,OPERATIONAL,,,,Vizianagaram,Andhra Pradesh,India
google_maps,ChIJVVVVRVBDOToR8pPQ2vRa2_c,BidinnhobbyS,Jewellery,Retail,"D No 9-9-26/2 , backside chinnapolamamba temple, near Ramaraju Park, Shivaji Palem, Pithapuram Colony, Maddilapalem, Visakhapatnam, Andhra Pradesh 530017, India",091543 65893,,4.8,80,OPERATIONAL,,,,Vizianagaram,Andhra Pradesh,India
google_maps,ChIJcxnRxzxDOToRe5mtQkBoirc,"MMTC-PAMP Exclusive Brand Store - Dwaraka Nagar, Visakhapatnam",Jewellery,Retail,"D.No-47-15-11, 1st Floor Aarif Building, Dwaraka Nagar, Visakhapatnam, Andhra Pradesh 530016, India",0891 666 0333,,4.9,310,OPERATIONAL,,,,Vizianagaram,Andhra Pradesh,India
google_maps,ChIJdexLGT_lOzoRdeEKF8fN5ls,Srinivasa Gold Works,Jewellery,Retail,"Kanyakaparenswari Temple, SKP Temple Area, KanyakapRemes, Vizianagaram, Andhra Pradesh 535001, India",076808 51930,,None,0,OPERATIONAL,,,,Vizianagaram,Andhra Pradesh,India
google_maps,ChIJ0e35R1blOzoR_vUqivoo6oM,SR Jewellers 1g Gold,Jewellery,Retail,"MG Rd, Near Clock Tower, Park Gate Area, Vizianagaram, Andhra Pradesh 535002, India",089786 48888,,None,0,OPERATIONAL,,,,Vizianagaram,Andhra Pradesh,India
google_maps,ChIJ6azq6UBDOToRBkwXS3y6eBc,SVBC Gold,Jewellery,Retail,"Peejay Plaza, 10-1-44/7, VIP Rd, CBM Compound, Asilmetta, Visakhapatnam, Andhra Pradesh 530003, India",0891 666 7753,,4.6,87,OPERATIONAL,,,,Vizianagaram,Andhra Pradesh,India
google_maps,ChIJoYkwKu5DOToRRALYeRo0HnQ,One gram gold wholesale,Jewellery,Retail,"P8PC+CM3, Pithapuram Colony, vishalakshi enclave, Visakhapatnam, Andhra Pradesh 530003, India",,,3.5,4,OPERATIONAL,,,,Vizianagaram,Andhra Pradesh,India
google_maps,ChIJTXcR2-J5OzoRBZEqDGE9jaQ,Vaibhav Jewellers - Jewellery Store In Parvathipuram,Jewellery,Retail,"D.No:25-1, Near, RTC Complex, Main Rd, Parvatipuram, Andhra Pradesh 535501, India",089632 22100,,4.9,6638,OPERATIONAL,,,,Vizianagaram,Andhra Pradesh,India
google_maps,ChIJsxNDvo7_OzoRU5l-a5RMr0o,Sri sai one gram gold,Jewellery,Retail,"Miracle software systems, Bhogapuram, Munjeru, Andhra Pradesh 535216, India",,,None,0,OPERATIONAL,,,,Vizianagaram,Andhra Pradesh,India
google_maps,ChIJp6XSbJWbOzoRdLIjdnswEsY,Kanakamahalaxmi Bangles Store,Jewellery,Retail,"H9F5+CPP, Bazaar Rd, Maharanipeta, Bobbili, Andhra Pradesh 535573, India",,,4.6,8,OPERATIONAL,,,,Vizianagaram,Andhra Pradesh,India
google_maps,ChIJu87UJO-bOzoRKxludSucaZ0,BARATAM JEWELLERY MART,Jewellery,Retail,"Main road, Maharanipeta, Bobbili, Andhra Pradesh 535573, India",083329 50611,,4.3,10,OPERATIONAL,,,,Vizianagaram,Andhra Pradesh,India
google_maps,ChIJrQsR9ul5OzoRb7qp2CvGJk4,Mukunda Jewellers Parvathipuram,Jewellery,Retail,"D.No:7-5, 12, Main Rd, Parvatipuram, Andhra Pradesh 535501, India",098486 98916,,5,29,OPERATIONAL,,,,Vizianagaram,Andhra Pradesh,India
google_maps,ChIJHUtjy_55OzoR0afjomuPKYY,Sri Venkateswara Jewel Palace,Jewellery,Retail,"Parvatipuram, Andhra Pradesh 535501, India",094401 05370,,3.9,65,OPERATIONAL,,,,Vizianagaram,Andhra Pradesh,India
google_maps,ChIJgTgGmArlOzoRtA3ClQxSyzI,Keertana Gold Loan,Jewellery,Retail,"1St Floor, opp. Matha Hospital, Dasannapet, Vizianagaram, Andhra Pradesh 535002, India",092810 23749,,4.8,12,OPERATIONAL,,,,Vizianagaram,Andhra Pradesh,India
google_maps,ChIJUROQo1vlOzoRjJIQYdFT-9o,Yedukondala stores,Jewellery,Retail,"Nathani Building, 1/2, near kanyakaparameswari temple, Polyster House Area, Santha Pet, Vizianagaram, Andhra Pradesh 535001, India",099480 35321,,3.8,74,OPERATIONAL,,,,Vizianagaram,Andhra Pradesh,India
google_maps,ChIJX7xtItpnOToREwdJC4RBLso,Swarna jewellery,Jewellery,Retail,"P6X9+4WG, 6-77, Gopalapatnam Main Road, Gopalapatnam, Simhachalam, Pullambotlapalem, Andhra Pradesh 530027, India",088015 35666,,4.3,353,OPERATIONAL,,,,Vizianagaram,Andhra Pradesh,India
google_maps,ChIJV1n8-OBhOToRSu-_otVhBmE,RAJA JEWELLERY,Jewellery,Retail,"Sabbavaram Rd, Kothavalasa, Andhra Pradesh 535183, India",090146 50559,,None,0,OPERATIONAL,,,,Vizianagaram,Andhra Pradesh,India
google_maps,ChIJ6exjB1vlOzoRjaK_wiPHPbc,Sri Sravya Jewellers,Jewellery,Retail,"D.No: 7-6-8, Main Road, MG Rd, opp. Kolla Bazar Road, Kolla Bazar Area, Santha Pet, Vizianagaram, Andhra Pradesh 535001, India",093923 85663,,4.7,3,OPERATIONAL,,,,Vizianagaram,Andhra Pradesh,India
google_maps,ChIJ_Y33CFvlOzoRacg4Fmd5Jho,V.S.R. Jewellers,Jewellery,Retail,"4C85+C26, MG Rd, near Muthoot Finance Gold Loan, SKP Temple Area, Santha Pet, Vizianagaram, Andhra Pradesh 535001, India",089222 25922,,5,9,OPERATIONAL,,,,Vizianagaram,Andhra Pradesh,India
google_maps,ChIJFzb_CVvlOzoR0N71kAGdzGw,Vijaya Jewellers,Jewellery,Retail,"8-1-58, C, MG Rd, SKP Temple Area, Santha Pet, Vizianagaram, Andhra Pradesh 535001, India",099895 83346,,5,3,OPERATIONAL,,,,Vizianagaram,Andhra Pradesh,India
google_maps,ChIJTSihAFvlOzoRSshJu-bXWW4,Sri Siddhanath Gold & Silver Testing,Jewellery,Retail,"Sri Siddhanath Gold & Silver Testing center, Gold Market, MG Rd, beside Pandu complex, SKP Temple Area, Santha Pet, Vizianagaram, Andhra Pradesh 535001, India",089222 33222,,None,0,OPERATIONAL,,,,Vizianagaram,Andhra Pradesh,India
google_maps,ChIJd_NmB1vlOzoRqLTJm7Dc6jI,SHIV SHAKTHI JEWELLERS,Jewellery,Retail,"MG Rd, SKP Temple Area, Santha Pet, Vizianagaram, Andhra Pradesh 535001, India",098851 30141,,4.5,2,OPERATIONAL,,,,Vizianagaram,Andhra Pradesh,India
google_maps,ChIJ6WstzLL6OzoRnJrdU8HkVc0,Bajaj Finance Branch,Jewellery,Retail,"1St Floor, Plot No 164/A, Ring Road, opposite Mee Seva Center, Vudalayout, Babametta, Vizianagaram, Andhra Pradesh 535002, India",022 4180 4799,,4.8,546,OPERATIONAL,,,,Vizianagaram,Andhra Pradesh,India
google_maps,ChIJax6REvF3PDoRww2KmnByc94,CMR JEWELLERY,Jewellery,Retail,"SR COMPLEX, 4-7-126, Vizianagaram - Palakonda Rd, Saradhi, Andhra Pradesh 532127, India",,,4.8,17,OPERATIONAL,,,,Vizianagaram,Andhra Pradesh,India
google_maps,ChIJVZyhznrlOzoRVLJFYDFpi90,Croma - Krishnarajapuram - Vizianagaram,Jewellery,Retail,"Plot No 110 & 111, 100 Ft Ring Rd, Ice Factory Area, Krishnarajapuram, Shirdi Sai Nagar, Vizianagaram, Andhra Pradesh 535002, India",091089 24933,,4.9,580,OPERATIONAL,,,,Vizianagaram,Andhra Pradesh,India
google_maps,ChIJvwbscFvlOzoRAqX1-MjL2x0,Swetha Enterprises,Jewellery,Retail,"D.No. 8-6-9, Near Kanakaparameshri Temple Mangal Veedhi, Mangala Veedhi Area, Santha Pet, Vizianagaram, Andhra Pradesh 535001, India",099665 55243,,4.1,22,OPERATIONAL,,,,Vizianagaram,Andhra Pradesh,India
google_maps,ChIJbUJZ_hvlOzoRRERSEHzuN4E,Muthoot Money Gold Loan,Jewellery,Retail,"Ground Floor, Vizianagaram - Tagarapuvalasa Rd, near Sneha dry fruits, Gandhi Nagar, Vizianagaram, Andhra Pradesh 535004, India",1800 202 7747,,3.8,9,OPERATIONAL,,,,Vizianagaram,Andhra Pradesh,India
google_maps,ChIJdc93amjlOzoR_5OVdUlEdQ4,Muthoot Money Gold Loan,Jewellery,Retail,"1st Flr, RTC Complex, No. 8-12-13, Tankbund Rd, near Pantaloon Showroom, RTC Complex Area, Siddarth Nagar, Balaji Nagar, Vizianagaram, Andhra Pradesh 535003, India",1800 202 7747,,3,3,OPERATIONAL,,,,Vizianagaram,Andhra Pradesh,India
google_maps,ChIJU4oWbD9DOToRB-rKuNaIhLM,"GRT Jewellers - Ram Nagar, Visakhapatnam",Jewellery,Retail,"No.10-4, Navaratna Trade Centre, 15/1, NTR Rd, Opp. Hotel Meghalaya, Ram Nagar, Visakhapatnam, Andhra Pradesh 530003, India",089125 31515,,4.9,30345,OPERATIONAL,,,,Vizianagaram,Andhra Pradesh,India
google_maps,ChIJjS4pC9HlOzoRSzlPPUeFua0,IIFL Gold Loan,Jewellery,Retail,"Door No 8/12/1, Lot Mobiles Upstage, Road, opposite Mayuri Hotel, RTC Complex Area, Gadi Khana, Balaji Nagar, Vizianagaram, Andhra Pradesh 535003, India",022 7107 3232,,4.9,202,OPERATIONAL,,,,Vizianagaram,Andhra Pradesh,India
google_maps,ChIJh3OYafXlOzoRS6sNiZHmZlE,Mahaaraja alankaram,Jewellery,Retail,"Municipal complex, beside chitra gold, gantasthambam, Tower Clock Area, Park Gate Area, Vizianagaram, Andhra Pradesh 535002, India",,,4.6,5,OPERATIONAL,,,,Vizianagaram,Andhra Pradesh,India
google_maps,ChIJcYB7zHrlOzoRcAFqGlfz4LY,Visakha Steels,Jewellery,Retail,"Survey No: 17-A, 1-B, Dharmapuri Rd, Vizianagaram, Andhra Pradesh 535002, India",098481 45093,,4.3,23,OPERATIONAL,,,,Vizianagaram,Andhra Pradesh,India
google_maps,ChIJ61bJUJ_HOzoRtiHykrbqseg,"Muthoot MCred Gold Loan In S Kota, Vizianagaram (Muthoottu Mini)",Jewellery,Retail,"Door No 12-183/1, First Floor Araku-Vizag Roag, opp. Muntaj Hotel, S Kota, Vizianagaram, Ramachandrapuram, Andhra Pradesh 535145, India",089662 65022,,None,0,OPERATIONAL,,,,Vizianagaram,Andhra Pradesh,India
google_maps,ChIJn8bc5fRDOToR0y6UanhZdis,Sri Maruthi Jewellers,Jewellery,Retail,"56-1-70, Durga Nagar, Gavara Kanchara Palem, Kancharapalem, Visakhapatnam, Andhra Pradesh 530008, India",093917 20216,,4.6,18,OPERATIONAL,,,,Vizianagaram,Andhra Pradesh,India
google_maps,ChIJYafiPMPbOzoRdWp8_M9Sa00,IIFL Gold Loan,Jewellery,Retail,"No 14/67, Chappada Apparao Complex, Main Road, Skota - Vizianagaram Rd, opposite Govt College Ground Gate, Srungavarapu kota, Andhra Pradesh 535145, India",022 7107 3265,,4.8,270,OPERATIONAL,,,,Vizianagaram,Andhra Pradesh,India
google_maps,ChIJJeOBNfbEOzoRNIxNTXNpQQI,Kalyana Prasanna Vaibhava Venkateswara Swami Temple,Jewellery,Retail,"Srungavarapu kota mandal Vizianagaram District Andhra Pradesh (state) PIN code, 546P+H7G, Kiltampalem, Andhra Pradesh 535145, India",094400 72795,,4.6,49,OPERATIONAL,,,,Vizianagaram,Andhra Pradesh,India
google_maps,ChIJb-qcqg8VPDoRjhvzA6QXR30,Sri Surya Collections,Jewellery,Retail,"D.no: 3, Kanyaka Parameswari Temple, 2-153, Chinna Bazar St, Ranasthali, New Colony, Srikakulam, Andhra Pradesh 532001, India",095810 09209,,5,52,OPERATIONAL,,,,Vizianagaram,Andhra Pradesh,India
google_maps,ChIJlR16e-1hOToRU1gxM1cU7H4,"Muthoot MCred Gold Loan In Kothavalasa, Vizianagaram (Muthoottu Mini)",Jewellery,Retail,"Door No 4, 87/7, K Kotapadu - Kothavalasa Rd, opposite Railway Gate, Kothavalasa, Andhra Pradesh 535183, India",089662 60167,,None,0,OPERATIONAL,,,,Vizianagaram,Andhra Pradesh,India
google_maps,ChIJ41QcEEZhOToR9eOBNBvFAHk,Muthoot FinCorp Gold Loan,Jewellery,Retail,"137, GF, Teegala Building, No. 7, Vizianagaram Rd, Kothavalasa, Andhra Pradesh 535183, India",092890 51301,,5,545,OPERATIONAL,,,,Vizianagaram,Andhra Pradesh,India
google_maps,ChIJF7db-ltnOToRwRdE8dSnIBM,CMR Jewellery,Jewellery,Retail,"7-42, Main Rd, opp. Sukanya Theatre, Gopalapatnam, Simhachalam, Pullambotlapalem, Andhra Pradesh 530027, India",063097 98686,,4.9,14959,OPERATIONAL,,,,Vizianagaram,Andhra Pradesh,India
google_maps,ChIJ0aviWEdDOToRAPIc27j-io8,Tanishq Jewellery - Vizag - VIP Road,Jewellery,Retail,"No, 3, N, Circle Building, 9/13/45/2/9, VIP Rd, beside Shoppers Stop, Asilmetta, Visakhapatnam, Andhra Pradesh 530003, India",089125 92122,,4.8,4139,OPERATIONAL,,,,Vizianagaram,Andhra Pradesh,India
google_maps,ChIJVb3_37FpOToRh25zx6O-YWc,MVS Jewel Park,Jewellery,Retail,"Suraj Towers, Opp Aseelametta Bus Stop, Rama Talkies Road, Aslimetta, CBM Compound, Asilmetta, Visakhapatnam, Andhra Pradesh 530003, India",089125 09591,,4.3,401,OPERATIONAL,,,,Vizianagaram,Andhra Pradesh,India
google_maps,ChIJ3ePiUD9hOToR7BfdJxkiAQo,IIFL Gold Loan,Jewellery,Retail,"Ground Floor Kotha Valasa, Vizianagaram Rd, opposite Pml Complex, Vizianagaram, Kothavalasa, Andhra Pradesh 535183, India",022 7107 3238,,4.9,267,OPERATIONAL,,,,Vizianagaram,Andhra Pradesh,India
google_maps,ChIJ3ZsvYmBhOToRkFr-QhYiWks,South Indian Bank - Kothavalasa Branch,Jewellery,Retail,"Ground Floor, Jami Rd, opp. Police Station, Kothavalasa, Andhra Pradesh 535183, India",089662 63263,,4.8,9,OPERATIONAL,,,,Vizianagaram,Andhra Pradesh,India
google_maps,ChIJiz_3QJhhOToRL2cLckakgWY,Bajaj Finserv Gold Loan,Jewellery,Retail,"Sy No 124/11, No 1086, Ground Floor, beside PML Complex, Kothavalasa, Andhra Pradesh 535183, India",040 4893 8084,,None,0,OPERATIONAL,,,,Vizianagaram,Andhra Pradesh,India
google_maps,ChIJxd_A5aBhOToRs7uK-a0OfzQ,Vasanth Vihar,Jewellery,Retail,"Kothavalasa, Andhra Pradesh 535183, India",097038 41234,,3.8,173,OPERATIONAL,,,,Vizianagaram,Andhra Pradesh,India
google_maps,ChIJn0WXC1vlOzoR5lWOfUIrVJE,Gandhi Mill Stores (Stihl Distributor),Jewellery,Retail,"Ground Floor, Door, No.8-5-4, Bikkavolu Vari Street, near SKP Temple Area, SKP Temple Area, Santha Pet, Vizianagaram, Andhra Pradesh 535001, India",084348 43484,,4.8,149,OPERATIONAL,,,,Vizianagaram,Andhra Pradesh,India
google_maps,ChIJ1SWU_J3lOzoRS9liIvPKryU,CMR Shopping Mall,Jewellery,Retail,"1-9/2-13/1, Station Road, Balaji Nagar, Venkata Lakshmi Area, Railway Station Area, Vizianagaram, Andhra Pradesh 535003, India",076709 00654,,4.2,524,OPERATIONAL,,,,Vizianagaram,Andhra Pradesh,India
google_maps,ChIJb7WItynlOzoRtKu1UHOTb-w,Ambabhavani Gold Work,Jewellery,Retail,"Rangireeju St, Veedhi, Santha Pet, Vizianagaram, Andhra Pradesh 535001, India",063051 58261,,None,0,OPERATIONAL,,,,Vizianagaram,Andhra Pradesh,India
google_maps,ChIJP-JHsGPlOzoRYBdnBlkOc64,Green Trends Unisex Hair & Style Salon - Vizianagaram,Jewellery,Retail,"202/1, Lakshmi Nilyam, No. 201, 100 Ft Ring Rd, beside Pizza Hut, MSN Colony, Jammu Narayana Puram Rural, Vizianagaram, Andhra Pradesh 535002, India",094405 37602,,4.7,1756,OPERATIONAL,,,,Vizianagaram,Andhra Pradesh,India
google_maps,ChIJASPSiFD7OzoRT-aJXAnrJJw,Muthoot Money Gold Loan,Jewellery,Retail,"200, 100 Ft Ring Rd, near Sri Sairam Parlour, Babametta, Jammu Narayana Puram Rural, Vizianagaram, Andhra Pradesh 535002, India",1800 202 7747,,3.6,14,OPERATIONAL,,,,Vizianagaram,Andhra Pradesh,India
google_maps,ChIJkXLXi4jlOzoRViYqenzahv4,TONI&GUY essensuals - best hairdressing salon in Vizianagaram,Jewellery,Retail,"Town Centre Layout, Plot No.10, 100 Ft Ring Rd, opposite Sri Kalyana Venkateswara Swamy Temple, Shirdi Sai Nagar, Dharmapuri, Andhra Pradesh 535002, India",093922 22811,,4.9,706,OPERATIONAL,,,,Vizianagaram,Andhra Pradesh,India
google_maps,ChIJyQBprTLlOzoR6EwDbt5SxuA,ibaco - Vizianagaram,Jewellery,Retail,"Ground Floor, 100 Ft Ring Rd, beside Go Colors, Bhagawan Nagar, Dharmapuri, Vizianagaram, Andhra Pradesh 535002, India",063018 14811,,4.7,722,OPERATIONAL,,,,Vizianagaram,Andhra Pradesh,India
google_maps,ChIJtxiFFwDlOzoRaNqeEzdAbys,LAKSHMI GOLD SMITH,Jewellery,Retail,"Clock Tower Area, 7-1-43/3, Manchukonda Vari St, Santha Pet, Vizianagaram, Andhra Pradesh 535001, India",088979 96281,,5,2,OPERATIONAL,,,,Vizianagaram,Andhra Pradesh,India
google_maps,ChIJoeUZsazlOzoRF0LZCqG4M5A,Augmont Gold | Gold For All,Jewellery,Retail,"8-12, Lower Tankbund Rd, above BNew Mobiles, Gadi Khana, Balaji Nagar, Vizianagaram, Andhra Pradesh 535003, India",079892 34155,,4,4,OPERATIONAL,,,,Vizianagaram,Andhra Pradesh,India
google_maps,ChIJW2NVBQPlOzoRe7YUaREg5q0,GN GOLD WORKS PROP NANI,Jewellery,Retail,"ambha bhavani temple, Manchukonda St, Santha Pet, Vizianagaram, Andhra Pradesh 535003, India",096520 71304,,None,0,OPERATIONAL,,,,Vizianagaram,Andhra Pradesh,India
google_maps,ChIJrxxNCFvlOzoRO06Tt8jh5fo,Sri Surya Company JEWELLERS,Jewellery,Retail,"MG Rd, SKP Temple Area, Santha Pet, Vizianagaram, Andhra Pradesh 535001, India",094905 86061,,5,3,OPERATIONAL,,,,Vizianagaram,Andhra Pradesh,India
google_maps,ChIJzSEbyjxDOToRVZj3PHyOCxI,VAIBHAV JEWELLERS - Jewellery Store In V Square Visakhapatnam,Jewellery,Retail,"V Square Building, 1st Ln, Dwaraka Nagar, Visakhapatnam, Andhra Pradesh 530016, India",0891 666 7777,,4.7,6050,OPERATIONAL,,,,Vizianagaram,Andhra Pradesh,India
google_maps,ChIJkWI_VSTlOzoRXbFJJlKH1oE,Sri Sai Srinivasa Gold Laser Soldering,Jewellery,Retail,"Rangireeju St, Santha Pet, Vizianagaram, Andhra Pradesh 535001, India",098858 87671,,5,5,OPERATIONAL,,,,Vizianagaram,Andhra Pradesh,India
google_maps,ChIJWbWBnDt5OzoReyGPYj0vavA,Vysyaraju Jewellers Parvathipuram,Jewellery,Retail,"Main Rd, opposite Padmasri Theatre, beside Manikanta Hotel, Parvatipuram, Andhra Pradesh 535501, India",090859 16916,,4.8,634,OPERATIONAL,,,,Vizianagaram,Andhra Pradesh,India
google_maps,ChIJOXCc3ThDOToR8fwj7NJZWnA,Vysyaraju Jewellers Asilmetta,Jewellery,Retail,"CBM Compound, Asilmetta, Visakhapatnam, Andhra Pradesh 530003, India",089125 23939,,4.6,3270,OPERATIONAL,,,,Vizianagaram,Andhra Pradesh,India
google_maps,ChIJxw2WpFvlOzoRDcxgLptwolI,Sri Ganesh Gold Testing,Jewellery,Retail,"Shop No. 4, Junction Manchu, Konda St, near Polyster House, SKP Temple Area, Santha Pet, Vizianagaram, Andhra Pradesh 535001, India",095420 66200,,4.8,4,OPERATIONAL,,,,Vizianagaram,Andhra Pradesh,India
google_maps,ChIJJ9oJYTwVPDoRaVy7DK8hVUw,Goyaz Silver Jewellery- Srikakulam,Jewellery,Retail,"no - 11-4-74, GT Rd, opp. GNV Jewellers, Chinna Bharatham Colony, Srikakulam, Andhra Pradesh 532001, India",072073 82666,,4.9,80,OPERATIONAL,,,,Vizianagaram,Andhra Pradesh,India
google_maps,ChIJob33ct9XOToRwYsonVv52bg,"My Kalyan Mini Store - Thagarapuvalasa, Visakhapatnam",Jewellery,Retail,"7-44-55, Ward No-10, Satyam Plaza Main Road, Thagarapuvalasa, Bheemunipatnam, Andhra Pradesh 531162, India",092400 30899,,None,0,OPERATIONAL,,,,Vizianagaram,Andhra Pradesh,India
google_maps,ChIJl2OAsmlDOToRwtGZraqKUPY,Goyaz Silver Jewellery,Jewellery,Retail,"Shop no: 10/4/17, Ground floor, behind Hotel Meghalaya, Asilmetta Junction, Ram Nagar, Visakhapatnam, Andhra Pradesh 530003, India",076666 07779,,4.8,1387,OPERATIONAL,,,,Vizianagaram,Andhra Pradesh,India
google_maps,ChIJ4QSHznrlOzoRpuieOQyaLxI,Sri Pydimamba Jewellers,Jewellery,Retail,"17-2-8, Three Lamps Area, Ambati Satram Area, Vizianagaram, Andhra Pradesh 535002, India",096666 76414,,5,2,OPERATIONAL,,,,Vizianagaram,Andhra Pradesh,India
google_maps,ChIJJVFzuqlpOToRxSiUagf9g20,Khazana Jewellery - Visakhapatnam - Gajuwaka,Jewellery,Retail,"Door No.9, 7-277, GNT Rd, Gajuwaka, Andhra Pradesh 530026, India",089125 73900,,4.8,10255,OPERATIONAL,,,,Vizianagaram,Andhra Pradesh,India
google_maps,ChIJPe7pAmzlOzoRtEldUFuTW7I,GT ASSAY & HALLMARKING CENTRE,Jewellery,Retail,"SHREE COMPLEX, 1st Floor, appachimandiram street, 7-2-3(1, Vulli Veedhi Rd, near rK TEXTILES, jn, Santha Pet, Vizianagaram, Andhra Pradesh 535001, India",081424 14411,,5,4,OPERATIONAL,,,,Vizianagaram,Andhra Pradesh,India
google_maps,ChIJhSEH2r3lOzoRmm1aDnYT01s,Srinivasa Gold nd silver repair works,Jewellery,Retail,"murugan cafe pakkana, Clock Tower, Tower Clock Area, Park Gate Area, Vizianagaram, Andhra Pradesh 535002, India",,,5,1,OPERATIONAL,,,,Vizianagaram,Andhra Pradesh,India
google_maps,ChIJWTxToIflOzoRychuuBSXjRg,SHREE GOLD TESTING,Jewellery,Retail,"7-2-3, Appachimandiram street, vulli veedhi, jn, 1st right, Santha Pet, Vizianagaram, Andhra Pradesh 535001, India",081424 14411,,5,8,OPERATIONAL,,,,Vizianagaram,Andhra Pradesh,India
google_maps,ChIJ8T9ZkbNXOToRXLwKZ9NlgMY,VSR Collections,Jewellery,Retail,"Main Road, opp. Manikanta Food Court (MFC, Thagarapuvalasa, Bheemunipatnam, Andhra Pradesh 531162, India",085002 64289,,4.9,158,OPERATIONAL,,,,Vizianagaram,Andhra Pradesh,India
google_maps,ChIJD-8zQNLlOzoR1P3imFEdESM,1Gram Gold Jewellery,Jewellery,Retail,"Shop. No :- 19, Ravva book store, Sri Satya Gold Covering, M. G. Road, opposite SVB Gopal, Mangala Veedhi Area, 2nd fooor, Santha Pet, Vizianagaram, Andhra Pradesh 535001, India",,,None,0,OPERATIONAL,,,,Vizianagaram,Andhra Pradesh,India
google_maps,ChIJhx7OqbrlOzoR34y_L3rCS_A,Fort City Central Mall,Jewellery,Retail,"Railway Station Rd, beside Leela mahal Theater, Gadi Khana, Pedavemali, Vizianagaram, Andhra Pradesh 535003, India",,,4.3,287,OPERATIONAL,,,,Vizianagaram,Andhra Pradesh,India
google_maps,ChIJtVp6gnDlOzoRbXnBSG82yp4,smiley angel customized gifts shop,Jewellery,Retail,"old, Commissioner Bunglow Rd, Subramanyam Peta, Maharanipeta, Vizianagaram, Andhra Pradesh 535002, India",,,4.9,48,OPERATIONAL,,,,Vizianagaram,Andhra Pradesh,India
google_maps,ChIJM96sEmHlOzoRGQAyDUzL6Ro,For Someone Special Gift Store,Jewellery,Retail,"1ST FLOOR, FORTCITY CENTRAL MALL, Gadi Khana, Pedavemali, Vizianagaram, Andhra Pradesh 535003, India",063028 23234,,5,332,OPERATIONAL,,,,Vizianagaram,Andhra Pradesh,India
google_maps,ChIJCTm7ZcjlOzoRA_hoevX08rk,Gantasthambam,Jewellery,Retail,"4C95+7FV, Vulli Veedhi Rd, City Bus Stand Area, Santha Pet, Vizianagaram, Andhra Pradesh 535001, India",,,4.5,128,OPERATIONAL,,,,Vizianagaram,Andhra Pradesh,India
google_maps,ChIJFdNftf4WrDsRWMuu1HNZc18,STS jewellery,Jewellery,Retail,"Dharmapuri, Tamil Nadu 636701, India",,,4.3,64,OPERATIONAL,,,,Vizianagaram,Andhra Pradesh,India
google_maps,ChIJX9uZmNwXrDsRixDU4LXu84s,SS Impon Jewellery,Jewellery,Retail,"68, Kottai Kovil St, near Kalyana kamatchi temple, Dharmapuri, Tamil Nadu 636701, India",099406 22117,,5,2,OPERATIONAL,,,,Vizianagaram,Andhra Pradesh,India
google_maps,ChIJZ3F8PVHlOzoRVIePDNNQPpU,Sri Srinivasa Imitation Jewellery,Jewellery,Retail,"Taraka Rama Colony, near Collector Office, Kanapaka, Vizianagaram Cantonment, Vizianagaram, Andhra Pradesh 535003, India",074286 96846,,None,0,OPERATIONAL,,,,Vizianagaram,Andhra Pradesh,India
google_maps,ChIJj7tmCmTlOzoRaka6jZJYNEo,MONIA GOLD COVERING AND IMMITATION JEWELLERY,Jewellery,Retail,"1-3/12-3, Marvadi St, CANTONMENT, Vizianagaram, Andhra Pradesh 535003, India",,,5,1,OPERATIONAL,,,,Vizianagaram,Andhra Pradesh,India
google_maps,ChIJyw7Qg1vlOzoR87D3XRz-oZI,Voylla Fashion Jewelry,Jewellery,Retail,"ground floor, NCS Mall, MG Rd, near SBI Main Branch, SKP Temple Area, Santha Pet, Vizianagaram, Andhra Pradesh 535001, India",,,5,1,OPERATIONAL,,,,Vizianagaram,Andhra Pradesh,India
google_maps,ChIJ0X6nqVTlOzoRdd1jqPdjZms,MINISO Vizianagaram,Jewellery,Retail,"Shop no 101, pizza hut, 100 Ft Ring Rd, opp. the sun school, MSN Colony, Dharmapuri, Andhra Pradesh 535002, India",,,4.9,60,OPERATIONAL,,,,Vizianagaram,Andhra Pradesh,India
google_maps,ChIJ0yFEC1vlOzoRHKI5Qzqp4q0,Sri Collections,Jewellery,Retail,"Bikkavolu Street, opp. Gandhi Mill Stores, SKP Temple Area, Santha Pet, Vizianagaram, Andhra Pradesh 535001, India",099899 43334,,4.2,11,OPERATIONAL,,,,Vizianagaram,Andhra Pradesh,India
google_maps,ChIJadQQ4NPnOzoRJZgmP2n2UB0,Sri Gayatri Fancy & Bangles,Jewellery,Retail,"Sekha Veedhi Street, Jami, Andhra Pradesh 535250, India",,,4.8,8,OPERATIONAL,,,,Vizianagaram,Andhra Pradesh,India
google_maps,ChIJnTmHglSSOToRO3vc4f-VrMg,Satyasri 1 Gram Jewellery & Fancy,Jewellery,Retail,"Saraswathi Press Junction, opposite Sri Satyasrinivasa Tailoring materials, Narsipatnam, Andhra Pradesh 531116, India",076720 55551,,5,43,OPERATIONAL,,,,Vizianagaram,Andhra Pradesh,India
google_maps,ChIJ8xOIMbxDOToRt3Ot_pPydwU,"Kushal's Fashion Jewellery - Siripuram, Visakhapatnam",Jewellery,Retail,"Shop no, Landmark Building, 03, Sampath Vinayaka Temple Rd, Waltair Uplands, Ram Nagar, Visakhapatnam, Andhra Pradesh 530003, India",098735 85124,,4.8,1734,OPERATIONAL,,,,Vizianagaram,Andhra Pradesh,India
google_maps,ChIJwTfHegDlOzoRfz7dJ6Yp2n4,SR Shopping Mall - Vizianagaram,Jewellery,Retail,"MG Rd, Daba Gardens Area, Kaspa West, Vizianagaram, Andhra Pradesh 535001, India",082470 95080,,4.6,1592,OPERATIONAL,,,,Vizianagaram,Andhra Pradesh,India
google_maps,ChIJD8NNAQDbOzoR-O-fm5_O3-k,Sri Sai Lakshmi bangles and fancy store,Jewellery,Retail,"25F5+VJ6, Lakkavarapukota Seetharampuram, Andhra Pradesh 535161, India",,,5,1,OPERATIONAL,,,,Vizianagaram,Andhra Pradesh,India
google_maps,ChIJsTJpPVDlOzoREi8CpNjrZMM,Sri Gowri Paidimamba Bangles & Fancy,Jewellery,Retail,"MG Road, 4C76+PW9, Three Lamps Area, beside Profit Shoe Company, Three Lamps Area, Park Gate Area, Vizianagaram, Andhra Pradesh 535002, India",099665 36742,,4,4,OPERATIONAL,,,,Vizianagaram,Andhra Pradesh,India
google_maps,ChIJ85ZMhPvlOzoRc13Au48_rFE,"Pantaloons (LTB Road, RTC Complex Area, Vizianagaram)",Jewellery,Retail,"Ground-2nd Floor, No. 8-12-13, Lower Tankbund Rd, beside Domino's Pizza, RTC Complex Area, Siddarth Nagar, Balaji Nagar, Vizianagaram, Andhra Pradesh 535003, India",093816 22550,,3.9,229,OPERATIONAL,,,,Vizianagaram,Andhra Pradesh,India
google_maps,ChIJY5x5FxSbOzoRGu2P-2dfz0A,Sairam Imitation Jewellery & Fashion Hub,Jewellery,Retail,"near thandra paparaya statue, Aguruvidi, Bobbili, Andhra Pradesh 535558, India",,,5,21,OPERATIONAL,,,,Vizianagaram,Andhra Pradesh,India
google_maps,ChIJmTaeEoTlOzoRO-My6UR7ySU,Godavari Trade Fare Cum Exhibition,Jewellery,Retail,"4C45+W2V, Lower Tankbund Rd, Gadi Khana, Lower Tankbund Area, Vizianagaram, Andhra Pradesh 535002, India",,,3.8,19,OPERATIONAL,,,,Vizianagaram,Andhra Pradesh,India
google_maps,ChIJz7u0g1vlOzoRKR_gg-l2kWs,Sree Sai Decorations,Jewellery,Retail,"MG Rd, SKP Temple Area, Santha Pet, Vizianagaram, Andhra Pradesh 535001, India",099514 50906,,4.5,43,OPERATIONAL,,,,Vizianagaram,Andhra Pradesh,India
google_maps,ChIJBXI8ck3lOzoRgPoIjI3747c,V2 Retail - Balaji Nagar,Jewellery,Retail,"Tankbund Rd, beside RTC Complex Area, Balaji Nagar, Vizianagaram, Andhra Pradesh 535003, India",081309 07705,,3.5,10,OPERATIONAL,,,,Vizianagaram,Andhra Pradesh,India
google_maps,ChIJJR8LuGRbOToR7pDFvLOU4b8,Fidha Imitation Jewellery,Jewellery,Retail,"D-No MIG 1-37, opp. ICICI Bank, near Vatsalya Hospital, Dharmapuri Colony, Midhilapuri Vuda Colony, Madhurawada, Madhuravada, Andhra Pradesh 530041, India",,,5,32,OPERATIONAL,,,,Vizianagaram,Andhra Pradesh,India
google_maps,ChIJ6egbfWnlOzoRjA4xW51nWCw,Sai Gift Shoppee (SGS),Jewellery,Retail,"Shop No. 02 Sai Complex, Mayuri Junction, Mayuri Junction Area, Balaji Nagar, Vizianagaram, Andhra Pradesh 535003, India",081437 52642,,4.6,845,OPERATIONAL,,,,Vizianagaram,Andhra Pradesh,India
google_maps,ChIJl7KciWPlOzoRRRb_r-fibRA,Mahaveer Collections,Jewellery,Retail,"Shop 40-82, Shree Balaji Textile Market, Cloth Market Area, Vizianagaram, Andhra Pradesh 535003, India",089222 79389,,4.7,29,OPERATIONAL,,,,Vizianagaram,Andhra Pradesh,India
google_maps,ChIJw-4Op1vlOzoRn-vbv2rdncc,Dachepalli Seetaramayya Son Jewellers,Jewellery,Retail,"4C84+GXP, MG Rd, near Shantapet Masjid, SKP Temple Area, Santha Pet, Vizianagaram, Andhra Pradesh 535001, India",089222 20195,,None,0,OPERATIONAL,,,,Vizianagaram,Andhra Pradesh,India
google_maps,ChIJxcEmqFvlOzoRV8fidR5LKZ8,MACHUKONDA Sri Rama Mahita Jewellers,Jewellery,Retail,"Door No. 7-6, 3(3, MG Rd, SKP Temple Area, Near, Santha Pet, Vizianagaram, Andhra Pradesh 535001, India",096666 77751,,4.3,3,OPERATIONAL,,,,Vizianagaram,Andhra Pradesh,India
google_maps,ChIJYeHwaXjlOzoRxPYyTeHpXTI,"Titan World - Balaji Nagar, Vizianagaram",Jewellery,Retail,"Revenue Ward No 8, PSN Estate, nearby RPC Complex, RTC Complex Area, Gadi Khana, Balaji Nagar, Vizianagaram, Andhra Pradesh 535001, India",080 6291 4691,,4.8,18,OPERATIONAL,,,,Vizianagaram,Andhra Pradesh,India
google_maps,ChIJWcZNnA-bOzoRgNxIgnc1mZ4,Sri Venkateswara Jewellers,Jewellery,Retail,"main road, Aguruvidi, Bobbili, Andhra Pradesh 535573, India",073822 01878,,4.7,16,OPERATIONAL,,,,Vizianagaram,Andhra Pradesh,India
google_maps,ChIJEZ1bVzubOzoRg8SB5wkYdrc,Srinivasa Jewellery Mall,Jewellery,Retail,"Srinivasa Jewellery Mall, Bobbili - Penta Rd, Maharanipeta, Bobbili, Andhra Pradesh 535558, India",085000 45456,,None,0,OPERATIONAL,,,,Vizianagaram,Andhra Pradesh,India
google_maps,ChIJQwzndZWbOzoRsftbe-Yl2Tc,GLR JEWELLERY,Jewellery,Retail,"Bazaar Rd, Aguruvidi, Bobbili, Andhra Pradesh 535558, India",094403 43767,,3.5,20,OPERATIONAL,,,,Vizianagaram,Andhra Pradesh,India
google_maps,ChIJxZrL8Y6bOzoR3nwQrN3dHI0,Vaibhav Jewellers - Jewellery Store In Bobbili,Jewellery,Retail,"D.No: 13, 182, Janda Veedhi, Jn, Bobbili, Andhra Pradesh 535558, India",080085 72629,,4.6,1655,OPERATIONAL,,,,Vizianagaram,Andhra Pradesh,India
google_maps,ChIJ4zjAt-qbOzoRklS06bukNCk,Srikanth Jewel Palace,Jewellery,Retail,"25-82/4/A,Sivalayam street, opp. sivalayam temple, Aguruvidi, Bobbili, Andhra Pradesh 535573, India",090109 54759,,3.7,9,OPERATIONAL,,,,Vizianagaram,Andhra Pradesh,India
google_maps,ChIJy5a6jFrlOzoRaqU9InioV70,Tower Clock Area,Jewellery,Retail,"Tower Clock Area, Kaspa West, Vizianagaram, Andhra Pradesh, India",,,None,0,OPERATIONAL,,,,Vizianagaram,Andhra Pradesh,India
google_maps,ChIJj53su1vlOzoRgdHMR5-uqaw,Taj Watch Service,Jewellery,Retail,"Junction, Chinna Veedhi, near SKP Temple, Polyster House Area, Santha Pet, Vizianagaram, Andhra Pradesh 535001, India",098851 29670,,3.9,8,OPERATIONAL,,,,Vizianagaram,Andhra Pradesh,India
google_maps,ChIJ5cYOqm_lOzoRMHQiXlAw1Mo,Devi Jewellers,Jewellery,Retail,"7-6-5, MG Rd, Tower Clock Area, Santha Pet, Vizianagaram, Andhra Pradesh 535001, India",,,4.8,4,OPERATIONAL,,,,Vizianagaram,Andhra Pradesh,India
google_maps,ChIJVaml8FrlOzoR0grWWH4vSYA,K.S.P. Gems & Jewellers,Jewellery,Retail,"4C85+8JC, MG Rd, Near Clock Tower, Santha Pet, Vizianagaram, Andhra Pradesh 535001, India",099660 01943,,None,0,OPERATIONAL,,,,Vizianagaram,Andhra Pradesh,India
google_maps,ChIJ__RrjFrlOzoRaBBnEdpU3sI,Near Clock Tower,Jewellery,Retail,"Near Clock Tower, Vizianagaram, Andhra Pradesh, India",,,None,0,OPERATIONAL,,,,Vizianagaram,Andhra Pradesh,India
google_maps,ChIJiXNO_lrlOzoRQDtY4rPFPDU,Sri Aishwarya Laxmi Jewellers,Jewellery,Retail,"Clock tower, Near, MG Rd, Kolla Bazar Area, Santha Pet, Vizianagaram, Andhra Pradesh 535001, India",099082 85224,,None,0,OPERATIONAL,,,,Vizianagaram,Andhra Pradesh,India
google_maps,ChIJu3Nw9FrlOzoRXeNoNXEXyD8,Vizianagaram Clock Tower,Jewellery,Retail,"Santhapeta, Tower Clock Area, Ghantastambham, Santha Pet, Vizianagaram, Andhra Pradesh 535001, India",,,4.4,6604,OPERATIONAL,,,,Vizianagaram,Andhra Pradesh,India
google_maps,ChIJiagWolvlOzoR-M0iu21YoRk,M.A.R. Jewellers,Jewellery,Retail,"opp. Vasavi Market, near Clock Tower, Tower Clock Area, Santha Pet, Vizianagaram, Andhra Pradesh 535001, India",099892 07284,,4,2,OPERATIONAL,,,,Vizianagaram,Andhra Pradesh,India
google_maps,ChIJ43fQ_lrlOzoRezMHuQevvpU,SHRI BHARATI JEWELLERS & PAWN BROKERS;NAVARATNAMS,Jewellery,Retail,"MG Road, Near Clock Tower, Santha Pet, Vizianagaram, Andhra Pradesh 535001, India",089222 23272,,None,0,OPERATIONAL,,,,Vizianagaram,Andhra Pradesh,India
google_maps,ChIJK4q300zlOzoRcWUw2oSk-38,Sree Lakshmi Jewellers,Jewellery,Retail,"D.No:26-1, Dosanna Peta, Ring Road, SBB Building, Dasannapet, Vizianagaram, Andhra Pradesh 535002, India",091606 90662,,5,1,OPERATIONAL,,,,Vizianagaram,Andhra Pradesh,India
google_maps,ChIJIWuj_69hOToRvbNW8yMNjvk,Sri Lakshmi Sowbhayavathi Jewellers,Jewellery,Retail,"Kothavalasa, Andhra Pradesh 535183, India",095029 98752,,None,0,OPERATIONAL,,,,Vizianagaram,Andhra Pradesh,India
google_maps,ChIJ80yow0xhOToRdjd6WXwvFo8,Sri ganesh bangles store,Jewellery,Retail,"8, Sabbavaram Rd, no name, Kothavalasa, Andhra Pradesh 535183, India",,,5,3,OPERATIONAL,,,,Vizianagaram,Andhra Pradesh,India
google_maps,ChIJ-ZS5VrNhOToRgvXHs51o7NE,NAND GOPAL JEWELLERS,Jewellery,Retail,"Sabbavaram - k kotapadu Rd, opposite PHC government hospital, Kothavalasa, Andhra Pradesh 535183, India",092920 00650,,None,0,OPERATIONAL,,,,Vizianagaram,Andhra Pradesh,India
google_maps,ChIJxxaf4MlhOToRHG1xUo9Y-VU,Sri Venkateswara stores and jewellers,Jewellery,Retail,"Sri Venkateswara stores, Kothavalasa - Vizianagaram Rd, Kothavalasa, Andhra Pradesh 535183, India",096764 99024,,5,1,OPERATIONAL,,,,Vizianagaram,Andhra Pradesh,India
google_maps,ChIJ4cW0-VrlOzoR0_KtUmbHMNQ,Sri Kanakaparameswari Jewellers,Jewellery,Retail,"D.No: 7, 6-26, MG Rd, Near Clock Tower, Santha Pet, Vizianagaram, Andhra Pradesh 535001, India",094402 54040,,None,0,OPERATIONAL,,,,Vizianagaram,Andhra Pradesh,India
google_maps,ChIJ67HTAVvlOzoRqQJROUsJQSQ,SREE RANGANADHA JEWELLERS,Jewellery,Retail,"MG Rd, opp. Kolla Bazar Road, Kolla Bazar Area, Santha Pet, Vizianagaram, Andhra Pradesh 535001, India",081432 38383,,1.5,2,OPERATIONAL,,,,Vizianagaram,Andhra Pradesh,India
google_maps,ChIJ6cnlBVvlOzoRlxtV8NwgQ3A,Sree Nagnechi Jewellers,Jewellery,Retail,"MG Rd, opp. Pandu Complex, Kolla Bazar Area, Santha Pet, Vizianagaram, Andhra Pradesh 535001, India",089222 33325,,None,0,OPERATIONAL,,,,Vizianagaram,Andhra Pradesh,India
google_maps,ChIJgVpcul3lOzoR3AM5hNtVV_g,M.G. ROAD VIZIANAGARAM DABAGARDENS,Jewellery,Retail,"4C82+RR5, MG Rd, State Bank Main Branch Area, Santha Pet, Vizianagaram, Andhra Pradesh 535001, India",089222 24199,,4.2,373,OPERATIONAL,,,,Vizianagaram,Andhra Pradesh,India
google_maps,ChIJsVDNAVvlOzoR0LysFHU_p8o,Sri Valli Jewellers,Jewellery,Retail,"MG Road, 4C85+F83, Kolla Bazar Area, Santha Pet, Vizianagaram, Andhra Pradesh 535001, India",089778 21979,,None,0,OPERATIONAL,,,,Vizianagaram,Andhra Pradesh,India
google_maps,ChIJWYuN-xLlOzoRO06s-LVK7fk,Nmk Jewellers,Jewellery,Retail,"near Skptemple, Kolla Bazar Area, Santha Pet, Vizianagaram, Andhra Pradesh 535001, India",094401 92456,,1,3,OPERATIONAL,,,,Vizianagaram,Andhra Pradesh,India
google_maps,ChIJxyhmmFvlOzoRBarZukL71gQ,Sampath Kumar's Uma Jewellers,Jewellery,Retail,"Perlavari St, SKP Temple Area, Santha Pet, Vizianagaram, Andhra Pradesh 535001, India",090322 17517,,None,0,OPERATIONAL,,,,Vizianagaram,Andhra Pradesh,India
google_maps,ChIJ9RcfGQDlOzoRu4O7SDNBp1U,bhavani gold work,Jewellery,Retail,"4-11-14, Butchanna Koneru Rd, Bodduvari Junction, Santha Pet, Vizianagaram, Andhra Pradesh 535001, India",,,5,1,OPERATIONAL,,,,Vizianagaram,Andhra Pradesh,India
google_maps,ChIJuVeld6n6OzoROSU9A0VLnc4,M.A.N. Jewellery,Jewellery,Retail,"4CFH+347, Phool Bagh Colony, Phool Bagh, Vizianagaram, Andhra Pradesh 535002, India",094414 16668,,4.8,5,OPERATIONAL,,,,Vizianagaram,Andhra Pradesh,India
google_maps,ChIJF1XSl1vlOzoRFll9_2itL90,Swamy Jewellers,Jewellery,Retail,"Near Perlavari Junction, Vyshnava Street, 4C84+RQW, SKP Temple Area, Santha Pet, Vizianagaram, Andhra Pradesh 535001, India",092172 12539,,None,0,OPERATIONAL,,,,Vizianagaram,Andhra Pradesh,India
google_maps,ChIJhRVb1tblOzoRMNc8y3i3dt0,NIKKULA CHANDRA SEKHAR,Jewellery,Retail,"Sri Chandu Jewellers, Vulli Veedhi Rd, Polyster House Area, Santha Pet, Vizianagaram, Andhra Pradesh 535001, India",083286 34845,,None,0,OPERATIONAL,,,,Vizianagaram,Andhra Pradesh,India
google_maps,ChIJIcrDuVvlOzoRM52lLCkO-TY,Sri Balaji Jewellers,Jewellery,Retail,"Opp: Suryam Complex, Vulli Street, 4C85+X2G, Polyster House Area, Santha Pet, Vizianagaram, Andhra Pradesh 535001, India",090002 59623,,3.7,3,OPERATIONAL,,,,Vizianagaram,Andhra Pradesh,India
google_maps,ChIJ6fZLYFrlOzoRorOQwXo6IYM,Swapna Enterprises,Jewellery,Retail,"Shop No. 20, Park Road, opp. Municipal Office, Near Clock Tower, Santha Pet, Vizianagaram, Andhra Pradesh 535001, India",099590 27615,,4.9,9,OPERATIONAL,,,,Vizianagaram,Andhra Pradesh,India
google_maps,ChIJ0z62GcvlOzoR3yISBM-EfNw,Sarika,Jewellery,Retail,"Sarika, Andhra Pradesh, India",,,None,0,OPERATIONAL,,,,Vizianagaram,Andhra Pradesh,India
google_maps,ChIJ2dlr6EflOzoRROqqRQNe7AU,Sa'ashri Jewellers,Jewellery,Retail,"20/18/1, 100 Ft Ring Rd, Sriram Nagar Colony, Shirdi Sai Nagar, Vizianagaram, Andhra Pradesh 535002, India",,,None,0,OPERATIONAL,,,,Vizianagaram,Andhra Pradesh,India
google_maps,ChIJxyygOQDlOzoRbXXFk506emU,RAMANARAYANAM JN. VZM-O-J-013,Jewellery,Retail,"39FG+H6W, Sarika, Andhra Pradesh 535004, India",,,3.5,2,OPERATIONAL,,,,Vizianagaram,Andhra Pradesh,India
google_maps,ChIJS2XusFvlOzoReYK9fDQMG0E,Sri Siddhi Vinayaka Jewellers,Jewellery,Retail,"D.No: 7-2-7, Rangireeju Street, Near Polyster House Jn., Polyster House Area, Santha Pet, Vizianagaram, Andhra Pradesh 535001, India",096666 30098,,5,2,OPERATIONAL,,,,Vizianagaram,Andhra Pradesh,India
google_maps,ChIJVx3LBAhXOToR0M1SWBw6JE8,Sri Krishna Jewellers,Jewellery,Retail,"VFR3+47C, Gupta St, Main Road, Bheemunipatnam, Bheemili, Bheemunipatnam, Andhra Pradesh 531163, India",096399 96399,,5,1,OPERATIONAL,,,,Vizianagaram,Andhra Pradesh,India
google_maps,ChIJgb9iB1vlOzoR9pQDxG7oUwg,Srinath Jewellers,Jewellery,Retail,"Shop No.2, Pandu Complex, MG Rd, Kolla Bazar Area, Santha Pet, Vizianagaram, Andhra Pradesh 535001, India",094407 58768,,5,3,OPERATIONAL,,,,Vizianagaram,Andhra Pradesh,India
google_maps,ChIJnVRR_lrlOzoRqGT6XEwTeA4,Divya Jewellers,Jewellery,Retail,"MG Rd, Near Clock Tower, Santha Pet, Vizianagaram, Andhra Pradesh 535001, India",089222 24803,,3.8,4,OPERATIONAL,,,,Vizianagaram,Andhra Pradesh,India
google_maps,ChIJwXwU-lrlOzoRYsfTwhem-Vc,manchukonda sri venkatesh jewellers,Jewellery,Retail,"4C85+8HF, MG Rd, Tower Clock Area, Santha Pet, Vizianagaram, Andhra Pradesh 535001, India",089222 26731,,5,4,OPERATIONAL,,,,Vizianagaram,Andhra Pradesh,India
google_maps,ChIJe8jjA1vlOzoR_Vka2OFxCiM,Sri Jayalakshmi Narayana Jewellers,Jewellery,Retail,"Door No. 8, 1-40, beside Kolla Bazar Road, Kolla Bazar Area, Santha Pet, Vizianagaram, Andhra Pradesh 535001, India",094402 02018,,5,1,OPERATIONAL,,,,Vizianagaram,Andhra Pradesh,India
google_maps,ChIJ-1AvXwAPPDoRIjev0QFBPHo,Sri Mahalakshmi jewellers,Jewellery,Retail,"6M2Q+CJR, Ramatheertham road, Ranastalam, Garikipalem, Andhra Pradesh 532407, India",,,None,0,OPERATIONAL,,,,Vizianagaram,Andhra Pradesh,India
google_maps,ChIJV4ISG0zwOzoR3q4zXxkWK0k,Sri Lakshmi Ganapathi Jewellers,Jewellery,Retail,"Moida Rd, near NTR Statue, Junction, Nellimarla, Vizianagaram, Andhra Pradesh 535217, India",094411 79539,,5,1,OPERATIONAL,,,,Vizianagaram,Andhra Pradesh,India
google_maps,ChIJrbS2BlvlOzoR2rKcDYxj5yI,Sree Dhanvanth Jewellers,Jewellery,Retail,"Shop No:8, 1-43, Kolla Bazar Rd, near MG Road, Santha Pet, Vizianagaram, Andhra Pradesh 535001, India",094903 03003,,5,3,OPERATIONAL,,,,Vizianagaram,Andhra Pradesh,India
google_maps,ChIJz2uf8_H1OzoRNPoOKXrnECw,SS JEWELLERS,Jewellery,Retail,"RR NAIDU BUILDING, 7506, Cheepurupalli Rd, Cheepurupalli, Andhra Pradesh 535128, India",096766 41461,,None,0,OPERATIONAL,,,,Vizianagaram,Andhra Pradesh,India
google_maps,ChIJ15Ouwjb1OzoRqtNxqleg_BQ,Khajana Jewelers,Jewellery,Retail,"8H68+GQ2, Cheepurupalli Main Rd, Kotta Agraharam, Cheepurupalli, Andhra Pradesh 535128, India",044 4229 7788,,4.7,3,OPERATIONAL,,,,Vizianagaram,Andhra Pradesh,India
google_maps,ChIJ8TzIjGnlOzoRCXogzFr3DaU,Archies Zonekart,Jewellery,Retail,"NCS multiplex 1st floor, RTC Complex Area, Balaji Nagar, Vizianagaram, Andhra Pradesh 535003, India",099663 01718,,4.9,436,OPERATIONAL,,,,Vizianagaram,Andhra Pradesh,India
google_maps,ChIJkXUwptT7OzoRNC-5r3YEzBA,Uma's Value & variety,Jewellery,Retail,"beside Vishnu Dental Clinic, Jammu Narayana Puram Rural, Andhra Pradesh 535006, India",,,4.6,29,OPERATIONAL,,,,Vizianagaram,Andhra Pradesh,India
google_maps,ChIJB7CMpeX7OzoRS8Lac7Vhx7g,RK Jewellery and fancy store,Jewellery,Retail,"Sub registrar office way, Dasannapet, Vizianagaram, Andhra Pradesh 535002, India",,,None,0,OPERATIONAL,,,,Vizianagaram,Andhra Pradesh,India
google_maps,ChIJseNh2iX7OzoRRPNd5h9_zAA,Sri Sri Sri Viswakrma Jewelry,Jewellery,Retail,"Dasannapeta Dasannapeta, Dasannapet, Vizianagaram, Andhra Pradesh 535002, India",091607 24724,,None,0,OPERATIONAL,,,,Vizianagaram,Andhra Pradesh,India
google_maps,ChIJ____c2TlOzoRDXZcku-FwbA,Hemanth Gems And Jewellery,Jewellery,Retail,"499V+887, Cloth Market Area, Vizianagaram Cantonment, Vizianagaram, Andhra Pradesh 535003, India",,,None,0,OPERATIONAL,,,,Vizianagaram,Andhra Pradesh,India
google_maps,ChIJaUIcenvlOzoRy3ctMDZMWOg,Vizianagaram Collectorate,Jewellery,Retail,"Cantonment Road, Cantonment, 499P+2RR, Collectorate Area, Vizianagaram Cantonment, Vizianagaram, Andhra Pradesh 535003, India",089222 76712,,4.1,95,OPERATIONAL,,,,Vizianagaram,Andhra Pradesh,India
google_maps,ChIJ7QWOhsblOzoRUhq7xgKG2vM,Hanuman Store,Jewellery,Retail,"House no-669, apco bhavan, hanuman temple, Phool Bagh Colony, Phool Bagh, Vizianagaram, Andhra Pradesh 535001, India",098482 11772,,5,1,OPERATIONAL,,,,Vizianagaram,Andhra Pradesh,India
google_maps,ChIJz3QQwsvlOzoR-b4r-fXXzhs,Krishna Stores,Jewellery,Retail,"D.no:16-1-43, Minerva Area, Park Gate Area, Vizianagaram, Andhra Pradesh 535002, India",083281 05018,,4.7,52,OPERATIONAL,,,,Vizianagaram,Andhra Pradesh,India
google_maps,ChIJWfFTAVvlOzoRsOJ0Nvmllfg,Sri Lakshmi Jewellers,Jewellery,Retail,"Shop: 223205, M.G. Road, Bowdra Ring Rd, Nad Kotha Road Junction,Opp.ICICI Bank, Shri Vijaynagar Naval Colony, NSTL, Visakhapatnam, Vizianagaram, Andhra Pradesh 535001, India",089222 23205,,5,3,OPERATIONAL,,,,Vizianagaram,Andhra Pradesh,India
google_maps,ChIJ_xZKdVvlOzoRfNrAuijU9nY,Mahesh Novelty,Jewellery,Retail,"D.no. 8-1-65, 1st Floor, SK Plaza, S.K.P. Temple , MG Road, SKP Temple Area, Santha Pet, Vizianagaram, Andhra Pradesh 535001, India",094405 41474,,5,4,OPERATIONAL,,,,Vizianagaram,Andhra Pradesh,India
google_maps,ChIJl4MotUflOzoRlZ_V_njyy0k,Harsha Gift & Fancy,Jewellery,Retail,"S. No. 28-18/1-24/C, Dharmapuri Rd, opp. Kalavapuvu Meda, Krishnarajapuram, Sai Nath Colony, Vizianagaram, Andhra Pradesh 535002, India",099494 82227,,3.8,8,OPERATIONAL,,,,Vizianagaram,Andhra Pradesh,India
google_maps,ChIJaXjGQXzlOzoRLaMXP3GcYrc,Sri Sai Kirana General Stores,Jewellery,Retail,"Collectrate Bunglow, S.Kota Road, Kamakshi Nagar, Tarakam Colony, Vizianagaram Cantonment, Vizianagaram, Andhra Pradesh 535003, India",094419 62813,,4,1,OPERATIONAL,,,,Vizianagaram,Andhra Pradesh,India
google_maps,ChIJXXnzdkzbOzoRvsuuZpEWzBc,Muntaj Mall Jewellery & Sarees,Jewellery,Retail,"Srungavarapu kota, Andhra Pradesh 535145, India",098493 83234,,4.4,12,OPERATIONAL,,,,Vizianagaram,Andhra Pradesh,India
google_maps,ChIJX0U-TkNnOToRVQrbEBUwKXs,Naari Imitation Jewellery,Jewellery,Retail,"7-190/1/14, Ratnagiri Nagar, Chanikya Nagar, Chinnamushidiwada, Pendurthi, Chinnamusidivada, Andhra Pradesh 530051, India",089787 79495,,4.2,125,OPERATIONAL,,,,Vizianagaram,Andhra Pradesh,India
google_maps,ChIJYVBjOZZhOToRlR53B2LFKqU,Gowri Bangle Store,Jewellery,Retail,"OOp - surya lodge, Kothavalasa - Vizianagaram Rd, Visakhapatnam, Kothavalasa, Andhra Pradesh 535183, India",093903 14406,,1,2,OPERATIONAL,,,,Vizianagaram,Andhra Pradesh,India
google_maps,ChIJVb3_37FpOToRaR8Mc1tdV1c,Khazana Jewellery - Visakhapatnam - Dwarakanagar,Jewellery,Retail,"Gupta building, 47-15-5, Railway Station Rd, opposite TSR Complex, Dwaraka Nagar, Visakhapatnam, Andhra Pradesh 530016, India",0891 667 2900,,4.8,7905,OPERATIONAL,,,,Vizianagaram,Andhra Pradesh,India
google_maps,ChIJpeuQp6lpOToRSXVYwBXb_bg,"GRT Jewellers - Gajuwaka, Visakhapatnam",Jewellery,Retail,"10-10-47/3, GNT Rd, near Canara Bank, Gajuwaka, Andhra Pradesh 530026, India",089125 71515,,4.8,9944,OPERATIONAL,,,,Vizianagaram,Andhra Pradesh,India
google_maps,ChIJd8GfNLDlOzoRH76u3lx24qw,Chandu jewellery - a finest jewellery in vizianagaram,Jewellery,Retail,"7-2-1/1, Rangireeju St, Polyster House Area, veedhi, Vizianagaram, Andhra Pradesh 535001, India",083286 34845,,None,0,OPERATIONAL,,,,Vizianagaram,Andhra Pradesh,India
google_maps,ChIJGxlK1DtDOToRQNuWc5dkCtw,Lalithaa Jewellery Mart Limited - Vizag,Jewellery,Retail,"75/1, RTC Bus Stand, 29-1, RTC Complex, Dwaraka Nagar, Visakhapatnam, Andhra Pradesh 530016, India",0891 660 0001,,4.2,7550,OPERATIONAL,,,,Vizianagaram,Andhra Pradesh,India
google_maps,ChIJC0je_VrlOzoRnaRB_ySN3o8,Priyan Jewellery,Jewellery,Retail,"8-1-34, MG Rd, Kolla Bazar Area, Santha Pet, Vizianagaram, Andhra Pradesh 535001, India",089222 21950,,2.5,4,OPERATIONAL,,,,Vizianagaram,Andhra Pradesh,India
google_maps,ChIJmWne_VrlOzoRfxwRDCG2TSA,Sri Krishna Aditya Jewellers,Jewellery,Retail,"D/o-8, 1-33, MG Rd, Near Clock Tower, Santha Pet, Vizianagaram, Andhra Pradesh 535001, India",,,5,1,OPERATIONAL,,,,Vizianagaram,Andhra Pradesh,India
google_maps,ChIJ1wSUAFvlOzoRrNoX0VeD6o4,N.V. Singariah & Sons,Jewellery,Retail,"4C85+F69, MG Rd, Kolla Bazar Area, Santha Pet, Vizianagaram, Andhra Pradesh 535001, India",089222 22175,,5,1,OPERATIONAL,,,,Vizianagaram,Andhra Pradesh,India
google_maps,ChIJIafdOgDlOzoRv75ULqaBqSI,SSR silver jewellery,Jewellery,Retail,"4C85+Q92, Santha Pet, Vizianagaram, Andhra Pradesh 535001, India",,,5,3,OPERATIONAL,,,,Vizianagaram,Andhra Pradesh,India
google_maps,ChIJNcwOJlrlOzoR95c1qOHl6jY,SK Jewellers,Jewellery,Retail,"8-1-48, MG Rd, Kolla Bazar Area, Santha Pet, Vizianagaram, Andhra Pradesh 535001, India",093988 96171,,5,2,OPERATIONAL,,,,Vizianagaram,Andhra Pradesh,India
google_maps,ChIJrb2TCVvlOzoRMTMpGGQ-3Tg,Jewellery House,Jewellery,Retail,"8-1-58/A, MG Rd, near S.K.P. Temple, SKP Temple Area, Santha Pet, Vizianagaram, Andhra Pradesh 535001, India",089222 22821,,2,1,OPERATIONAL,,,,Vizianagaram,Andhra Pradesh,India
google_maps,ChIJaWkORADlOzoRKK5nv30LrXE,Shubham jewellers,Jewellery,Retail,"4C85+V45, 7-2-8, Rangireeju St, near Amba Bhavani Temple, Polyster House Area, veedhi, Santha Pet, Vizianagaram, Andhra Pradesh 535001, India",,,None,0,OPERATIONAL,,,,Vizianagaram,Andhra Pradesh,India
google_maps,ChIJIxkWEzTlOzoR6IZyYQwm7J0,Sree Vaayuputra Jewelleries,Jewellery,Retail,"Shop No 5, k.copmlex, N.M, MG Rd, Tower Clock Area, Santha Pet, Vizianagaram, Andhra Pradesh 535001, India",,,None,0,OPERATIONAL,,,,Vizianagaram,Andhra Pradesh,India
google_maps,ChIJ8UsEp1vlOzoRHG5qNgcLBZg,Sri Mookambika Srinivasa Jewellery Mart,Jewellery,Retail,"4C84+GXW, MG Rd, Opp. Shantapet Masjid, SKP Temple Area, Santha Pet, Vizianagaram, Andhra Pradesh 535001, India",092906 91680,,5,1,OPERATIONAL,,,,Vizianagaram,Andhra Pradesh,India
google_maps,ChIJxcjssCflOzoREKr2X_IjjTQ,SARIKA matchings,Jewellery,Retail,"Goodshed junction, Shree Balaji Textile Market, road, Cloth Market Area, Vizianagaram, Andhra Pradesh 535003, India",094904 62368,,4.4,10,OPERATIONAL,,,,Vizianagaram,Andhra Pradesh,India
google_maps,ChIJ_2WdLwDlOzoR1uoWyFNzPzI,Jayalakshmi Jewellers - Shankar,Jewellery,Retail,"Kanyaka parameswari temple, MG Rd, SKP Temple Area, Santha Pet, Vizianagaram, Andhra Pradesh 535001, India",099590 02386,,5,3,OPERATIONAL,,,,Vizianagaram,Andhra Pradesh,India
google_maps,ChIJg0VQ_lrlOzoRvPpDn3hscJE,Pandu Jewellers,Jewellery,Retail,"MG Rd, Kolla Bazar Area, Santha Pet, Vizianagaram, Andhra Pradesh 535001, India",072889 16916,,4,20,OPERATIONAL,,,,Vizianagaram,Andhra Pradesh,India
google_maps,ChIJB-hoz_ZZOToRZMunKGdAMsQ,Thanishka Jewellers,Jewellery,Retail,"AH 45 Road, near Paradise Family Restaurant, Peddipalem, Visakhapatnam, Andhra Pradesh 531163, India",,,5,12,OPERATIONAL,,,,Vizianagaram,Andhra Pradesh,India
google_maps,ChIJTfo81fHlOzoRvDJaFuaFX7k,VYSYARAJU JEWELLERS VIZIANAGARAM,Jewellery,Retail,"Daba Gardens Area, Santha Pet, Vizianagaram, Andhra Pradesh 535001, India",085169 16916,,4.7,1465,OPERATIONAL,,,,Vizianagaram,Andhra Pradesh,India
google_maps,ChIJBYdcHwz7OzoR2HPml70zOBg,Bhamane one gram gold - Vizianagaram,Jewellery,Retail,"Besides mayuri tiffins, Rtc complex road, opp. to SVN Hotel, RTC Complex Area, Siddarth Nagar, Balaji Nagar, Vizianagaram, Andhra Pradesh 535002, India",096768 43857,,5,31,OPERATIONAL,,,,Vizianagaram,Andhra Pradesh,India
google_maps,ChIJRQBioJzlOzoRlHV0dOqnqRg,666 GEMS AND JEWELLERS,Jewellery,Retail,"Cantonment, Band St, Boggula Dibba Area, Vizianagaram Cantonment, Vizianagaram, Andhra Pradesh 535003, India",,,5,2,OPERATIONAL,,,,Vizianagaram,Andhra Pradesh,India
google_maps,ChIJz8xNq8flOzoRzfCC3btg0Wk,SKDJ,Jewellery,Retail,"Rangireeju Veedhi, Shivaji Sathram, Backside of Janapriya Footwear, Junction, Vulli Veedhi Rd, Santha Pet, Vizianagaram, Andhra Pradesh 535002, India",091339 15916,,5,1,OPERATIONAL,,,,Vizianagaram,Andhra Pradesh,India
google_maps,ChIJKUQl1C_bOzoRfroyv8UsKzE,Sree Bhavani Jewellery,Jewellery,Retail,"1st Floor, Canara Bank, 12-179, opposite reliance Smart, Srungavarapu kota, Andhra Pradesh 535145, India",085550 58575,,4.9,15,OPERATIONAL,,,,Vizianagaram,Andhra Pradesh,India
google_maps,ChIJ7bMp4ixXOToR5WPwF0URz7M,Vysyaraju Jewellers Tagarapuvalasa,Jewellery,Retail,"D, Vysyaraju Jewellers, No 1-47-7, Thagarapuvalasa Main Rd, Thagarapuvalasa, Bheemunipatnam, Andhra Pradesh 531162, India",090889 16916,,4.8,144,OPERATIONAL,,,,Vizianagaram,Andhra Pradesh,India
google_maps,ChIJfxUnzQfbOzoR6e1PuwUfXew,Sri Adhilaxmi Jewellers,Jewellery,Retail,"main road, opp. Muntaj Hotel, Srungavarapu kota, Andhra Pradesh 535145, India",095111 88588,,4.9,1817,OPERATIONAL,,,,Vizianagaram,Andhra Pradesh,India
google_maps,ChIJPZPmolvlOzoRVoM-y_dtueM,Sri Venkateswara Tools,Jewellery,Retail,"D.No. 6-9/1-3, Grandhivari Street, Near, SKP Temple Area, Santha Pet, Vizianagaram, Andhra Pradesh 535001, India",098480 62656,,5,2,OPERATIONAL,,,,Vizianagaram,Andhra Pradesh,India
google_maps,ChIJZR-gfFzlOzoRRPYX4WtpWtI,Siri Sri Sateemata Bangles Stores,Jewellery,Retail,"MG Rd, opp. SBI Bazar Branch, Daba Gardens Area, Santha Pet, Vizianagaram, Andhra Pradesh 535001, India",090009 61112,,4.9,60,OPERATIONAL,,,,Vizianagaram,Andhra Pradesh,India
google_maps,ChIJw0AST1zlOzoRTlv2HNWy3so,Khazana Jewellery - Vizianagaram - Daba Gardens,Jewellery,Retail,"D, 6-8-68, MG Rd, Daba Gardens Area, Santha Pet, Vizianagaram, Andhra Pradesh 535001, India",089222 52900,,4.8,7100,OPERATIONAL,,,,Vizianagaram,Andhra Pradesh,India
google_maps,ChIJsaqQn5TlOzoRTHzdLP6eLas,LVN Laser soldering and Moulding works,Jewellery,Retail,"Grandhi vari veedhi, SKP Temple Area, Santha Pet, Vizianagaram, Andhra Pradesh 535001, India",,,5,2,OPERATIONAL,,,,Vizianagaram,Andhra Pradesh,India
google_maps,ChIJ5YoleInlOzoRBEb4LgfoHbw,Sri Padmavathi Jewellery House,Jewellery,Retail,"Ambati satram, 4C87+GV2, Konisi Veedhi, Kaspa West, Vizianagaram, Andhra Pradesh 535002, India",,,5,2,OPERATIONAL,,,,Vizianagaram,Andhra Pradesh,India
google_maps,ChIJW8KHpVvlOzoRTZic2RU8vbI,Gold Testing Centre (GT),Jewellery,Retail,"Door No. 7-1-2/1, Near Kanyakaparameswari Temple Manchukondavari Street, Santha Pet, Vizianagaram, Andhra Pradesh 535001, India",089222 38877,,4.4,7,OPERATIONAL,,,,Vizianagaram,Andhra Pradesh,India
google_maps,ChIJf4qXAaLlOzoR4VAnL8vFge0,Attica Gold Company - Gold Buyer In Vizianagaram,Jewellery,Retail,"1-9-1/49, Shop No.2, Sri Sai Complex Opp Vytla Residence, Mayuri Junction Area, Balaji Nagar, Vizianagaram, Andhra Pradesh 535003, India",088803 00300,,4.6,85,OPERATIONAL,,,,Vizianagaram,Andhra Pradesh,India
google_maps,ChIJtSUpvtflOzoReUqrBwEbS2o,Q for Queens,Jewellery,Retail,"Ground Floor, Fort city central mall, Railway Station Rd, Gadi Khana, Pedavemali, Vizianagaram, Andhra Pradesh 535003, India",079817 43865,,5,10,OPERATIONAL,,,,Vizianagaram,Andhra Pradesh,India
google_maps,ChIJ5Vk-pmflOzoRQTtIMoIw9oM,FOREVER,Jewellery,Retail,"NCS MULTIPLEX,4th FLOOR, RTC Complex Area, Balaji Nagar, Vizianagaram, Andhra Pradesh 535003, India",089859 52800,,5,188,OPERATIONAL,,,,Vizianagaram,Andhra Pradesh,India
google_maps,ChIJz9Ea-VrlOzoRMbWkH-kCk18,Ravi Jewellers,Jewellery,Retail,"MG Rd, Near Clock Tower, Santha Pet, Vizianagaram, Andhra Pradesh 535001, India",080191 19104,,4.9,42,OPERATIONAL,,,,Vizianagaram,Andhra Pradesh,India
google_maps,ChIJz3Q9ilrlOzoR_Dumo6w1v98,Chitra Gold Covering,Jewellery,Retail,"Municipal office Road, Near Clock Tower, Park Gate Area, Vizianagaram, Andhra Pradesh 535002, India",079952 77758,,4.3,63,OPERATIONAL,,,,Vizianagaram,Andhra Pradesh,India
google_maps,ChIJN1t0UcYOPDoRGuNh71sk23k,Balaji jewellers,Jewellery,Retail,"balaji jewellery, 1-24, Ravada Rd, beside old police station, Garikipalem, Andhra Pradesh 532407, India",083320 30250,,5,3,OPERATIONAL,,,,Vizianagaram,Andhra Pradesh,India
google_maps,ChIJZdA6UynlOzoRDxnkfN2wu3g,Dhanika fashion jewellery,Jewellery,Retail,"Sri Venkateswara plaza, First floor, 100 Ft Ring Rd, Jonnaguddi Area, Vizianagaram, Andhra Pradesh 535002, India",,,4.3,4,OPERATIONAL,,,,Vizianagaram,Andhra Pradesh,India
google_maps,ChIJvZWYUmvlOzoR-DgjdoOOiTM,Tanishq Jewellery - Vizianagaram,Jewellery,Retail,"126/9, 100 Ft Ring Rd, beside Punjab National Bank, Bhagawan Nagar, Vizianagaram, Andhra Pradesh 535002, India",089222 34234,,4.9,878,OPERATIONAL,,,,Vizianagaram,Andhra Pradesh,India
google_maps,ChIJ8XeOWlzlOzoRPM_Wguk0vrQ,Dhanalaxmi Jewellers,Jewellery,Retail,"Opp. Khazana, MG Rd, Daba Gardens Area, Dabathota, Vizianagaram, Andhra Pradesh 535001, India",080080 00127,,4.1,454,OPERATIONAL,,,,Vizianagaram,Andhra Pradesh,India
google_maps,ChIJVUbzmFvlOzoRMHDWh40xqU8,Krishna Jewellers,Jewellery,Retail,"4C84+MQJ, Perlavari St, near S.K.P Temple, SKP Temple Area, Veedhi, Vizianagaram, Andhra Pradesh 535001, India",089222 27040,,4.7,7,OPERATIONAL,,,,Vizianagaram,Andhra Pradesh,India
google_maps,ChIJczaqhVDlOzoRr-Q-i4OKxrI,Mahalakshmi Jewellers,Jewellery,Retail,"6-8-25, MG Rd, opp. State Bank of India, SKP Temple Area, Santha Pet, Vizianagaram, Andhra Pradesh 535001, India",095147 35147,,3.5,8,OPERATIONAL,,,,Vizianagaram,Andhra Pradesh,India
google_maps,ChIJidYxrVvlOzoRTKiMSMBs3Fg,Mahadev Impex,Jewellery,Retail,"4C85+V45, 7-2-8, Rangireeju St, near Amba Bhavani Temple, Polyster House Area, Santha Pet, Vizianagaram, Andhra Pradesh 535001, India",094908 27900,,4.9,8,OPERATIONAL,,,,Vizianagaram,Andhra Pradesh,India
google_maps,ChIJwSR6xpXlOzoR9IZOvBOHPVg,"CANDERE Lifestyle Jewellery, A Kalyan Company - Vizianagaram",Jewellery,Retail,"No. 5-1-2, 5-1-5, to, Tankbund Rd, Venkata Lakshmi Area, Chinna Veedhi, Balaji Nagar, Vizianagaram, Andhra Pradesh 535001, India",,,5,1,OPERATIONAL,,,,Vizianagaram,Andhra Pradesh,India
google_maps,ChIJdY6PoFvlOzoRsgaFTVAlbls,Lalithaa Jewellery Mart Limited,Jewellery,Retail,"MG Rd, near Jagannath Swamy Temple, Daba Gardens Area, Santha Pet, Vizianagaram, Andhra Pradesh 535001, India",089222 56123,,4.4,194,OPERATIONAL,,,,Vizianagaram,Andhra Pradesh,India
google_maps,ChIJr8KxCdHlOzoR1FY55EPeaYU,Prasanth Jewellers,Jewellery,Retail,"D.No: 6-8-44, MG Rd, Daba Gardens Area, Southward, Santha Pet, Vizianagaram, Andhra Pradesh 535001, India",,,3.7,3,OPERATIONAL,,,,Vizianagaram,Andhra Pradesh,India
google_maps,ChIJnXfzE1DlOzoRxaPeXG4aKwk,Chitra 1gram jewellery,Jewellery,Retail,"MG Rd, Minerva Area, Kaspa West, Vizianagaram, Andhra Pradesh 535002, India",,,3.4,9,OPERATIONAL,,,,Vizianagaram,Andhra Pradesh,India
google_maps,ChIJ89Da8P3lOzoRNEKNxBJUYrc,PMJ Jewels Vizianagaram,Jewellery,Retail,"Ice Factory Junction, Ring Road, opp. More Super Market, Ice Factory Area, Jonnaguddi Area, Vizianagaram, Andhra Pradesh 535002, India",096032 59111,,5,389,OPERATIONAL,,,,Vizianagaram,Andhra Pradesh,India
google_maps,ChIJEyCfTwDlOzoRxnZfzYFVCZo,Nagendra's Sri Lakshmi jewellers,Jewellery,Retail,"4C85+8VW, MG Rd, Near Clock Tower, Santha Pet, Vizianagaram, Andhra Pradesh 535002, India",094403 06484,,5,1,OPERATIONAL,,,,Vizianagaram,Andhra Pradesh,India
google_maps,ChIJ3YeAuq_lOzoRBVVy3yAMSgM,Vaibhav Jewellers - Jewellery Store In Vizianagaram,Jewellery,Retail,"Door No: 6-8-36, PVS Empire, MG Rd, near Sri Kanyaka Parameswari Temple, SKP Temple Area, Santha Pet, Vizianagaram, Andhra Pradesh 535001, India",083741 27711,,4.9,2169,OPERATIONAL,,,,Vizianagaram,Andhra Pradesh,India
google_maps,ChIJAe9G7z3lOzoR7Z_OyJl5ClU,Sri Vanitha One Gram Gold,Jewellery,Retail,"Door no 7, 3-7A, Rangireeju St, Santha Pet, Vizianagaram, Andhra Pradesh 535002, India",076609 99484,,5,15,OPERATIONAL,,,,Vizianagaram,Andhra Pradesh,India
google_maps,ChIJD0fTG73lOzoRa2JhcIiEUdk,RRR Jewellers,Jewellery,Retail,"Dhaba Thota, 8-1-172/A, MG Rd, Daba Gardens Area, Santha Pet, Vizianagaram, Andhra Pradesh 535001, India",077889 99924,,4.5,52,OPERATIONAL,,,,Vizianagaram,Andhra Pradesh,India
google_maps,ChIJ_6RPjivlOzoRcpv1z6rudDk,"Kushal's Fashion Jewellery - Srinivasa Nagar, Vizianagaram",Jewellery,Retail,"Plot no:252, 100 Ft Ring Rd, opposite Sun school, MSN Colony, Vizianagaram, Jammu Narayana Puram Rural, Andhra Pradesh 535002, India",098735 86845,,4.9,849,OPERATIONAL,,,,Vizianagaram,Andhra Pradesh,India
google_maps,ChIJ-_jI98TlOzoR2oORJDaMAEY,New Royal 1GM Jeweller,Jewellery,Retail,"Vulli Veedhi Rd, opposite GK Shopping mall, Santha Pet, Vizianagaram, Andhra Pradesh 535001, India",098851 32918,,4.5,11,OPERATIONAL,,,,Vizianagaram,Andhra Pradesh,India
google_maps,ChIJq6NEZFzlOzoRdsP9o4ynaZY,Lorven Silver Mall & Gift Shoppe,Jewellery,Retail,"D.No: 8-1-10, Opp. S.B.I Bazar Branch, Rythu Bazar Road, State Bank Colony, Daba Gardens Area, Cantonment, Vizianagaram, Andhra Pradesh 535001, India",081424 36707,,4.4,69,OPERATIONAL,,,,Vizianagaram,Andhra Pradesh,India
google_maps,ChIJWVKJCFvlOzoRuSOnCikKBtA,Sri Krishna Ganesh Jewellers,Jewellery,Retail,"Door No. 8-1-51 (1), M. G. Road, Santha Pet, Vizianagaram, Andhra Pradesh 535001, India",089222 23713,,4.9,9,OPERATIONAL,,,,Vizianagaram,Andhra Pradesh,India
google_maps,ChIJ4bf5AFvlOzoR9Sc2CUUKMEA,Venkatarayulu Jewellery House,Jewellery,Retail,"Kolla Bazar Area, Santha Pet, Vizianagaram, Andhra Pradesh 535001, India",080089 00922,,4.2,18,OPERATIONAL,,,,Vizianagaram,Andhra Pradesh,India
google_maps,ChIJnfHoedLbOzoRF0F3M5WWMfY,Sravani Collections - Skota,Jewellery,Retail,"RTC complex, Araku - Visakhapatnam Rd, Srungavarapu kota, Andhra Pradesh 535145, India",094409 53137,,5,58,OPERATIONAL,,,,Vizianagaram,Andhra Pradesh,India
google_maps,ChIJr8VT8VrlOzoRhArfGXUcfwU,Hemanth Gems And Jewellery,Jewellery,Retail,"MG Rd, Tower Clock Area, Santha Pet, Vizianagaram, Andhra Pradesh 535001, India",099634 19985,,4.9,169,OPERATIONAL,,,,Vizianagaram,Andhra Pradesh,India
google_maps,ChIJofWcMwDlOzoRsRBGmbSAnDM,The Chennai Shopping Mall,Jewellery,Retail,"498X+W2X, Tankbund Rd, Venkata Lakshmi Area, Chinna Veedhi, Balaji Nagar, Vizianagaram, Andhra Pradesh 535001, India",1800 309 9989,,4.7,539,OPERATIONAL,,,,Vizianagaram,Andhra Pradesh,India
google_maps,ChIJrXVyZuXlOzoR3G66uX2BrEI,satyakrishna jewellery works,Jewellery,Retail,"11-1-4b, putchal street, near raviconvent, Daba Gardens Area, Santha Pet, Vizianagaram, Andhra Pradesh 535001, India",,,None,0,OPERATIONAL,,,,Vizianagaram,Andhra Pradesh,India
google_maps,ChIJhYRf7VDlOzoRz6875Kl5meA,Sri Lalitha Jewellers,Jewellery,Retail,"Shivalayam Veedhi, Samrat Lodge Junction, Park Gate Road, 4C86+VX2, Konisi Street, Park Gate Area, Vizianagaram, Andhra Pradesh 535002, India",096667 00989,,4.3,23,OPERATIONAL,,,,Vizianagaram,Andhra Pradesh,India
google_maps,ChIJOeeVNKPlOzoR4opx_dhowFA,Duhitha Silver palace,Jewellery,Retail,"Santha Pet, Vizianagaram, Andhra Pradesh 535001, India",090000 48864,,5,1,OPERATIONAL,,,,Vizianagaram,Andhra Pradesh,India
google_maps,ChIJj5B9CFvlOzoRbILeD8qkqPE,SRI GOVINDA JEWELLERS,Jewellery,Retail,"Clock Tower Area, 8-1-56, SKP Temple Area, Santha Pet, Vizianagaram, Andhra Pradesh 535001, India",081691 61916,,4.5,504,OPERATIONAL,,,,Vizianagaram,Andhra Pradesh,India
google_maps,ChIJzdTtDQDlOzoRZKEFc3x3GEk,GOYAZ SILVER JEWELLERY- VIJAYANAGARAM,Jewellery,Retail,"MG Rd, SKP Temple Area, Santha Pet, Vizianagaram, Andhra Pradesh 535001, India",072073 52666,,4.8,265,OPERATIONAL,,,,Vizianagaram,Andhra Pradesh,India
google_maps,ChIJpaZiWgDlOzoRdmlyQvAk65U,"Kalyan Jewellers, Vizianagaram",Jewellery,Retail,"Door No. 5-1-2 To 5-1-5 Mahatma Gandhi Road, Tankbund Rd, Venkata Lakshmi Area, Chinna Veedhi, Balaji Nagar, Vizianagaram, Andhra Pradesh 535001, India",092288 42060,,None,0,OPERATIONAL,,,,Vizianagaram,Andhra Pradesh,India
google_maps,ChIJIcmLy4HlOzoRQOyD_OE0P1k,My Kalyan Mini Store,Jewellery,Retail,"15-1-29, Ward, No-11, Phool Bagh Rd, Kaspa West, Vizianagaram, Andhra Pradesh 535002, India",092400 30899,,4.5,6,OPERATIONAL,,,,Vizianagaram,Andhra Pradesh,India
google_maps,ChIJDTwxQwXlOzoRXATZFAexmL0,CMR Jewellery,Jewellery,Retail,"1-9/2-13/1, Station Road, Balaji Nagar, Venkata Lakshmi Area, Railway Station Area, Vizianagaram, Andhra Pradesh 535003, India",063097 98686,,4.9,4092,OPERATIONAL,,,,Vizianagaram,Andhra Pradesh,India
google_maps,ChIJ9UoYURMJPDoRgjzyu0VzUb8,Deva Jewellery,Jewellery,Retail,"NH 16, opp. sbi, Pydibimavaram, Andhra Pradesh 532409, India",,,4.8,25,OPERATIONAL,,,,Vizianagaram,Andhra Pradesh,India
google_maps,ChIJrSRYBlvlOzoRWnBlmeb3e_o,Sri Rambabu Jewellers,Jewellery,Retail,"4C85+94V, MG Rd, Kolla Bazar Area, Santha Pet, Vizianagaram, Andhra Pradesh 535001, India",093913 64571,,4.5,21,OPERATIONAL,,,,Vizianagaram,Andhra Pradesh,India
google_maps,ChIJ0QaNr1dhOToR-3CX_Law6Wg,Sri Theegala Jewellery,Jewellery,Retail,"Sabbavaram Rd, beside Vasavi complex, Kothavalasa, Andhra Pradesh 535183, India",089199 69939,,5,1,OPERATIONAL,,,,Vizianagaram,Andhra Pradesh,India
google_maps,ChIJT4qmf3dXOToR9LNEeuawt4U,Vijjapu Pydisetty jewellers,Jewellery,Retail,"main road, opp. Baba Temple, Thagarapuvalasa, Bheemunipatnam, Andhra Pradesh 531162, India",098499 19711,,5,1,OPERATIONAL,,,,Vizianagaram,Andhra Pradesh,India
google_maps,ChIJOWJrtDXbOzoR93gAZcN9nI8,SRI KANAKA MAHA LAKSHMI JEWELLERS,Jewellery,Retail,"446R+MC2, Srungavarapu kota, Andhra Pradesh 535145, India",087905 35242,,3.9,18,OPERATIONAL,,,,Vizianagaram,Andhra Pradesh,India
google_maps,ChIJd51dZgfvOzoRXbgB575TePk,Malabar Gold and Diamonds - Vizianagaram,Jewellery,Retail,"SPARKLE GOLD RETAIL VENTURES LLP, Ground Floor and First Floor, Fort City Central Mall, Main Road, opp. Railway Station Road, Gadi Khana, Gajularega, Vizianagaram, Andhra Pradesh 535003, India",089222 24916,,4.9,1643,OPERATIONAL,,,,Vizianagaram,Andhra Pradesh,India
google_maps,ChIJ8yBKFwhXOToR09Bpg6Tudi0,Pydisetty Jewellers,Jewellery,Retail,"Beach Rd,Main Road, Bheemunipatnam, Bheemili, Bheemunipatnam, Andhra Pradesh 531163, India",098660 50023,,4.3,14,OPERATIONAL,,,,Vizianagaram,Andhra Pradesh,India
google_maps,ChIJgVj9jmHlOzoR6mYoYm-Wv6Q,Laxmi Narayana jewellers,Jewellery,Retail,"Rangireeju St, Polyster House Area, Santha Pet, Vizianagaram, Andhra Pradesh 535001, India",098669 56341,,5,5,OPERATIONAL,,,,Vizianagaram,Andhra Pradesh,India
google_maps,ChIJpVtQB1vlOzoR86jYh1G3IL0,Ratan Jewellers,Jewellery,Retail,"Shop No. 12, Pandu Complex, MG Rd, Kolla Bazar Area, Santha Pet, Vizianagaram, Andhra Pradesh 535001, India",099403 39625,,3.9,15,OPERATIONAL,,,,Vizianagaram,Andhra Pradesh,India
google_maps,ChIJJ8-HCKL1OzoREOKp11H3G2Y,KSR jewellery,Jewellery,Retail,"Cheepurupalli, Andhra Pradesh 535128, India",094917 69519,,5,17,OPERATIONAL,,,,Vizianagaram,Andhra Pradesh,India
google_maps,ChIJZy4wH1zlOzoRgWQ7xdfDaF4,Mahalaxmi Traders,Jewellery,Retail,"Akasapu St, Santha Pet, Vizianagaram, Andhra Pradesh 535001, India",089222 26036,,4.4,38,OPERATIONAL,,,,Vizianagaram,Andhra Pradesh,India
google_maps,ChIJqWIesP5XOToROpOkQPk9Vcs,Sri Surya Ratna Jewellers,Jewellery,Retail,"Thagarapuvalasa Main Rd, Thagarapuvalasa, Bheemunipatnam, Andhra Pradesh 531162, India",,,5,1,OPERATIONAL,,,,Vizianagaram,Andhra Pradesh,India
google_maps,ChIJ11Eji13lOzoRlcamzNtKuJ0,Sri Tayaru Jewellers,Jewellery,Retail,"NCS Rd, adjacent to Karur Vysya Bank, NCS Area, Chinna Veedhi, Santha Pet, Vizianagaram, Andhra Pradesh 535001, India",093464 24158,,4.6,7,OPERATIONAL,,,,Vizianagaram,Andhra Pradesh,India
google_maps,ChIJYdb3uuHlOzoRxkNpvDSgk4k,Balaji markert,Jewellery,Retail,"498W+PW4, Venkata Lakshmi Area, Chinna Veedhi, Balaji Nagar, Vizianagaram, Andhra Pradesh 535003, India",,,4.1,46,OPERATIONAL,,,,Vizianagaram,Andhra Pradesh,India
google_maps,ChIJ_-6rFFDlOzoRTBSxhPZKcqs,"GRT Jewellers - Daba Gardens, Vizianagaram",Jewellery,Retail,"No: 8-1-123, MG Rd, Daba Gardens Area, Santha Pet, Vizianagaram, Andhra Pradesh 535001, India",089222 21515,,5,3770,OPERATIONAL,,,,Vizianagaram,Andhra Pradesh,India
google_maps,ChIJax1ifePlOzoR9QYjThOccCM,South India Shopping Mall Textile & Jewellery - Vizianagaram,Jewellery,Retail,"D no 21-1-97 to 98,Poolbagh Road Maharajupeta, Ward no 21, Chikkala Veedhi Area, Vizianagaram, Andhra Pradesh 535002, India",077999 65656,,4.7,6281,OPERATIONAL,,,,Vizianagaram,Andhra Pradesh,India
google_maps,ChIJXWus-VrlOzoRpQ-Eor6zr3M,Sri Andal Jewellers,Jewellery,Retail,"MG Rd, Near Clock Tower, Santha Pet, Vizianagaram, Andhra Pradesh 535001, India",099492 34191,,4.5,4,OPERATIONAL,,,,Vizianagaram,Andhra Pradesh,India
google_maps,ChIJ5z2EFFDlOzoRqAgl-9DAycg,Navarang fashion jewellery,Jewellery,Retail,"MG road, near 3, lamb junction, Minerva Area, Park Gate Area, Vizianagaram, Andhra Pradesh 535002, India",,,3.9,7,OPERATIONAL,,,,Vizianagaram,Andhra Pradesh,India
google_maps,ChIJhxSMLoblOzoRUHefIqrx4vc,HITESH JEWELLERS,Jewellery,Retail,"8-1-102, MG Rd, opp. KANCHIKAMAKSHI DABATHOTA, Daba Gardens Area, Santha Pet, Vizianagaram, Andhra Pradesh 535001, India",096989 25925,,4.2,14,OPERATIONAL,,,,Vizianagaram,Andhra Pradesh,India
google_maps,ChIJbbrl9lrlOzoRyuStudgMVvY,Maruthi Jewellers,Jewellery,Retail,"D.No:7-6-36 & 37, MG Rd, Near Clock Tower, Santha Pet, Vizianagaram, Andhra Pradesh 535001, India",072071 67916,,4.9,79,OPERATIONAL,,,,Vizianagaram,Andhra Pradesh,India
google_maps,ChIJ11NRAFvlOzoR3QYPGjkVSro,Sri Ganesh Jewellery Mart,Jewellery,Retail,"Kolla Bazar Area, Santha Pet, Vizianagaram, Andhra Pradesh 535001, India",098666 35182,,4,4,OPERATIONAL,,,,Vizianagaram,Andhra Pradesh,India
google_maps,ChIJ-a8gw63lOzoRMHO_0SNTt7g,Joyalukkas Jewellery Vizianagaram,Jewellery,Retail,"Mahatma GandhiI Road, PLOT NO : 5-1-2, NCS Rd, Venkata Lakshmi Area, Chinna Veedhi, Balaji Nagar, Vizianagaram, Andhra Pradesh 535002, India",089223 63737,,4.9,172,OPERATIONAL,,,,Vizianagaram,Andhra Pradesh,India
google_maps,ChIJR6nv9lrlOzoRE68_W-YtGz4,Jai Paidimamba Jewellers,Jewellery,Retail,"Mayuri hotel, 7-6-30, MG Rd, Polyster House Area, Santha Pet, Vizianagaram, Andhra Pradesh 535001, India",090107 99788,,4.8,6,OPERATIONAL,,,,Vizianagaram,Andhra Pradesh,India
google_maps,ChIJTXscUlzlOzoRZn3NGfiq4Ng,"Titan World - Santha Pet, Vizianagaram",Jewellery,Retail,"Shop No 8, 1/183, MG Rd, opposite Khazana Jewellery, Daba Gardens Area, Santha Pet, Vizianagaram, Andhra Pradesh 535001, India",080 6291 4163,,4.9,3750,OPERATIONAL,,,,Vizianagaram,Andhra Pradesh,India
google_maps,ChIJrwepieTlOzoRLld-exEfQo0,Mahadev Traders,Jewellery,Retail,"Rangireeju St, Santha Pet, Vizianagaram, Andhra Pradesh 535001, India",,,None,0,OPERATIONAL,,,,Vizianagaram,Andhra Pradesh,India
google_maps,ChIJ5zz5GQDbOzoRtd1GhHTPjgI,SRI GANESH JEWELLERSS,Jewellery,Retail,"girl' High, opposite Vizianagaram Road, Skota, Srungavarapu kota, Andhra Pradesh 535145, India",099895 07724,,5,4,OPERATIONAL,,,,Vizianagaram,Andhra Pradesh,India
google_maps,ChIJr9h-LgT1OzoRrw_O1LH1tRA,Manappuram Finance Limited – Gold Loan,Jewellery,Retail,"1st Floor, Vizianagaram - Palakonda Rd, near Apollo Pharmacy, Cheepurupalli, Vizianagaram, Cheepurupalli, Andhra Pradesh 535128, India",080 4492 5602,,5,43,OPERATIONAL,,,,Vizianagaram,Andhra Pradesh,India
google_maps,ChIJMRqe4HbxOzoRD9ooLojg8MU,Manappuram Finance Limited – Gold Loan,Jewellery,Retail,"1st Floor, No. 95-28/1, Nellimarla Main Rd, near Ice Factory, Nellimarla, Vizianagaram, Andhra Pradesh 535217, India",080 4492 6088,,4.8,100,OPERATIONAL,,,,Vizianagaram,Andhra Pradesh,India
google_maps,ChIJvey9_GvlOzoRIo0InUlFM6U,Manappuram Finance Limited – Gold Loan,Jewellery,Retail,"1st Floor, Sai Complex, No. 8-12, Vizianagaram Nathavalasa Rd, Mayuri Junction Area, Balaji Nagar, Vizianagaram, Andhra Pradesh 535003, India",080 4492 6315,,4.9,177,OPERATIONAL,,,,Vizianagaram,Andhra Pradesh,India
google_maps,ChIJ9e6aKTflOzoR-1IJI_cFeRo,Manappuram Finance Limited – Gold Loan,Jewellery,Retail,"1st Floor, Sri Sai Complex, No. 8/1/184/8/131, MG Rd, beside Basics Store, Daba Gardens Area, Santha Pet, Vizianagaram, Andhra Pradesh 535001, India",080 4492 5543,,4.8,122,OPERATIONAL,,,,Vizianagaram,Andhra Pradesh,India
google_maps,ChIJHSC9xp_nOzoRA5N_gBpMmbo,Manappuram Finance Limited – Gold Loan,Jewellery,Retail,"1st Floor, No. 670-2, S.Kota - Vizianagaram Rd, Bheemasingi, Jami, Andhra Pradesh 535250, India",080 4492 6506,,4.3,107,OPERATIONAL,,,,Vizianagaram,Andhra Pradesh,India
google_maps,ChIJYXPYR09XOToRAokZMlIIG6k,Manappuram Finance Limited – Gold Loan,Jewellery,Retail,"1st Floor, No. 13-27-24/1, Main Road, opp. Tea Time, Bheemunipatnam, Visakhapatnam, Andhra Pradesh 531163, India",080 4492 7987,,4.9,47,OPERATIONAL,,,,Vizianagaram,Andhra Pradesh,India
google_maps,ChIJG2wmSDfbOzoR-ht3aUcgD3A,Manappuram Finance Limited – Gold Loan,Jewellery,Retail,"1st Floor, No. 12-34, Main Road, near Saibaba Temple, Srungavarapu kota, Andhra Pradesh 535145, India",080 4492 6407,,4.9,170,OPERATIONAL,,,,Vizianagaram,Andhra Pradesh,India
google_maps,ChIJEbsKy5jlOzoRLtUWGh2qnsc,Manappuram Finance Limited – Gold Loan,Jewellery,Retail,"16-7-8, Gurajada Appa Rao Road, Junction, near Kota Centre, Park Gate Area, Vizianagaram, Andhra Pradesh 535002, India",080 4492 6096,,4.9,148,OPERATIONAL,,,,Vizianagaram,Andhra Pradesh,India
google_maps,ChIJNc2oypxpOToRS6corBFn86c,Muthoot Gold Point - We Buy Gold,Jewellery,Retail,"Sree Kanya Theatre Complex, No. 9-8-63, Gajuwaka - Scindia Rd, opp. Realme Store, Gajuwaka, Andhra Pradesh 530026, India",081291 11232,,4.9,126,OPERATIONAL,,,,Vizianagaram,Andhra Pradesh,India
google_maps,ChIJldnAJYrlOzoR2pRZRdc_B2o,Manappuram Finance Limited – Gold Loan,Jewellery,Retail,"1st Floor, No. 19-1-2, Zidduvari St, near LG Showroom, Babametta, Vizianagaram, Andhra Pradesh 535002, India",080 4492 5394,,5,101,OPERATIONAL,,,,Vizianagaram,Andhra Pradesh,India
google_maps,ChIJh0Gn41rlOzoRS92ad0cYLQc,P W Market,Jewellery,Retail,"Near Clock Tower MG Road Hukumpet Vizianagaram Andhra Pradesh 535, Santha Pet, Vizianagaram, Andhra Pradesh 535001, India",,,4,3775,OPERATIONAL,,,,Vizianagaram,Andhra Pradesh,India
google_maps,ChIJLeX-3PpDOToR-8Y81DMx2mc,Violet & Purple,Jewellery,Retail,"Door No. 47-10-21/5, Ground Floor, Isnar Plaza, 2nd Ln, Opp. HDFC Bank, Dwaraka Nagar, Visakhapatnam, Andhra Pradesh 530016, India",089127 53466,,4.9,8350,OPERATIONAL,,,,Vizianagaram,Andhra Pradesh,India
google_maps,ChIJSX7BSflXOToRpeRwT1HOuJY,stylo readymade,Jewellery,Retail,"6-45-164, main road, Thagarapuvalasa, satyanarayana peta, Bheemunipatnam, Andhra Pradesh 531162, India",077024 30335,,3.7,41,OPERATIONAL,,,,Vizianagaram,Andhra Pradesh,India
google_maps,ChIJX1JKAFvlOzoRpoYDSQzQf7E,Dasari Venkataramana & Son Jewellers,Jewellery,Retail,"Main Road, opp. Kolla Bazar Road, Kolla Bazar Area, Santha Pet, Vizianagaram, Andhra Pradesh 535001, India",098850 68682,,None,0,OPERATIONAL,,,,Vizianagaram,Andhra Pradesh,India
google_maps,ChIJUxXY80dDOToRzvP0lWRonwY,Anu's jewellery,Jewellery,Retail,"Jagadamba Centre, beside Tumidibros, Prakasaraopeta, Jagadamba Junction, Visakhapatnam, Andhra Pradesh 530020, India",087909 65814,,5,8,OPERATIONAL,,,,Vizianagaram,Andhra Pradesh,India
google_maps,ChIJ8SMttTBDOToRutOJS_m2etY,Sri Narayana Pearls & Gems,Jewellery,Retail,"Jagadamba Centr, D.No.28, 2-1, Junction, Prakasaraopeta, Jagadamba Junction, Visakhapatnam, Andhra Pradesh 530002, India",070753 97372,,4.5,2,OPERATIONAL,,,,Vizianagaram,Andhra Pradesh,India
google_maps,ChIJpWWlwzpDOToRHR1mqipzmlc,Sri Lakshmi Parels And 1 Gram Gold,Jewellery,Retail,"Srinivas Nagar, Lalitha Nagar, Akkayyapalem, Visakhapatnam, Andhra Pradesh 530016, India",090002 53382,,4,4,OPERATIONAL,,,,Vizianagaram,Andhra Pradesh,India
google_maps,ChIJVb3_37FpOToRDI2KJ2cbsM4,Sri Narayana Pearls & Gems,Jewellery,Retail,"Shop No- A11, Pavan Palace, Dwarakanagar, beside V-Square, Dwaraka Nagar, Visakhapatnam, Andhra Pradesh 530016, India",098663 67372,,4.2,21,OPERATIONAL,,,,Vizianagaram,Andhra Pradesh,India
google_maps,ChIJJb4PEBpDOToRpwfcp1KMRV0,VISHNU PEARLS,Jewellery,Retail,"Prakasaraopeta, PRAKASHRAO PETA, Jagadamba Junction, Visakhapatnam, Andhra Pradesh 530020, India",083285 14060,,4.2,27,OPERATIONAL,,,,Vizianagaram,Andhra Pradesh,India
google_maps,ChIJz9Yf-X9DOToRL_1IghmMneU,SRI AMBICA PEARLS AND JEWELLERY,Jewellery,Retail,"Main road Durghanagar, Durga Nagar, Gavara Kanchara Palem, Kancharapalem, Visakhapatnam, Andhra Pradesh 530008, India",098851 67668,,4.8,53,OPERATIONAL,,,,Vizianagaram,Andhra Pradesh,India
google_maps,ChIJ_QtYGRpDOToRP61A8Gy577o,Jai Jagadambica Pearls,Jewellery,Retail,"28-1-10, opp. komali opticals, Jagadamba Centre, Prakasaraopeta, Jagadamba Junction, Visakhapatnam, Andhra Pradesh 530020, India",098496 17331,,4.2,61,OPERATIONAL,,,,Vizianagaram,Andhra Pradesh,India
google_maps,ChIJT0mirQFDOToRhyOK8VCB03E,Sridevi Pearls and Diamonds,Jewellery,Retail,"Bod-Vin Gold Complex Main Road Near Reading Room, Kurupam, Market, Near Reading Room, Mtc palem, Port Area, Visakhapatnam, Andhra Pradesh 530001, India",099895 92460,,4.3,31,OPERATIONAL,,,,Vizianagaram,Andhra Pradesh,India
google_maps,ChIJZ9g7JXdDOToRpCbtcXkxUyc,A 1 PEARLS & JWELLERS,Jewellery,Retail,"20, Suryabagh, Jagadamba Junction, Visakhapatnam, Andhra Pradesh 530020, India",083339 57669,,4.3,20,OPERATIONAL,,,,Vizianagaram,Andhra Pradesh,India
google_maps,ChIJ0RbIlqpEOToRw1b9JaZvYic,P.B. Jewel Palace,Jewellery,Retail,"MVP Main Rd, Sector- 6, MVP Colony, Visakhapatnam, Andhra Pradesh 530017, India",089125 04379,,4.3,176,OPERATIONAL,,,,Vizianagaram,Andhra Pradesh,India
google_maps,ChIJwyrIyNlDOToR3a2xO0gdh2g,Violet & Purple,Jewellery,Retail,"D. No:28-2-62, Ground Floor, Bommanna Brothers, Jagadamba Centre, Jagadamba Junction, Visakhapatnam, Andhra Pradesh 530020, India",089125 53466,,4.9,10574,OPERATIONAL,,,,Vizianagaram,Andhra Pradesh,India
google_maps,ChIJv7wAAAFDOToRS5T6kquk5Kk,Jos Alukkas Jewellery Visakhapatnam,Jewellery,Retail,"Door No.10-51-16, Opp, Sampath Vinayaka Temple Rd, Facor Layout, Asilmetta, Visakhapatnam, Andhra Pradesh 530003, India",089125 31916,,4.8,2462,OPERATIONAL,,,,Vizianagaram,Andhra Pradesh,India
google_maps,ChIJV3qmbG1DOToRtPr7yrFrsOs,Kila Silver jewellery,Jewellery,Retail,"beside lassi shop, opposite to Kotak Mahindra bank, MVP Sector 1, Sector 1, MVP Colony, Visakhapatnam, Andhra Pradesh 530017, India",099330 09935,,5,168,OPERATIONAL,,,,Vizianagaram,Andhra Pradesh,India
google_maps,ChIJy5AdtjxDOToRZ9WQYujPg68,V Square,Jewellery,Retail,"47-15-8, Waltair Station Approach Rd, Dwaraka Nagar, Visakhapatnam, Andhra Pradesh 530016, India",0891 666 7777,,4.2,3735,OPERATIONAL,,,,Vizianagaram,Andhra Pradesh,India
google_maps,ChIJ8_Q3wtJDOToRDOOLrs8LR0Y,Sri surya gems and fashion jewellery,Jewellery,Retail,"Shop No43,44, TSR Complex, beside ayyappa juice center, near Over Bridge, Dwaraka Nagar, Visakhapatnam, Andhra Pradesh 530016, India",081218 35024,,4.7,123,OPERATIONAL,,,,Vizianagaram,Andhra Pradesh,India
google_maps,ChIJ4QjKTwdDOToRe4oDcz-fyjE,CMR Jewellery,Jewellery,Retail,"9-20-1, 1, Sampath Vinayaka Temple Rd, CBM Compound, Asilmetta, Visakhapatnam, Andhra Pradesh 530003, India",063097 98686,,4.9,3451,OPERATIONAL,,,,Vizianagaram,Andhra Pradesh,India
google_maps,ChIJtTc6DxpDOToRuy_U2lmjAbU,Krushi Pearls House,Jewellery,Retail,"P873+GFW, CMR Rd, Prakasaraopeta, Jagadamba Junction, Visakhapatnam, Andhra Pradesh 530002, India",098481 76876,,5,2,OPERATIONAL,,,,Vizianagaram,Andhra Pradesh,India
google_maps,ChIJWxPVHuSbOzoRbWSU_OPHNqk,VMR Silver House,Jewellery,Retail,"Balijipeta road, opp. om Shanti bhavan, Maharanipeta, Bobbili, Andhra Pradesh 535558, India",062817 29566,,5,34,OPERATIONAL,,,,Vizianagaram,Andhra Pradesh,India
google_maps,ChIJq4c1G10VPDoRCrN4Iq3BQjs,Sree silver & jewellers,Jewellery,Retail,"11-4-26/1, GT Rd, beside APEPDCL office, L.B.S Colony, Srikakulam, Andhra Pradesh 532001, India",070325 77496,,4.8,333,OPERATIONAL,,,,Vizianagaram,Andhra Pradesh,India
google_maps,ChIJ58Y-0yvlOzoRwohCDKortTQ,Mataji Silver Palace,Jewellery,Retail,"MG Rd, opp. Rainbow Shopping Mall, Daba Gardens Area, Santha Pet, Vizianagaram, Andhra Pradesh 535001, India",,,None,0,OPERATIONAL,,,,Vizianagaram,Andhra Pradesh,India
google_maps,ChIJy3r-hjjlOzoR8UOx6y_i-yQ,Silver Zone,Jewellery,Retail,"7-3-7(A, Rangarizu Vari Street, Santha Pet, Vizianagaram, Andhra Pradesh 535001, India",077320 55050,,5,1,OPERATIONAL,,,,Vizianagaram,Andhra Pradesh,India
google_maps,ChIJdY6PoFvlOzoRhhVmbEYFxhg,Mee Silver,Jewellery,Retail,"8-1-102, Dabathota, MG Rd, SKP Temple Area, Santha Pet, Vizianagaram, Andhra Pradesh 535001, India",096989 25925,,None,0,OPERATIONAL,,,,Vizianagaram,Andhra Pradesh,India
google_maps,ChIJEbBQ063lOzoRFC51_L6WMlY,SAMRAJYA THE SILVER KINGDOM,Jewellery,Retail,"MG Rd, SKP Temple Area, Santha Pet, Vizianagaram, Andhra Pradesh 535002, India",083388 55999,,None,0,OPERATIONAL,,,,Vizianagaram,Andhra Pradesh,India
google_maps,ChIJQwQRTdNDOToR6ovVmacQqY8,LALITHAA SILVER HOUSE - Best Silver Store In Visakhapatnam,Jewellery,Retail,"1-72-2, Plot No: MIG-2/236, MVP Sector 3, Sector 3, MVP Colony, Visakhapatnam, Andhra Pradesh 530017, India",090000 98666,,4.9,2871,OPERATIONAL,,,,Vizianagaram,Andhra Pradesh,India
google_maps,ChIJRRd8V1pLsTsREe_N8ArCLT0,GOYAZ SILVER JEWELLERY,Jewellery,Retail,"30, Subash Rd, Adimurthy Colony, Kamalanagar, Anantapur, Andhra Pradesh 515001, India",072073 57666,,4.8,222,OPERATIONAL,,,,Vizianagaram,Andhra Pradesh,India
google_maps,ChIJ63UnMVjlOzoRna-SdDpT8Hs,Hukumpeta Silver Shop,Jewellery,Retail,"4CF6+423, Hukumpet, Vizianagaram, Andhra Pradesh 535002, India",089222 26355,,3.7,48,OPERATIONAL,,,,Vizianagaram,Andhra Pradesh,India
google_maps,ChIJp7QIc5tDOToRIA8sn-s3uEw,Sampath Silver 92.5 silver jewellery,Jewellery,Retail,"P8F7+R2V, Sampath Vinayaka Temple Rd, CBM Compound, Asilmetta, Visakhapatnam, Andhra Pradesh 530003, India",072220 52229,,4.9,155,OPERATIONAL,,,,Vizianagaram,Andhra Pradesh,India
google_maps,Tanishq+Jewellery+-+Vizianagaram,Tanishq Jewellery - Vizianagaram,Jewellery,Retail,Tanishq Jewellery - Vizianagaram,,,4.9,0,OPERATIONAL,,,,Vizianagaram,Andhra Pradesh,India
google_maps,Vaibhav+Jewellers+-+Jewellery+Store+In+Vizianagaram,Vaibhav Jewellers - Jewellery Store In Vizianagaram,Jewellery,Retail,"Jewelry store ·  · Door No: 6-8-36, PVS Empire, MG Rd, near Sri Kanyaka Parameswari Temple",,,4.9,0,OPERATIONAL,,,,Vizianagaram,Andhra Pradesh,India
google_maps,Khazana+Jewellery+-+Vizianagaram+-+Daba+Gardens,Khazana Jewellery - Vizianagaram - Daba Gardens,Jewellery,Retail,Khazana Jewellery - Vizianagaram - Daba Gardens,,,4.8,0,OPERATIONAL,,,,Vizianagaram,Andhra Pradesh,India
google_maps,Malabar+Gold+and+Diamonds+-+Vizianagaram,Malabar Gold and Diamonds - Vizianagaram,Jewellery,Retail,"Jewelry store ·  · Ground Floor and First Floor, Fort City Central Mall, SPARKLE GOLD RETAIL VENTURES LLP, Main Road, opp. Railway Station Road",,,4.9,0,OPERATIONAL,,,,Vizianagaram,Andhra Pradesh,India
google_maps,GOYAZ+SILVER+JEWELLERY-+VIJAYANAGARAM,GOYAZ SILVER JEWELLERY- VIJAYANAGARAM,Jewellery,Retail,GOYAZ SILVER JEWELLERY- VIJAYANAGARAM,,,4.8,0,OPERATIONAL,,,,Vizianagaram,Andhra Pradesh,India
google_maps,VYSYARAJU+JEWELLERS+VIZIANAGARAM,VYSYARAJU JEWELLERS VIZIANAGARAM,Jewellery,Retail,VYSYARAJU JEWELLERS VIZIANAGARAM,,,4.7,0,OPERATIONAL,,,,Vizianagaram,Andhra Pradesh,India
google_maps,SRI+GOVINDA+JEWELLERS,SRI GOVINDA JEWELLERS,Jewellery,Retail,"Vizianagaram, Andhra Pradesh",,,4.6,0,OPERATIONAL,,,,Vizianagaram,Andhra Pradesh,India
google_maps,Hemanth+Gems+And+Jewellery,Hemanth Gems And Jewellery,Jewellery,Retail,"Vizianagaram, Andhra Pradesh",,,4.9,0,OPERATIONAL,,,,Vizianagaram,Andhra Pradesh,India
google_maps,Joyalukkas+Jewellery+Vizianagaram,Joyalukkas Jewellery Vizianagaram,Jewellery,Retail,"Jewelry store · Mahatma GandhiI Road, PLOT NO : 5-1-2, NCS Rd",,,4.9,0,OPERATIONAL,,,,Vizianagaram,Andhra Pradesh,India
google_maps,CMR+Jewellery,CMR Jewellery,Jewellery,Retail,"Jewelry store · 1-9/2-13/1, Station Road, Balaji Nagar",,,4.9,0,OPERATIONAL,,,,Vizianagaram,Andhra Pradesh,India
google_maps,Dhanalaxmi+Jewellers,Dhanalaxmi Jewellers,Jewellery,Retail,"Vizianagaram, Andhra Pradesh",,,4.1,0,OPERATIONAL,,,,Vizianagaram,Andhra Pradesh,India
google_maps,PMJ+Jewels+Vizianagaram,PMJ Jewels Vizianagaram,Jewellery,Retail,"Jewelry store · Ice Factory Junction, Ring Road, opp. More Super Market",,,5.0,0,OPERATIONAL,,,,Vizianagaram,Andhra Pradesh,India
google_maps,Lalithaa+Jewellery+Mart+Limited,Lalithaa Jewellery Mart Limited,Jewellery,Retail,"Jewelry store · MG Rd, near Jagannath Swamy Temple",,,4.4,0,OPERATIONAL,,,,Vizianagaram,Andhra Pradesh,India
google_maps,"CANDERE+Lifestyle+Jewellery,+A+Kalyan+Company+-+Vizianagaram","CANDERE Lifestyle Jewellery, A Kalyan Company - Vizianagaram",Jewellery,Retail,"CANDERE Lifestyle Jewellery, A Kalyan Company - Vizianagaram",,,5.0,0,OPERATIONAL,,,,Vizianagaram,Andhra Pradesh,India
google_maps,"GRT+Jewellers+-+Daba+Gardens,+Vizianagaram","GRT Jewellers - Daba Gardens, Vizianagaram",Jewellery,Retail,"Jewelry store · No. 8-1-123, Vizianagaram - Palakonda Rd",,,5.0,0,OPERATIONAL,,,,Vizianagaram,Andhra Pradesh,India
google_maps,"Kushal%27s+Fashion+Jewellery+-+Srinivasa+Nagar,+Vizianagaram","Kushal's Fashion Jewellery - Srinivasa Nagar, Vizianagaram",Jewellery,Retail,"Jewelry store · Plot no:252, 100 Ft Ring Rd, opposite Sun school",,,4.9,0,OPERATIONAL,,,,Vizianagaram,Andhra Pradesh,India
google_maps,The+Chennai+Shopping+Mall,The Chennai Shopping Mall,Jewellery,Retail,"Vizianagaram, Andhra Pradesh",1800 309 9989,,4.7,0,OPERATIONAL,,,,Vizianagaram,Andhra Pradesh,India
google_maps,FOREVER,FOREVER,Jewellery,Retail,"Vizianagaram, Andhra Pradesh",,,5.0,0,OPERATIONAL,,,,Vizianagaram,Andhra Pradesh,India
google_maps,My+Kalyan+Mini+Store,My Kalyan Mini Store,Jewellery,Retail,"Vizianagaram, Andhra Pradesh",,,4.5,0,OPERATIONAL,,,,Vizianagaram,Andhra Pradesh,India
google_maps,Bhamane+one+gram+gold+-+Vizianagaram,Bhamane one gram gold - Vizianagaram,Jewellery,Retail,"Jewelry store · Besides mayuri tiffins, Rtc complex road, opp. to SVN Hotel",,,5.0,0,OPERATIONAL,,,,Vizianagaram,Andhra Pradesh,India
google_maps,Chitra+Gold+Covering,Chitra Gold Covering,Jewellery,Retail,Jeweler ·  · Municipal office Road,,,4.4,64,OPERATIONAL,,,,Vizianagaram,Andhra Pradesh,India
google_maps,Sri+Vanitha+One+Gram+Gold,Sri Vanitha One Gram Gold,Jewellery,Retail,"Vizianagaram, Andhra Pradesh",,,5.0,15,OPERATIONAL,,,,Vizianagaram,Andhra Pradesh,India
google_maps,Attica+Gold+Company+-+Gold+Buyer+In+Vizianagaram,Attica Gold Company - Gold Buyer In Vizianagaram,Jewellery,Retail,Attica Gold Company - Gold Buyer In Vizianagaram,,,4.6,85,OPERATIONAL,,,,Vizianagaram,Andhra Pradesh,India
google_maps,Augmont+Gold+%7C+Gold+For+All,Augmont Gold | Gold For All,Jewellery,Retail,"Vizianagaram, Andhra Pradesh",,,4.8,19,OPERATIONAL,,,,Vizianagaram,Andhra Pradesh,India
google_maps,South+India+Shopping+Mall+Textile+%26+Jewellery+-+Vizianagaram,South India Shopping Mall Textile & Jewellery - Vizianagaram,Jewellery,Retail,"Clothing store ·  · Ward no 21, D no 21-1-97 to 98,Poolbagh Road Maharajupeta",,,4.7,6292,OPERATIONAL,,,,Vizianagaram,Andhra Pradesh,India
google_maps,Jai+Paidimamba+Jewellers,Jai Paidimamba Jewellers,Jewellery,Retail,"Vizianagaram, Andhra Pradesh",,,4.8,6,OPERATIONAL,,,,Vizianagaram,Andhra Pradesh,India
google_maps,New+Royal+1GM+Jeweller,New Royal 1GM Jeweller,Jewellery,Retail,"Jewelry store · Vulli Veedhi Rd, opposite GK Shopping mall",,,4.5,11,OPERATIONAL,,,,Vizianagaram,Andhra Pradesh,India
google_maps,Mahadev+Impex,Mahadev Impex,Jewellery,Retail,"Jewelry store · 4C85+V45, 7-2-8, Rangireeju St, near Amba Bhavani Temple",,,4.9,8,OPERATIONAL,,,,Vizianagaram,Andhra Pradesh,India
google_maps,"Titan+World+-+Santha+Pet,+Vizianagaram","Titan World - Santha Pet, Vizianagaram",Jewellery,Retail,"Watch store ·  · Shop No 8, 1/183, MG Rd, opposite Khazana Jewellery",,,4.9,3751,OPERATIONAL,,,,Vizianagaram,Andhra Pradesh,India
google_maps,Siri+Sri+Sateemata+Bangles+Stores,Siri Sri Sateemata Bangles Stores,Jewellery,Retail,"Vizianagaram, Andhra Pradesh",,,4.8,63,OPERATIONAL,,,,Vizianagaram,Andhra Pradesh,India
google_maps,Sri+Rambabu+Jewellers,Sri Rambabu Jewellers,Jewellery,Retail,"Vizianagaram, Andhra Pradesh",,,4.5,21,OPERATIONAL,,,,Vizianagaram,Andhra Pradesh,India
google_maps,HITESH+JEWELLERS,HITESH JEWELLERS,Jewellery,Retail,"Vizianagaram, Andhra Pradesh",,,4.2,14,OPERATIONAL,,,,Vizianagaram,Andhra Pradesh,India
google_maps,Dhanika+fashion+jewellery,Dhanika fashion jewellery,Jewellery,Retail,"Vizianagaram, Andhra Pradesh",,,4.3,4,OPERATIONAL,,,,Vizianagaram,Andhra Pradesh,India
google_maps,Lorven+Silver+Mall+%26+Gift+Shoppe,Lorven Silver Mall & Gift Shoppe,Jewellery,Retail,"Jewelry store · State Bank Colony, D.No: 8-1-10, Opp. S.B.I Bazar Branch, Rythu Bazar Road",,,4.4,69,OPERATIONAL,,,,Vizianagaram,Andhra Pradesh,India
google_maps,Q+for+Queens,Q for Queens,Jewellery,Retail,"Vizianagaram, Andhra Pradesh",,,5.0,10,OPERATIONAL,,,,Vizianagaram,Andhra Pradesh,India
google_maps,Mahalaxmi+Traders,Mahalaxmi Traders,Jewellery,Retail,"Vizianagaram, Andhra Pradesh",,,4.4,38,OPERATIONAL,,,,Vizianagaram,Andhra Pradesh,India
google_maps,Balaji+markert,Balaji markert,Jewellery,Retail,"Vizianagaram, Andhra Pradesh",,,4.0,48,OPERATIONAL,,,,Vizianagaram,Andhra Pradesh,India
google_maps,666+GEMS+AND+JEWELLERS,666 GEMS AND JEWELLERS,Jewellery,Retail,"Vizianagaram, Andhra Pradesh",,,5.0,2,OPERATIONAL,,,,Vizianagaram,Andhra Pradesh,India
google_maps,Duhitha+Silver+palace,Duhitha Silver palace,Jewellery,Retail,"Vizianagaram, Andhra Pradesh",,,5.0,1,OPERATIONAL,,,,Vizianagaram,Andhra Pradesh,India
google_maps,M.G.+ROAD+VIZIANAGARAM+DABAGARDENS,M.G. ROAD VIZIANAGARAM DABAGARDENS,Jewellery,Retail,M.G. ROAD VIZIANAGARAM DABAGARDENS,,,4.2,372,OPERATIONAL,,,,Vizianagaram,Andhra Pradesh,India
google_maps,LVN+Laser+soldering+and+Moulding+works,LVN Laser soldering and Moulding works,Jewellery,Retail,"Vizianagaram, Andhra Pradesh",,,5.0,2,OPERATIONAL,,,,Vizianagaram,Andhra Pradesh,India
google_maps,Croma+-+Krishnarajapuram+-+Vizianagaram,Croma - Krishnarajapuram - Vizianagaram,Jewellery,Retail,Croma - Krishnarajapuram - Vizianagaram,,,4.9,589,OPERATIONAL,,,,Vizianagaram,Andhra Pradesh,India
google_maps,Sri+Lalitha+Jewellers,Sri Lalitha Jewellers,Jewellery,Retail,"Jewelry store · 4C86+VX2, Shivalayam Veedhi, Samrat Lodge Junction, Park Gate Road, Konisi Street",,,4.3,23,OPERATIONAL,,,,Vizianagaram,Andhra Pradesh,India
google_maps,SHREE+GOLD+TESTING,SHREE GOLD TESTING,Jewellery,Retail,"Goldsmith · 7-2-3, Appachimandiram street, vulli veedhi, jn, 1st right",,,5.0,8,OPERATIONAL,,,,Vizianagaram,Andhra Pradesh,India
google_maps,Sri+Ganesh+Jewellery+Mart,Sri Ganesh Jewellery Mart,Jewellery,Retail,"Vizianagaram, Andhra Pradesh",,,4.0,4,OPERATIONAL,,,,Vizianagaram,Andhra Pradesh,India
google_maps,"Kalyan+Jewellers,+Vizianagaram","Kalyan Jewellers, Vizianagaram",Jewellery,Retail,"Jewelry store · Door No. 5-1-2 To 5-1-5 Mahatma Gandhi Road, Tankbund Rd",092288 42060,,,0,OPERATIONAL,,,,Vizianagaram,Andhra Pradesh,India
google_maps,Venkatarayulu+Jewellery+House,Venkatarayulu Jewellery House,Jewellery,Retail,"Vizianagaram, Andhra Pradesh",,,4.2,18,OPERATIONAL,,,,Vizianagaram,Andhra Pradesh,India
google_maps,Pandu+Jewellers,Pandu Jewellers,Jewellery,Retail,"Vizianagaram, Andhra Pradesh",,,4.0,20,OPERATIONAL,,,,Vizianagaram,Andhra Pradesh,India
google_maps,CMR+Shopping+Mall,CMR Shopping Mall,Jewellery,Retail,"Shopping mall ·  · 1-9/2-13/1, Station Road, Balaji Nagar",,,4.2,531,OPERATIONAL,,,,Vizianagaram,Andhra Pradesh,India
google_maps,Ravi+Jewellers,Ravi Jewellers,Jewellery,Retail,"Vizianagaram, Andhra Pradesh",,,4.9,42,OPERATIONAL,,,,Vizianagaram,Andhra Pradesh,India
google_maps,Nagendra%27s+Sri+Lakshmi+jewellers,Nagendra's Sri Lakshmi jewellers,Jewellery,Retail,"Vizianagaram, Andhra Pradesh",,,5.0,1,OPERATIONAL,,,,Vizianagaram,Andhra Pradesh,India
google_maps,SAMRAJYA+THE+SILVER+KINGDOM,SAMRAJYA THE SILVER KINGDOM,Jewellery,Retail,"Vizianagaram, Andhra Pradesh",,,,0,OPERATIONAL,,,,Vizianagaram,Andhra Pradesh,India
google_maps,SR+Shopping+Mall+-+Vizianagaram,SR Shopping Mall - Vizianagaram,Jewellery,Retail,SR Shopping Mall - Vizianagaram,,,4.6,1594,OPERATIONAL,,,,Vizianagaram,Andhra Pradesh,India
google_maps,Maruthi+Jewellers,Maruthi Jewellers,Jewellery,Retail,"Vizianagaram, Andhra Pradesh",,,4.9,82,OPERATIONAL,,,,Vizianagaram,Andhra Pradesh,India
google_maps,Sri+Andal+Jewellers,Sri Andal Jewellers,Jewellery,Retail,"Vizianagaram, Andhra Pradesh",,,4.5,4,OPERATIONAL,,,,Vizianagaram,Andhra Pradesh,India
google_maps,Sri+Padmavathi+Jewellery+House,Sri Padmavathi Jewellery House,Jewellery,Retail,"Vizianagaram, Andhra Pradesh",,,5.0,2,OPERATIONAL,,,,Vizianagaram,Andhra Pradesh,India
google_maps,Ratan+Jewellers,Ratan Jewellers,Jewellery,Retail,"Vizianagaram, Andhra Pradesh",,,3.9,15,OPERATIONAL,,,,Vizianagaram,Andhra Pradesh,India
google_maps,Hello+Gorgeous+Jewellery,Hello Gorgeous Jewellery,Jewellery,Retail,"Jeweler · Archana Bhaskar Nursing Home, &, beside MRO Office Road",,,,0,OPERATIONAL,,,,Vizianagaram,Andhra Pradesh,India
google_maps,Sri+Pydimamba+Jewellers,Sri Pydimamba Jewellers,Jewellery,Retail,"Vizianagaram, Andhra Pradesh",096666 76414,,5.0,2,OPERATIONAL,,,,Vizianagaram,Andhra Pradesh,India
google_maps,MAHADEV+%26+CO,MAHADEV & CO,Jewellery,Retail,"Bangle Shop · 7-2-29/2, Rangireeju St, near Amba Bhawani Temple",,,,0,OPERATIONAL,,,,Vizianagaram,Andhra Pradesh,India
google_maps,Chitra+1gram+jewellery,Chitra 1gram jewellery,Jewellery,Retail,"Vizianagaram, Andhra Pradesh",,,3.4,9,OPERATIONAL,,,,Vizianagaram,Andhra Pradesh,India
google_maps,Fort+City+Central+Mall,Fort City Central Mall,Jewellery,Retail,"Vizianagaram, Andhra Pradesh",,,4.3,288,OPERATIONAL,,,,Vizianagaram,Andhra Pradesh,India
google_maps,MINISO+Vizianagaram,MINISO Vizianagaram,Jewellery,Retail,MINISO Vizianagaram,,,4.9,60,OPERATIONAL,,,,Vizianagaram,Andhra Pradesh,India
google_maps,Divya+Jewellers,Divya Jewellers,Jewellery,Retail,"Vizianagaram, Andhra Pradesh",,,3.8,4,OPERATIONAL,,,,Vizianagaram,Andhra Pradesh,India
google_maps,Mahadev+Traders,Mahadev Traders,Jewellery,Retail,"Vizianagaram, Andhra Pradesh",,,,0,OPERATIONAL,,,,Vizianagaram,Andhra Pradesh,India
google_maps,Prasanth+Jewellers,Prasanth Jewellers,Jewellery,Retail,"Vizianagaram, Andhra Pradesh",,,3.7,3,OPERATIONAL,,,,Vizianagaram,Andhra Pradesh,India
google_maps,Navarang+fashion+jewellery,Navarang fashion jewellery,Jewellery,Retail,"Jewelry store · MG road, near 3, lamb junction",,,3.9,7,OPERATIONAL,,,,Vizianagaram,Andhra Pradesh,India
google_maps,Sri+Tayaru+Jewellers,Sri Tayaru Jewellers,Jewellery,Retail,"Vizianagaram, Andhra Pradesh",,,4.6,7,OPERATIONAL,,,,Vizianagaram,Andhra Pradesh,India
google_maps,Gold+Testing+Centre+%28GT%29,Gold Testing Centre (GT),Jewellery,Retail,"Goldsmith · Door No. 7-1-2/1, Near Kanyakaparameswari Temple Manchukondavari Street",,,4.4,7,OPERATIONAL,,,,Vizianagaram,Andhra Pradesh,India
google_maps,AMO+Evershine+Jewellery,AMO Evershine Jewellery,Jewellery,Retail,"Vizianagaram, Andhra Pradesh",,,,0,OPERATIONAL,,,,Vizianagaram,Andhra Pradesh,India
google_maps,manchukonda+sri+venkatesh+jewellers,manchukonda sri venkatesh jewellers,Jewellery,Retail,"Vizianagaram, Andhra Pradesh",,,5.0,4,OPERATIONAL,,,,Vizianagaram,Andhra Pradesh,India
google_maps,Mahalakshmi+Jewellers,Mahalakshmi Jewellers,Jewellery,Retail,"Vizianagaram, Andhra Pradesh",,,3.5,8,OPERATIONAL,,,,Vizianagaram,Andhra Pradesh,India
google_maps,"Zudio+-+Fort+City+Central+Mall,+Vizianagaram","Zudio - Fort City Central Mall, Vizianagaram",Jewellery,Retail,"Zudio - Fort City Central Mall, Vizianagaram",,,4.0,208,OPERATIONAL,,,,Vizianagaram,Andhra Pradesh,India
google_maps,Sri+Venkateswara+Tools,Sri Venkateswara Tools,Jewellery,Retail,"Gemologist · Near, D.No. 6-9/1-3, Grandhivari Street",,,5.0,2,OPERATIONAL,,,,Vizianagaram,Andhra Pradesh,India
google_maps,Sri+Ganesh+Gold+Testing,Sri Ganesh Gold Testing,Jewellery,Retail,"Goldsmith · Shop No. 4, Junction Manchu, Konda St, near Polyster House",,,4.8,4,OPERATIONAL,,,,Vizianagaram,Andhra Pradesh,India
google_maps,Sri+Sai+Srinivasa+Gold+Laser+Soldering,Sri Sai Srinivasa Gold Laser Soldering,Jewellery,Retail,"Vizianagaram, Andhra Pradesh",,,5.0,5,OPERATIONAL,,,,Vizianagaram,Andhra Pradesh,India
google_maps,Maa+Saraswati+Bangles+Shop+Vizianagaram,Maa Saraswati Bangles Shop Vizianagaram,Jewellery,Retail,"Bangle Shop · D.No. 7, 2-26, Rangireeju Veedhi, near Amba Bhavani Temple",,,3.0,2,OPERATIONAL,,,,Vizianagaram,Andhra Pradesh,India
google_maps,Krishna+Jewellers,Krishna Jewellers,Jewellery,Retail,"Jewelry store · 4C84+MQJ, Perlavari St, near S.K.P Temple",,,4.7,7,OPERATIONAL,,,,Vizianagaram,Andhra Pradesh,India
google_maps,Sri+Sravya+Jewellers,Sri Sravya Jewellers,Jewellery,Retail,"Jewelry store · D.No: 7-6-8, Main Road, MG Rd, opp. Kolla Bazar Road",,,4.7,3,OPERATIONAL,,,,Vizianagaram,Andhra Pradesh,India
google_maps,Subhakaryam+wedding+store,Subhakaryam wedding store,Jewellery,Retail,"Vizianagaram, Andhra Pradesh",,,4.9,11,OPERATIONAL,,,,Vizianagaram,Andhra Pradesh,India
google_maps,Sri+Jayalakshmi+Narayana+Jewellers,Sri Jayalakshmi Narayana Jewellers,Jewellery,Retail,"Jewelry store · Door No. 8, 1-40, beside Kolla Bazar Road",,,5.0,1,OPERATIONAL,,,,Vizianagaram,Andhra Pradesh,India
google_maps,Sri+Krishna+Ganesh+Jewellers,Sri Krishna Ganesh Jewellers,Jewellery,Retail,"Jewelry store · Door No. 8-1-51 (1), M. G. Road",,,4.9,9,OPERATIONAL,,,,Vizianagaram,Andhra Pradesh,India
google_maps,Jayalakshmi+Jewellers+-+Shankar,Jayalakshmi Jewellers - Shankar,Jewellery,Retail,"Vizianagaram, Andhra Pradesh",,,5.0,3,OPERATIONAL,,,,Vizianagaram,Andhra Pradesh,India
google_maps,Sri+Surya+Company+JEWELLERS,Sri Surya Company JEWELLERS,Jewellery,Retail,"Vizianagaram, Andhra Pradesh",,,5.0,3,OPERATIONAL,,,,Vizianagaram,Andhra Pradesh,India
google_maps,AKSHAYALAKSHMI+CASTING+MOULDING,AKSHAYALAKSHMI CASTING MOULDING,Jewellery,Retail,"Vizianagaram, Andhra Pradesh",,,5.0,3,OPERATIONAL,,,,Vizianagaram,Andhra Pradesh,India
google_maps,Sree+Dhanvanth+Jewellers,Sree Dhanvanth Jewellers,Jewellery,Retail,"Jewelry store · Shop No:8, 1-43, Kolla Bazar Rd, near MG Road",,,5.0,3,OPERATIONAL,,,,Vizianagaram,Andhra Pradesh,India
google_maps,Sai+Gift+Shoppee+%28SGS%29,Sai Gift Shoppee (SGS),Jewellery,Retail,"Vizianagaram, Andhra Pradesh",,,4.6,846,OPERATIONAL,,,,Vizianagaram,Andhra Pradesh,India
google_maps,Nagulakonda+Jewellers,Nagulakonda Jewellers,Jewellery,Retail,"Vizianagaram, Andhra Pradesh",,,4.4,7,OPERATIONAL,,,,Vizianagaram,Andhra Pradesh,India
google_maps,Srinath+Jewellers,Srinath Jewellers,Jewellery,Retail,"Vizianagaram, Andhra Pradesh",,,5.0,3,OPERATIONAL,,,,Vizianagaram,Andhra Pradesh,India
google_maps,Vijaya+Jewellers,Vijaya Jewellers,Jewellery,Retail,"Vizianagaram, Andhra Pradesh",,,5.0,2,OPERATIONAL,,,,Vizianagaram,Andhra Pradesh,India
google_maps,Priyan+Jewellery,Priyan Jewellery,Jewellery,Retail,"Vizianagaram, Andhra Pradesh",,,2.5,4,OPERATIONAL,,,,Vizianagaram,Andhra Pradesh,India
google_maps,Sri+Siddhi+Vinayaka+Jewellers,Sri Siddhi Vinayaka Jewellers,Jewellery,Retail,"Jewelry store · D.No: 7-2-7, Rangireeju Street, Near Polyster House Jn.",,,5.0,2,OPERATIONAL,,,,Vizianagaram,Andhra Pradesh,India
google_maps,Laxmi+Narayana+jewellers,Laxmi Narayana jewellers,Jewellery,Retail,"Vizianagaram, Andhra Pradesh",,,5.0,5,OPERATIONAL,,,,Vizianagaram,Andhra Pradesh,India
google_maps,%E0%B0%B6%E0%B1%8D%E0%B0%B0%E0%B1%80+%E0%B0%A6%E0%B1%81%E0%B0%B0%E0%B1%8D%E0%B0%97%E0%B0%BE+%E0%B0%AE%E0%B1%86%E0%B0%B7%E0%B0%BF%E0%B0%A8%E0%B1%8D+%E0%B0%9A%E0%B1%88%E0%B0%A8%E0%B1%8D%E0%B0%B8%E0%B1%8D,శ్రీ దుర్గా మెషిన్ చైన్స్,Jewellery,Retail,"Vizianagaram, Andhra Pradesh",,,5.0,1,OPERATIONAL,,,,Vizianagaram,Andhra Pradesh,India
google_maps,SR+Jewellers+1g+Gold,SR Jewellers 1g Gold,Jewellery,Retail,"Vizianagaram, Andhra Pradesh",089786 48888,,,0,OPERATIONAL,,,,Vizianagaram,Andhra Pradesh,India
google_maps,Sree+Vaayuputra+Jewelleries,Sree Vaayuputra Jewelleries,Jewellery,Retail,"Vizianagaram, Andhra Pradesh",,,,0,OPERATIONAL,,,,Vizianagaram,Andhra Pradesh,India
google_maps,SREE+RANGANADHA+JEWELLERS,SREE RANGANADHA JEWELLERS,Jewellery,Retail,"Jewelry store · MG Rd, opp. Kolla Bazar Road",,,1.5,2,OPERATIONAL,,,,Vizianagaram,Andhra Pradesh,India
google_maps,GT+ASSAY+%26+HALLMARKING+CENTRE,GT ASSAY & HALLMARKING CENTRE,Jewellery,Retail,"Gold dealer · 1st Floor, appachimandiram street, SHREE COMPLEX, 7-2-3(1, Vulli Veedhi Rd, near rK TEXTILES",,,5.0,4,OPERATIONAL,,,,Vizianagaram,Andhra Pradesh,India
google_maps,VAIBHAV+JEWELLERS+-+Jewellery+Store+In+V+Square+Visakhapatnam,VAIBHAV JEWELLERS - Jewellery Store In V Square Visakhapatnam,Jewellery,Retail,"Vizianagaram, Andhra Pradesh",,,4.7,6094,OPERATIONAL,,,,Vizianagaram,Andhra Pradesh,India
google_maps,Jos+Alukkas+Jewellery+Visakhapatnam,Jos Alukkas Jewellery Visakhapatnam,Jewellery,Retail,"Vizianagaram, Andhra Pradesh",,,4.8,2586,OPERATIONAL,,,,Vizianagaram,Andhra Pradesh,India
google_maps,One+gram+gold+wholesale,One gram gold wholesale,Jewellery,Retail,"Vizianagaram, Andhra Pradesh",,,3.5,4,OPERATIONAL,,,,Vizianagaram,Andhra Pradesh,India
google_maps,Sri+Adhilaxmi+Jewellers,Sri Adhilaxmi Jewellers,Jewellery,Retail,"Jewelry store · main road, opp. Muntaj Hotel",,,4.9,1878,OPERATIONAL,,,,Vizianagaram,Andhra Pradesh,India
google_maps,Khazana+Jewellery+-+Visakhapatnam+-+Mall+Store,Khazana Jewellery - Visakhapatnam - Mall Store,Jewellery,Retail,"Vizianagaram, Andhra Pradesh",,,4.8,25121,OPERATIONAL,,,,Vizianagaram,Andhra Pradesh,India
google_maps,MVS+Jewel+Park,MVS Jewel Park,Jewellery,Retail,"Jewelry store · Suraj Towers, Opp Aseelametta Bus Stop, Rama Talkies Road, Aslimetta",,,4.3,401,OPERATIONAL,,,,Vizianagaram,Andhra Pradesh,India
google_maps,Vysyaraju+Jewellers+Asilmetta,Vysyaraju Jewellers Asilmetta,Jewellery,Retail,"Vizianagaram, Andhra Pradesh",,,4.6,3271,OPERATIONAL,,,,Vizianagaram,Andhra Pradesh,India
google_maps,Khazana+Jewellery+-+Visakhapatnam+-+Dwarakanagar,Khazana Jewellery - Visakhapatnam - Dwarakanagar,Jewellery,Retail,"Jewelry store ·  · Gupta building, 47-15-5, Railway Station Rd, opposite TSR Complex",,,4.8,7958,OPERATIONAL,,,,Vizianagaram,Andhra Pradesh,India
google_maps,Violet+%26+Purple,Violet & Purple,Jewellery,Retail,"Vizianagaram, Andhra Pradesh",,,4.9,10620,OPERATIONAL,,,,Vizianagaram,Andhra Pradesh,India
google_maps,V+Square,V Square,Jewellery,Retail,"Vizianagaram, Andhra Pradesh",,,4.2,3737,OPERATIONAL,,,,Vizianagaram,Andhra Pradesh,India
google_maps,Akshar%C3%A0+JEWELLERS,Aksharà JEWELLERS,Jewellery,Retail,"Vizianagaram, Andhra Pradesh",,,4.6,31,OPERATIONAL,,,,Vizianagaram,Andhra Pradesh,India
google_maps,Manchukonda+Gems+%26+Jewellers,Manchukonda Gems & Jewellers,Jewellery,Retail,"Vizianagaram, Andhra Pradesh",,,4.4,122,OPERATIONAL,,,,Vizianagaram,Andhra Pradesh,India
google_maps,SVADEZI+-+Precious+Stone+and+Silver+Artistry,SVADEZI - Precious Stone and Silver Artistry,Jewellery,Retail,"Vizianagaram, Andhra Pradesh",,,5.0,48,OPERATIONAL,,,,Vizianagaram,Andhra Pradesh,India
google_maps,Attica+Gold+Company+-+Gold+Buyers+In+Gopalapatnam,Attica Gold Company - Gold Buyers In Gopalapatnam,Jewellery,Retail,"Gold dealer · #10-47-7, Main Road, First floor, Opposite Kalyanee Shopping Mall",,,4.9,157,OPERATIONAL,,,,Vizianagaram,Andhra Pradesh,India
google_maps,Sri+Adhilakshmi+Jewellers,Sri Adhilakshmi Jewellers,Jewellery,Retail,"Vizianagaram, Andhra Pradesh",,,4.9,2286,OPERATIONAL,,,,Vizianagaram,Andhra Pradesh,India
google_maps,Swarna+jewellery,Swarna jewellery,Jewellery,Retail,"Jewelry store ·  · P6X9+4WG, 6-77, Gopalapatnam Main Road",,,4.3,352,OPERATIONAL,,,,Vizianagaram,Andhra Pradesh,India
google_maps,Sri+Maruthi+Jewellers,Sri Maruthi Jewellers,Jewellery,Retail,"Vizianagaram, Andhra Pradesh",,,4.6,18,OPERATIONAL,,,,Vizianagaram,Andhra Pradesh,India
google_maps,R.S+Jewellers,R.S Jewellers,Jewellery,Retail,"Jewelry store · opposite Reading Room, near Kanaka Mahalakshmi Temple",,,5.0,15,OPERATIONAL,,,,Vizianagaram,Andhra Pradesh,India
google_maps,Sri+Seetharama+Jewellers,Sri Seetharama Jewellers,Jewellery,Retail,"Vizianagaram, Andhra Pradesh",,,4.3,22,OPERATIONAL,,,,Vizianagaram,Andhra Pradesh,India
google_maps,Sri+Janakiram+Jewellers,Sri Janakiram Jewellers,Jewellery,Retail,"Vizianagaram, Andhra Pradesh",,,4.9,656,OPERATIONAL,,,,Vizianagaram,Andhra Pradesh,India
google_maps,Khazana+Jewellery+-+Visakhapatnam+-+Gajuwaka,Khazana Jewellery - Visakhapatnam - Gajuwaka,Jewellery,Retail,"Vizianagaram, Andhra Pradesh",,,4.8,10259,OPERATIONAL,,,,Vizianagaram,Andhra Pradesh,India
google_maps,Joyalukkas+Jewellery+-+Gajuwaka,Joyalukkas Jewellery - Gajuwaka,Jewellery,Retail,"Vizianagaram, Andhra Pradesh",,,4.8,4653,OPERATIONAL,,,,Vizianagaram,Andhra Pradesh,India
google_maps,Shree+Jewellery,Shree Jewellery,Jewellery,Retail,"Vizianagaram, Andhra Pradesh",,,4.4,28,OPERATIONAL,,,,Vizianagaram,Andhra Pradesh,India
google_maps,Vysyaraju+Jewellers+Anakapalle,Vysyaraju Jewellers Anakapalle,Jewellery,Retail,"Vizianagaram, Andhra Pradesh",,,4.9,1113,OPERATIONAL,,,,Vizianagaram,Andhra Pradesh,India
google_maps,SKML+Jewellers,SKML Jewellers,Jewellery,Retail,"Vizianagaram, Andhra Pradesh",092466 11197,,4.8,4,OPERATIONAL,,,,Vizianagaram,Andhra Pradesh,India
google_maps,Nagaraju+Jewellery,Nagaraju Jewellery,Jewellery,Retail,Nagaraju Jewellery,,,4.9,46,OPERATIONAL,,,,Vizianagaram,Andhra Pradesh,India
google_maps,Sri+Venkateswara+Jewellery,Sri Venkateswara Jewellery,Jewellery,Retail,"Vizianagaram, Andhra Pradesh",,,4.7,45,OPERATIONAL,,,,Vizianagaram,Andhra Pradesh,India
google_maps,Thanishka+Jewellers,Thanishka Jewellers,Jewellery,Retail,"Jewelry store · AH 45 Road, near Paradise Family Restaurant",,,5.0,12,OPERATIONAL,,,,Vizianagaram,Andhra Pradesh,India
google_maps,Sri+Alamanda+Jewellers,Sri Alamanda Jewellers,Jewellery,Retail,"Jeweler · 25-8-268, after SKML Temple Arch,MAIN ROAD, market",,,4.4,7,OPERATIONAL,,,,Vizianagaram,Andhra Pradesh,India
google_maps,RRR+Jewellers,RRR Jewellers,Jewellery,Retail,"Vizianagaram, Andhra Pradesh",,,4.5,57,OPERATIONAL,,,,Vizianagaram,Andhra Pradesh,India
google_maps,Venkatesh+stone+fitting,Venkatesh stone fitting,Jewellery,Retail,"Vizianagaram, Andhra Pradesh",,,5.0,2,OPERATIONAL,,,,Vizianagaram,Andhra Pradesh,India
google_maps,Chandu+jewellery+-+a+finest+jewellery+in+vizianagaram,Chandu jewellery - a finest jewellery in vizianagaram,Jewellery,Retail,Chandu jewellery - a finest jewellery in vizianagaram,,,,0,OPERATIONAL,,,,Vizianagaram,Andhra Pradesh,India
google_maps,Sri+Gayatri+Binding+Works,Sri Gayatri Binding Works,Jewellery,Retail,"Vizianagaram, Andhra Pradesh",,,4.4,106,OPERATIONAL,,,,Vizianagaram,Andhra Pradesh,India
google_maps,P+W+Market,P W Market,Jewellery,Retail,Market · Near Clock Tower MG Road Hukumpet Vizianagaram Andhra Pradesh 535,,,4.0,3778,OPERATIONAL,,,,Vizianagaram,Andhra Pradesh,India
google_maps,Rakhsaa+gold+PVT+LTD,Rakhsaa gold PVT LTD,Jewellery,Retail,"Vizianagaram, Andhra Pradesh",,,5.0,14,OPERATIONAL,,,,Vizianagaram,Andhra Pradesh,India
google_maps,SREEVARI+FURNITURE,SREEVARI FURNITURE,Jewellery,Retail,"Furniture store · R&B JUNCTION, near Venkateswara Tiffins",,,4.9,215,OPERATIONAL,,,,Vizianagaram,Andhra Pradesh,India
google_maps,Manappuram+Finance+Limited+%E2%80%93+Gold+Loan,Manappuram Finance Limited – Gold Loan,Jewellery,Retail,"Financial institution ·  · 16-7-8, Gurajada Appa Rao Road, Junction, near Kota Centre",,,4.8,187,OPERATIONAL,,,,Vizianagaram,Andhra Pradesh,India
google_maps,GN+GOLD+WORKS+PROP+NANI,GN GOLD WORKS PROP NANI,Jewellery,Retail,"Vizianagaram, Andhra Pradesh",,,,0,OPERATIONAL,,,,Vizianagaram,Andhra Pradesh,India
google_maps,LAKSHMI+GOLD+SMITH,LAKSHMI GOLD SMITH,Jewellery,Retail,"Vizianagaram, Andhra Pradesh",,,5.0,2,OPERATIONAL,,,,Vizianagaram,Andhra Pradesh,India
google_maps,White+Gold+Vizianagaram+-+Turn+Your+Gold+Into+Money,White Gold Vizianagaram - Turn Your Gold Into Money,Jewellery,Retail,White Gold Vizianagaram - Turn Your Gold Into Money,,,,0,OPERATIONAL,,,,Vizianagaram,Andhra Pradesh,India
google_maps,"Muthoot+MCred+Gold+Loan+In+Contonment+Area,+Vizianagaram+%28Muthoottu+Mini%29","Muthoot MCred Gold Loan In Contonment Area, Vizianagaram (Muthoottu Mini)",Jewellery,Retail,"Muthoot MCred Gold Loan In Contonment Area, Vizianagaram (Muthoottu Mini)",,,1.0,1,OPERATIONAL,,,,Vizianagaram,Andhra Pradesh,India
google_maps,Style+Union+-+Fort+City+Central+Mall,Style Union - Fort City Central Mall,Jewellery,Retail,"Clothing store ·  · Fort City Central Mall, Gadi Khana, Pedavemali, nearby Leela Mahal Theatre",,,4.9,16398,OPERATIONAL,,,,Vizianagaram,Andhra Pradesh,India
google_maps,Gandhi+Mill+Stores+%28Stihl+Distributor%29,Gandhi Mill Stores (Stihl Distributor),Jewellery,Retail,"Machine shop ·  · Ground Floor, Door, No.8-5-4, Bikkavolu Vari Street, near SKP Temple Area",,,4.8,149,OPERATIONAL,,,,Vizianagaram,Andhra Pradesh,India
google_maps,ibaco+-+Vizianagaram,ibaco - Vizianagaram,Jewellery,Retail,ibaco - Vizianagaram,,,4.7,724,OPERATIONAL,,,,Vizianagaram,Andhra Pradesh,India
google_maps,Muthoot+Money+Gold+Loan,Muthoot Money Gold Loan,Jewellery,Retail,"Loan agency · 200, 100 Ft Ring Rd, near Sri Sairam Parlour",,,3.6,14,OPERATIONAL,,,,Vizianagaram,Andhra Pradesh,India
google_maps,"Muthoot+MCred+Gold+Loan+In+Ramabhadrapuram,+Vizianagaram+%28Muthoottu+Mini%29","Muthoot MCred Gold Loan In Ramabhadrapuram, Vizianagaram (Muthoottu Mini)",Jewellery,Retail,"Financial institution · Door No :12-87, near Rtc Complex",,,,0,OPERATIONAL,,,,Vizianagaram,Andhra Pradesh,India
google_maps,Muthoot+FinCorp+Gold+Loan,Muthoot FinCorp Gold Loan,Jewellery,Retail,"Loan agency ·  · 1st Floor, No. 16/1/58, MG Rd, near Manhar Shopping Mall",,,5.0,871,OPERATIONAL,,,,Vizianagaram,Andhra Pradesh,India
google_maps,Muthoot+Finance+Gold+Loan,Muthoot Finance Gold Loan,Jewellery,Retail,"Vizianagaram, Andhra Pradesh",,,4.8,130,OPERATIONAL,,,,Vizianagaram,Andhra Pradesh,India
google_maps,Srinivasa+Gold+nd+silver+repair+works,Srinivasa Gold nd silver repair works,Jewellery,Retail,"Vizianagaram, Andhra Pradesh",,,5.0,1,OPERATIONAL,,,,Vizianagaram,Andhra Pradesh,India
google_maps,Vizianagaram+Clock+Tower,Vizianagaram Clock Tower,Jewellery,Retail,Vizianagaram Clock Tower,,,4.4,6619,OPERATIONAL,,,,Vizianagaram,Andhra Pradesh,India
google_maps,GN+JEWELLERS+WORKS,GN JEWELLERS WORKS,Jewellery,Retail,"Vizianagaram, Andhra Pradesh",,,,0,OPERATIONAL,,,,Vizianagaram,Andhra Pradesh,India
google_maps,Swapna+Enterprises,Swapna Enterprises,Jewellery,Retail,"General store ·  · Shop No. 20, Park Road, opp. Municipal Office",,,4.9,9,OPERATIONAL,,,,Vizianagaram,Andhra Pradesh,India
google_maps,Youth+fashion+corner,Youth fashion corner,Jewellery,Retail,"Jewelry store · Shop no.12 1st floor, new municipality complex, near New Poorna Road",,,,0,OPERATIONAL,,,,Vizianagaram,Andhra Pradesh,India
google_maps,Gold+Smith+Works,Gold Smith Works,Jewellery,Retail,"Vizianagaram, Andhra Pradesh",,,,0,OPERATIONAL,,,,Vizianagaram,Andhra Pradesh,India
google_maps,Devi+Jewellers,Devi Jewellers,Jewellery,Retail,"Vizianagaram, Andhra Pradesh",,,4.8,4,OPERATIONAL,,,,Vizianagaram,Andhra Pradesh,India
google_maps,K.S.P.+Gems+%26+Jewellers,K.S.P. Gems & Jewellers,Jewellery,Retail,"Vizianagaram, Andhra Pradesh",,,,0,OPERATIONAL,,,,Vizianagaram,Andhra Pradesh,India
google_maps,Srinivasa+Gold+Works,Srinivasa Gold Works,Jewellery,Retail,"Vizianagaram, Andhra Pradesh",076808 51930,,,0,OPERATIONAL,,,,Vizianagaram,Andhra Pradesh,India
google_maps,Ambabhavani+Gold+Work,Ambabhavani Gold Work,Jewellery,Retail,"Vizianagaram, Andhra Pradesh",063051 58261,,,0,OPERATIONAL,,,,Vizianagaram,Andhra Pradesh,India
google_maps,1Gram+Gold+Jewellery,1Gram Gold Jewellery,Jewellery,Retail,"Wholesale jeweler · Shop. No :- 19, Ravva book store, Sri Satya Gold Covering, M. G. Road, opposite SVB Gopal",,,,0,OPERATIONAL,,,,Vizianagaram,Andhra Pradesh,India
google_maps,Archies+Zonekart,Archies Zonekart,Jewellery,Retail,"Vizianagaram, Andhra Pradesh",,,4.9,435,OPERATIONAL,,,,Vizianagaram,Andhra Pradesh,India
google_maps,Singam+Gold,Singam Gold,Jewellery,Retail,"Vizianagaram, Andhra Pradesh",094412 16673,,,0,OPERATIONAL,,,,Vizianagaram,Andhra Pradesh,India
google_maps,Nmk+Jewellers,Nmk Jewellers,Jewellery,Retail,Jewelry store · near Skptemple,,,1.0,3,OPERATIONAL,,,,Vizianagaram,Andhra Pradesh,India
google_maps,MKR+JEWELLERY+AND+REPAIR+WORKS,MKR JEWELLERY AND REPAIR WORKS,Jewellery,Retail,"Jewelry store · Door No. 7, 2-27, Rangireeju St, opposite Kiran Jewellery, near Amba Bhavani Temple",063030 04918,,,0,OPERATIONAL,,,,Vizianagaram,Andhra Pradesh,India
google_maps,Sri+Kanakaparameswari+Jewellers,Sri Kanakaparameswari Jewellers,Jewellery,Retail,"Vizianagaram, Andhra Pradesh",,,,0,OPERATIONAL,,,,Vizianagaram,Andhra Pradesh,India
google_maps,Sri+Bhavani+Bangles+%26+Fancy,Sri Bhavani Bangles & Fancy,Jewellery,Retail,"Vizianagaram, Andhra Pradesh",,,,0,OPERATIONAL,,,,Vizianagaram,Andhra Pradesh,India
google_maps,NIKKULA+CHANDRA+SEKHAR,NIKKULA CHANDRA SEKHAR,Jewellery,Retail,"Vizianagaram, Andhra Pradesh",,,,0,OPERATIONAL,,,,Vizianagaram,Andhra Pradesh,India
google_maps,Mahesh+Novelty,Mahesh Novelty,Jewellery,Retail,"Jewelry store · D.no. 8-1-65, 1st Floor, SK Plaza, S.K.P. Temple , MG Road",,,5.0,4,OPERATIONAL,,,,Vizianagaram,Andhra Pradesh,India
google_maps,Royal+Amrutha+Jewelleryworks,Royal Amrutha Jewelleryworks,Jewellery,Retail,"Vizianagaram, Andhra Pradesh",,,5.0,2,OPERATIONAL,,,,Vizianagaram,Andhra Pradesh,India
google_maps,Mataji+Silver+Palace,Mataji Silver Palace,Jewellery,Retail,"Vizianagaram, Andhra Pradesh",,,,0,OPERATIONAL,,,,Vizianagaram,Andhra Pradesh,India
google_maps,Hukumpeta+Silver+Shop,Hukumpeta Silver Shop,Jewellery,Retail,"Vizianagaram, Andhra Pradesh",,,3.7,48,OPERATIONAL,,,,Vizianagaram,Andhra Pradesh,India
google_maps,Dasari+Venkataramana+%26+Son+Jewellers,Dasari Venkataramana & Son Jewellers,Jewellery,Retail,"Jewelry store · Main Road, opp. Kolla Bazar Road",,,,0,OPERATIONAL,,,,Vizianagaram,Andhra Pradesh,India
google_maps,TONI%26GUY+essensuals+-+best+hairdressing+salon+in+Vizianagaram,TONI&GUY essensuals - best hairdressing salon in Vizianagaram,Jewellery,Retail,"""Had diamond facial at vizianagaram.""",,,4.9,725,OPERATIONAL,,,,Vizianagaram,Andhra Pradesh,India
google_maps,M.V.+Novelties,M.V. Novelties,Jewellery,Retail,"Vizianagaram, Andhra Pradesh",,,4.7,11,OPERATIONAL,,,,Vizianagaram,Andhra Pradesh,India
google_maps,Sai+krishna+gold+works,Sai krishna gold works,Jewellery,Retail,"Vizianagaram, Andhra Pradesh",063041 06080,,,0,OPERATIONAL,,,,Vizianagaram,Andhra Pradesh,India
google_maps,Veda+jewellery+works,Veda jewellery works,Jewellery,Retail,"Goldsmith · 4-10-44, Kuppili Street, near Butchenna Koneru Old Power Office",,,,0,OPERATIONAL,,,,Vizianagaram,Andhra Pradesh,India
google_maps,LVN+Moulding+works,LVN Moulding works,Jewellery,Retail,"Vizianagaram, Andhra Pradesh",,,,0,OPERATIONAL,,,,Vizianagaram,Andhra Pradesh,India
google_maps,Veda+Jewellery+Works,Veda Jewellery Works,Jewellery,Retail,"Goldsmith · D.No:15-1-41, P.B.Road, Lanka Veedhi, Stadium Road, near Maszid",,,,0,OPERATIONAL,,,,Vizianagaram,Andhra Pradesh,India
google_maps,Sudda+street,Sudda street,Jewellery,Retail,Sudda street,,,,0,OPERATIONAL,,,,Vizianagaram,Andhra Pradesh,India
google_maps,Balu+Gold+Testing,Balu Gold Testing,Jewellery,Retail,"Goldsmith · 4C85+CP8, MG Rd, Near Clock Tower",,,,0,OPERATIONAL,,,,Vizianagaram,Andhra Pradesh,India
google_maps,Gold+Prince+Gold+Covering+Works,Gold Prince Gold Covering Works,Jewellery,Retail,"Vizianagaram, Andhra Pradesh",,,,0,OPERATIONAL,,,,Vizianagaram,Andhra Pradesh,India
google_maps,satyakrishna+jewellery+works,satyakrishna jewellery works,Jewellery,Retail,"Goldsmith · 11-1-4b, putchal street, near raviconvent",,,,0,OPERATIONAL,,,,Vizianagaram,Andhra Pradesh,India
google_maps,Sk+Ajaharuddin+Alamin+Machine+chain,Sk Ajaharuddin Alamin Machine chain,Jewellery,Retail,"Vizianagaram, Andhra Pradesh",,,,0,OPERATIONAL,,,,Vizianagaram,Andhra Pradesh,India
google_maps,Gantasthambam,Gantasthambam,Jewellery,Retail,"""Historical clock tower in vizianagaram very nice""",,,4.5,130,OPERATIONAL,,,,Vizianagaram,Andhra Pradesh,India
google_maps,"GIVA+Silver+%26+Gold+Jewellery+Store+%7C+VIP+Road,+Vishakhapatnam","GIVA Silver & Gold Jewellery Store | VIP Road, Vishakhapatnam",Jewellery,Retail,"GIVA Silver & Gold Jewellery Store | VIP Road, Vishakhapatnam",,,4.9,221,OPERATIONAL,,,,Vizianagaram,Andhra Pradesh,India
google_maps,"Kalyan+Jewellers+-+Waltair+Uplands,+Visakhapatnam","Kalyan Jewellers - Waltair Uplands, Visakhapatnam",Jewellery,Retail,"Jewelry store · Near, #10-1-38/1, Sampath Vinayaka Temple Rd",,,4.1,803,OPERATIONAL,,,,Vizianagaram,Andhra Pradesh,India
google_maps,MVP+Jewellers,MVP Jewellers,Jewellery,Retail,"Vizianagaram, Andhra Pradesh",,,4.6,269,OPERATIONAL,,,,Vizianagaram,Andhra Pradesh,India
google_maps,Sanghvi+Jewellery+Mall,Sanghvi Jewellery Mall,Jewellery,Retail,"Vizianagaram, Andhra Pradesh",,,4.3,505,OPERATIONAL,,,,Vizianagaram,Andhra Pradesh,India
google_maps,P.B.+Jewel+Palace,P.B. Jewel Palace,Jewellery,Retail,"Vizianagaram, Andhra Pradesh",,,4.3,176,OPERATIONAL,,,,Vizianagaram,Andhra Pradesh,India
google_maps,SBM+GOLD+PURITY+TESTING+CENTER,SBM GOLD PURITY TESTING CENTER,Jewellery,Retail,"Jewelry store · 2nd Floor,, Dwarakanagar main Road, above Andhra Bank",,,4.3,19,OPERATIONAL,,,,Vizianagaram,Andhra Pradesh,India
google_maps,Sri+Venkata+Sapthagiri+Jewellers,Sri Venkata Sapthagiri Jewellers,Jewellery,Retail,"Jewelry store · Pappulaveedhi, opposite fish Market",,,5.0,15,OPERATIONAL,,,,Vizianagaram,Andhra Pradesh,India
google_maps,SRILALITHA+JEWELLERS,SRILALITHA JEWELLERS,Jewellery,Retail,"Vizianagaram, Andhra Pradesh",,,4.9,404,OPERATIONAL,,,,Vizianagaram,Andhra Pradesh,India
google_maps,Sri+Lakshmi+Srinivasa+Jewellers+%26+Gems,Sri Lakshmi Srinivasa Jewellers & Gems,Jewellery,Retail,"Jewelry store · 10-8, 79 Main Road",,,4.7,53,OPERATIONAL,,,,Vizianagaram,Andhra Pradesh,India
google_maps,Sree+Nagnechi+Jewellers,Sree Nagnechi Jewellers,Jewellery,Retail,"Vizianagaram, Andhra Pradesh",,,,0,OPERATIONAL,,,,Vizianagaram,Andhra Pradesh,India
google_maps,Sri+Valli+Jewellers,Sri Valli Jewellers,Jewellery,Retail,"Jewelry store · 4C85+F83, MG Road",,,,0,OPERATIONAL,,,,Vizianagaram,Andhra Pradesh,India
google_maps,IIFL+Gold+Loan,IIFL Gold Loan,Jewellery,Retail,"Loan agency · Lot Mobiles Upstage, Door No 8/12/1, Road, opposite Mayuri Hotel",,,4.9,202,OPERATIONAL,,,,Vizianagaram,Andhra Pradesh,India
google_maps,SKDJ,SKDJ,Jewellery,Retail,"Vizianagaram, Andhra Pradesh",,,5.0,1,OPERATIONAL,,,,Vizianagaram,Andhra Pradesh,India
google_maps,VINAYAK+LIGHT,VINAYAK LIGHT,Jewellery,Retail,"Vizianagaram, Andhra Pradesh",,,4.8,60,OPERATIONAL,,,,Vizianagaram,Andhra Pradesh,India
google_maps,Shop+No+8,Shop No 8,Jewellery,Retail,"Vizianagaram, Andhra Pradesh 535001",,,,0,OPERATIONAL,,,,Vizianagaram,Andhra Pradesh,India
google_maps,Raja+Rajeswari+General+Store,Raja Rajeswari General Store,Jewellery,Retail,"Vizianagaram, Andhra Pradesh",,,3.7,36,OPERATIONAL,,,,Vizianagaram,Andhra Pradesh,India
google_maps,bhavani+gold+work,bhavani gold work,Jewellery,Retail,"Vizianagaram, Andhra Pradesh",,,5.0,1,OPERATIONAL,,,,Vizianagaram,Andhra Pradesh,India
google_maps,Kanaka+mahalaxmi+jewellers,Kanaka mahalaxmi jewellers,Jewellery,Retail,"Vizianagaram, Andhra Pradesh",,,5.0,1,OPERATIONAL,,,,Vizianagaram,Andhra Pradesh,India
google_maps,Srinivasarao+kuppili+%28chanti%29,Srinivasarao kuppili (chanti),Jewellery,Retail,"Goldsmith · MG Rd, near kanyaka parameswari temple",,,4.0,1,OPERATIONAL,,,,Vizianagaram,Andhra Pradesh,India
google_maps,M.S.R.,M.S.R.,Jewellery,Retail,"Goldsmith · Savithramma Complex, Junction, Bondada St, near Vulli Street",,,1.0,1,OPERATIONAL,,,,Vizianagaram,Andhra Pradesh,India
google_maps,Varalakshmi+Jewellery+%26+Works,Varalakshmi Jewellery & Works,Jewellery,Retail,"Goldsmith · D.No Rangireeju Street, City Bus Stand Rd, near Amba bhavani Temple",,,,0,OPERATIONAL,,,,Vizianagaram,Andhra Pradesh,India
google_maps,Mahalakshmi+Bangles+%26+Fancy+Stores,Mahalakshmi Bangles & Fancy Stores,Jewellery,Retail,"Vizianagaram, Andhra Pradesh",,,3.2,6,OPERATIONAL,,,,Vizianagaram,Andhra Pradesh,India
google_maps,VSN+INTERIORS,VSN INTERIORS,Jewellery,Retail,"Vizianagaram, Andhra Pradesh",,,5.0,59,OPERATIONAL,,,,Vizianagaram,Andhra Pradesh,India
google_maps,Public+fish+and+nonveg+market,Public fish and nonveg market,Jewellery,Retail,"Vizianagaram, Andhra Pradesh",,,3.9,299,OPERATIONAL,,,,Vizianagaram,Andhra Pradesh,India
google_maps,Mukunda+Jewellery,Mukunda Jewellery,Jewellery,Retail,"Vizianagaram, Andhra Pradesh",,,4.9,1086,OPERATIONAL,,,,Vizianagaram,Andhra Pradesh,India
google_maps,Sri+Kanyaka+Parameswari+Ammavari+Temple,Sri Kanyaka Parameswari Ammavari Temple,Jewellery,Retail,Hindu temple ·  · near KanyakaParameshwari Temple,,,4.6,730,OPERATIONAL,,,,Vizianagaram,Andhra Pradesh,India
google_maps,V+Jewellery+Mart+Asilmetta,V Jewellery Mart Asilmetta,Jewellery,Retail,"Vizianagaram, Andhra Pradesh",,,4.9,554,OPERATIONAL,,,,Vizianagaram,Andhra Pradesh,India
google_maps,TRENDS,TRENDS,Jewellery,Retail,"Clothing Accessories Store ·  · Ncs Multiplex, Thotapalem Road, opp. Rtc Complex",,,4.1,1151,OPERATIONAL,,,,Vizianagaram,Andhra Pradesh,India
google_maps,Vizianagaram+Collectorate,Vizianagaram Collectorate,Jewellery,Retail,"Government office ·  · 499P+2RR, Cantonment Road, Cantonment",,,4.1,96,OPERATIONAL,,,,Vizianagaram,Andhra Pradesh,India
google_maps,"GRT+Jewellers+-+Ram+Nagar,+Visakhapatnam","GRT Jewellers - Ram Nagar, Visakhapatnam",Jewellery,Retail,"GRT Jewellers - Ram Nagar, Visakhapatnam",,,4.9,30571,OPERATIONAL,,,,Vizianagaram,Andhra Pradesh,India
google_maps,Paksha+by+Tarinika,Paksha by Tarinika,Jewellery,Retail,"Vizianagaram, Andhra Pradesh",,,4.6,126,OPERATIONAL,,,,Vizianagaram,Andhra Pradesh,India
google_maps,Bhagyasri+Ram+Jewellery+Square+%28BRJ+square%29,Bhagyasri Ram Jewellery Square (BRJ square),Jewellery,Retail,"Vizianagaram, Andhra Pradesh",,,4.9,897,OPERATIONAL,,,,Vizianagaram,Andhra Pradesh,India
google_maps,V+Jewellery+Mart,V Jewellery Mart,Jewellery,Retail,"Jewelry store · 6th Floor DoorNo 10-4, Navarathna Trade Center, V Jewellery Mart, 15/1, Ram Nagar Rd, beside Hotel Meghalaya",,,4.9,914,OPERATIONAL,,,,Vizianagaram,Andhra Pradesh,India
google_maps,BlueStone+Jewellery+Visakhapatnam,BlueStone Jewellery Visakhapatnam,Jewellery,Retail,"Vizianagaram, Andhra Pradesh",,,4.9,1161,OPERATIONAL,,,,Vizianagaram,Andhra Pradesh,India
google_maps,Vadhuvu+%28+one+gram+gold+jewellery+store%29,Vadhuvu ( one gram gold jewellery store),Jewellery,Retail,"Vizianagaram, Andhra Pradesh",,,4.9,409,OPERATIONAL,,,,Vizianagaram,Andhra Pradesh,India
google_maps,BHIMA+JEWELLERY+VISAKHAPATNAM,BHIMA JEWELLERY VISAKHAPATNAM,Jewellery,Retail,"Vizianagaram, Andhra Pradesh",,,4.8,2369,OPERATIONAL,,,,Vizianagaram,Andhra Pradesh,India
google_maps,Sri+Lalithambica+Jewellers,Sri Lalithambica Jewellers,Jewellery,Retail,"Vizianagaram, Andhra Pradesh",,,4.8,50,OPERATIONAL,,,,Vizianagaram,Andhra Pradesh,India
google_maps,MANCHUKONDA%27S+SHYAM+ZAVERI,MANCHUKONDA'S SHYAM ZAVERI,Jewellery,Retail,"Vizianagaram, Andhra Pradesh",,,4.6,44,OPERATIONAL,,,,Vizianagaram,Andhra Pradesh,India
google_maps,Lalithaa+Jewellery+Mart+Limited+-+Vizag,Lalithaa Jewellery Mart Limited - Vizag,Jewellery,Retail,"Vizianagaram, Andhra Pradesh",,,4.2,7743,OPERATIONAL,,,,Vizianagaram,Andhra Pradesh,India
google_maps,"Kushal%27s+Fashion+Jewellery+-+Siripuram,+Visakhapatnam","Kushal's Fashion Jewellery - Siripuram, Visakhapatnam",Jewellery,Retail,"Vizianagaram, Andhra Pradesh",,,4.8,1764,OPERATIONAL,,,,Vizianagaram,Andhra Pradesh,India
google_maps,Joyalukkas+Jewellery+-+Visakhapatnam+%28+Vizag+%29,Joyalukkas Jewellery - Visakhapatnam ( Vizag ),Jewellery,Retail,"Jewelry store · Sampath Vinayaka Temple Rd, Near Sampath Vinayaka Temple",,,4.8,10912,OPERATIONAL,,,,Vizianagaram,Andhra Pradesh,India
google_maps,Vysyaraju+Jewellers+Tagarapuvalasa,Vysyaraju Jewellers Tagarapuvalasa,Jewellery,Retail,"Vizianagaram, Andhra Pradesh",,,4.8,144,OPERATIONAL,,,,Vizianagaram,Andhra Pradesh,India
google_maps,MONIA+GOLD+COVERING+AND+IMMITATION+JEWELLERY,MONIA GOLD COVERING AND IMMITATION JEWELLERY,Jewellery,Retail,"Vizianagaram, Andhra Pradesh",,,5.0,1,OPERATIONAL,,,,Vizianagaram,Andhra Pradesh,India
google_maps,Brindavan+Bangle+Store,Brindavan Bangle Store,Jewellery,Retail,"Bangle Shop · 4C84+CCX, M G Road, Mangala Street",,,3.8,4,OPERATIONAL,,,,Vizianagaram,Andhra Pradesh,India
google_maps,Jayalakshmi+Pearls,Jayalakshmi Pearls,Jewellery,Retail,"Vizianagaram, Andhra Pradesh",,,4.0,2,OPERATIONAL,,,,Vizianagaram,Andhra Pradesh,India
google_maps,Sri+Lakshmi+Jewellers,Sri Lakshmi Jewellers,Jewellery,Retail,"Jewelry store · Shop: 223205, M.G. Road, Bowdra Ring Rd",,,5.0,3,OPERATIONAL,,,,Vizianagaram,Andhra Pradesh,India
google_maps,SSR+silver+jewellery,SSR silver jewellery,Jewellery,Retail,"Vizianagaram, Andhra Pradesh",,,5.0,3,OPERATIONAL,,,,Vizianagaram,Andhra Pradesh,India
google_maps,Silver+Zone,Silver Zone,Jewellery,Retail,"Jewelry store · 7-3-7(A, Rangarizu Vari Street",,,5.0,1,OPERATIONAL,,,,Vizianagaram,Andhra Pradesh,India
google_maps,Sri+Srinivasa+Imitation+Jewellery,Sri Srinivasa Imitation Jewellery,Jewellery,Retail,"Jewelry store · Taraka Rama Colony, near Collector Office",,,5.0,1,OPERATIONAL,,,,Vizianagaram,Andhra Pradesh,India
google_maps,Venkata+Padma+Fancy+Store,Venkata Padma Fancy Store,Jewellery,Retail,"Vizianagaram, Andhra Pradesh",,,,0,OPERATIONAL,,,,Vizianagaram,Andhra Pradesh,India
google_maps,Citystand,Citystand,Jewellery,Retail,"Vizianagaram, Andhra Pradesh",,,,0,OPERATIONAL,,,,Vizianagaram,Andhra Pradesh,India
google_maps,SKML+GOLD+WORK+SHOP+%28Chinna%29,SKML GOLD WORK SHOP (Chinna),Jewellery,Retail,"Goldsmith · Pavan Palace, A-1, Telugu Talli Flyover, near Station Road",,,4.7,15,OPERATIONAL,,,,Vizianagaram,Andhra Pradesh,India
google_maps,Sree+Sai+Jyothi+Gold+Testing,Sree Sai Jyothi Gold Testing,Jewellery,Retail,"Goldsmith · Kurupam Market, 22-51-25, Vasantharao Street, Town Hall St",,,4.9,19,OPERATIONAL,,,,Vizianagaram,Andhra Pradesh,India
google_maps,"GIVA+Silver+%26+Gold+Jewellery+Store+%7C+Inorbit+Mall,+Visakhapatnam","GIVA Silver & Gold Jewellery Store | Inorbit Mall, Visakhapatnam",Jewellery,Retail,"Vizianagaram, Andhra Pradesh",,,5.0,104,OPERATIONAL,,,,Vizianagaram,Andhra Pradesh,India
google_maps,Munna+Bhai+Gold+%26+Silver+Polishing+centre,Munna Bhai Gold & Silver Polishing centre,Jewellery,Retail,"Vizianagaram, Andhra Pradesh",,,5.0,3,OPERATIONAL,,,,Vizianagaram,Andhra Pradesh,India
google_maps,SAI+JEWELLERS%26WORKS,SAI JEWELLERS&WORKS,Jewellery,Retail,"Goldsmith · 12-10-7, opposite District Court",,,5.0,22,OPERATIONAL,,,,Vizianagaram,Andhra Pradesh,India
google_maps,Sri+Sai+Datta+Bangles,Sri Sai Datta Bangles,Jewellery,Retail,"Vizianagaram, Andhra Pradesh",,,4.8,4,OPERATIONAL,,,,Vizianagaram,Andhra Pradesh,India
google_maps,Durga+parameswari+gold+works,Durga parameswari gold works,Jewellery,Retail,"Vizianagaram, Andhra Pradesh",,,5.0,1,OPERATIONAL,,,,Vizianagaram,Andhra Pradesh,India
google_maps,SRI+KAMESWARI+JEWELLERS,SRI KAMESWARI JEWELLERS,Jewellery,Retail,"Vizianagaram, Andhra Pradesh",,,4.6,91,OPERATIONAL,,,,Vizianagaram,Andhra Pradesh,India
google_maps,Bangaraju+Goldsmith,Bangaraju Goldsmith,Jewellery,Retail,"Vizianagaram, Andhra Pradesh",098490 33201,,5.0,1,OPERATIONAL,,,,Vizianagaram,Andhra Pradesh,India
google_maps,Sri+Vasavi+Laser+Gold+Soldering+works,Sri Vasavi Laser Gold Soldering works,Jewellery,Retail,"Goldsmith · H9F6+J3V, Chinna Bazaar Veedhi, beside Nice Photo studio",,,5.0,1,OPERATIONAL,,,,Vizianagaram,Andhra Pradesh,India
google_maps,"BlueStone+Jewellery+Inorbit+Mall,+Visakhapatnam","BlueStone Jewellery Inorbit Mall, Visakhapatnam",Jewellery,Retail,"Jewelry store · 220/1/P, 221/1/P, 222/1A/P and 224/P of Zone-Z8 at Village, Dwarkanagar",,,5.0,22,OPERATIONAL,,,,Vizianagaram,Andhra Pradesh,India
google_maps,Kila+Silver+jewellery,Kila Silver jewellery,Jewellery,Retail,"Jewelry store · beside lassi shop, opposite to Kotak Mahindra bank",,,5.0,168,OPERATIONAL,,,,Vizianagaram,Andhra Pradesh,India
google_maps,"GIVA+Silver+%26+Gold+Jewellery+Store+%7C+Daba+Gardens,+Vishakapatnam","GIVA Silver & Gold Jewellery Store | Daba Gardens, Vishakapatnam",Jewellery,Retail,"Vizianagaram, Andhra Pradesh",,,4.9,407,OPERATIONAL,,,,Vizianagaram,Andhra Pradesh,India
google_maps,Sri+paiditalli+gold+testing+and+work+shop,Sri paiditalli gold testing and work shop,Jewellery,Retail,"Vizianagaram, Andhra Pradesh",,,,0,OPERATIONAL,,,,Vizianagaram,Andhra Pradesh,India
google_maps,M.M.Gold+%26+Silver+Polish+Works,M.M.Gold & Silver Polish Works,Jewellery,Retail,"Goldsmith · 48-19-1/79,Satya Surya Complex,Opposite ANR Shopping Mall,Near RTC Complex, Seethammapetha Rd, Pincode:, Dwarakanagar Rd",,,4.0,1,OPERATIONAL,,,,Vizianagaram,Andhra Pradesh,India
google_maps,Jyothi+Moulding+Works,Jyothi Moulding Works,Jewellery,Retail,"Vizianagaram, Andhra Pradesh",,,5.0,8,OPERATIONAL,,,,Vizianagaram,Andhra Pradesh,India
google_maps,"Pantaloons+%28LTB+Road,+RTC+Complex+Area,+Vizianagaram%29","Pantaloons (LTB Road, RTC Complex Area, Vizianagaram)",Jewellery,Retail,"Pantaloons (LTB Road, RTC Complex Area, Vizianagaram)",,,3.9,229,OPERATIONAL,,,,Vizianagaram,Andhra Pradesh,India
google_maps,Sri+Shiva+Bhavani+Fancy+and+Garments,Sri Shiva Bhavani Fancy and Garments,Jewellery,Retail,"Vizianagaram, Andhra Pradesh",,,4.9,9,OPERATIONAL,,,,Vizianagaram,Andhra Pradesh,India
google_maps,M.A.N.+Jewellery,M.A.N. Jewellery,Jewellery,Retail,"Vizianagaram, Andhra Pradesh",,,4.8,5,OPERATIONAL,,,,Vizianagaram,Andhra Pradesh,India
google_maps,Hanuman+Store,Hanuman Store,Jewellery,Retail,"Vizianagaram, Andhra Pradesh",098482 11772,,5.0,1,OPERATIONAL,,,,Vizianagaram,Andhra Pradesh,India
google_maps,Fashion+Imitation+Jewellery+%26+Fancy,Fashion Imitation Jewellery & Fancy,Jewellery,Retail,"Jewelry store · Shop No 4, opposite N max Theatre",,,,0,OPERATIONAL,,,,Vizianagaram,Andhra Pradesh,India
google_maps,RJ+Pre-Pleating+%26+Fashion+Jewellery,RJ Pre-Pleating & Fashion Jewellery,Jewellery,Retail,"Vizianagaram, Andhra Pradesh",,,5.0,2,OPERATIONAL,,,,Vizianagaram,Andhra Pradesh,India
google_maps,Haq+Fashion+Gallery,Haq Fashion Gallery,Jewellery,Retail,"Vizianagaram, Andhra Pradesh",,,4.5,2,OPERATIONAL,,,,Vizianagaram,Andhra Pradesh,India
google_maps,Sri+Devi+Light+Weight+Gold+Jewellers,Sri Devi Light Weight Gold Jewellers,Jewellery,Retail,"Jewelry store · Starbucks coffe shop, Dwarka Nagar4th LN, Besides",,,5.0,84,OPERATIONAL,,,,Vizianagaram,Andhra Pradesh,India
google_maps,LAKSHMI+DEEPIKA+SILVER+HOUSE,LAKSHMI DEEPIKA SILVER HOUSE,Jewellery,Retail,"Vizianagaram, Andhra Pradesh",,,4.8,253,OPERATIONAL,,,,Vizianagaram,Andhra Pradesh,India
google_maps,Gold+spot,Gold spot,Jewellery,Retail,"Vizianagaram, Andhra Pradesh",,,5.0,19,OPERATIONAL,,,,Vizianagaram,Andhra Pradesh,India
google_maps,%E0%B0%B6%E0%B1%8D%E0%B0%B0%E0%B1%80+%E0%B0%B5%E0%B0%BE%E0%B0%B8%E0%B0%B5%E0%B0%BF+%E0%B0%AC%E0%B1%8D%E0%B0%AF%E0%B0%BE%E0%B0%82%E0%B0%97%E0%B0%BF%E0%B0%B2%E0%B1%8D%E0%B0%B8%E0%B1%8D+%E0%B0%AB%E0%B1%8D%E0%B0%AF%E0%B0%BE%E0%B0%A8%E0%B1%8D%E0%B0%B8%E0%B1%80+%26+%E0%B0%9C%E0%B0%A8%E0%B0%B0%E0%B0%B2%E0%B1%8D%E0%B0%B8%E0%B1%8D,శ్రీ వాసవి బ్యాంగిల్స్ ఫ్యాన్సీ & జనరల్స్,Jewellery,Retail,"Vizianagaram, Andhra Pradesh",,,5.0,1,OPERATIONAL,,,,Vizianagaram,Andhra Pradesh,India
google_maps,"Limelight+Lab+Grown+Diamonds+-+Visakhapatnam,Andhra+Pradesh","Limelight Lab Grown Diamonds - Visakhapatnam,Andhra Pradesh",Jewellery,Retail,"Jewelry store · Door, No - 9-25-19, Ground Floor , Sampath Plaza, Rama Talkies Rd, opposite Ramachandra Brothers Furniture’s",,,5.0,2,OPERATIONAL,,,,Vizianagaram,Andhra Pradesh,India
google_maps,Srinivasa+Chaitanya+Jewellers,Srinivasa Chaitanya Jewellers,Jewellery,Retail,"Jewelry buyer ·  · Ground floor, Satya Surya Complex, 48-19-1/8, opposite to Andhra Bank",,,4.8,145,OPERATIONAL,,,,Vizianagaram,Andhra Pradesh,India
google_maps,A+To+Z+Fancy+%26+Gift+Articles,A To Z Fancy & Gift Articles,Jewellery,Retail,Gift shop ·  · Eenadu Road,,,3.9,31,OPERATIONAL,,,,Vizianagaram,Andhra Pradesh,India
google_maps,Gnaneswari+jewellers,Gnaneswari jewellers,Jewellery,Retail,"Vizianagaram, Andhra Pradesh",,,4.7,3,OPERATIONAL,,,,Vizianagaram,Andhra Pradesh,India
google_maps,Sri+Chandana+Ladies+Corner,Sri Chandana Ladies Corner,Jewellery,Retail,Bangle Shop · Main road,,,4.9,53,OPERATIONAL,,,,Vizianagaram,Andhra Pradesh,India
google_maps,V-Corporate,V-Corporate,Jewellery,Retail,"Vizianagaram, Andhra Pradesh",,,5.0,2,OPERATIONAL,,,,Vizianagaram,Andhra Pradesh,India
google_maps,Banke+Bihari+Bangle+Store,Banke Bihari Bangle Store,Jewellery,Retail,"Bangle Shop · Banke Bihari Bangle Store, Bansal Niwas, 75 Feet Road , Ramakrishna Junction, 26-2-1/1B, opposite to Sri Durga Wines",,,5.0,382,OPERATIONAL,,,,Vizianagaram,Andhra Pradesh,India
google_maps,Ramaa+Jewellers,Ramaa Jewellers,Jewellery,Retail,"Vizianagaram, Andhra Pradesh",,,4.7,54,OPERATIONAL,,,,Vizianagaram,Andhra Pradesh,India
google_maps,"Hira+Panna+Jewellers+%28+Diamond+Roof+,+Gold+and+Diamond+Jewellery,+Boutique+Jewellery+%29","Hira Panna Jewellers ( Diamond Roof , Gold and Diamond Jewellery, Boutique Jewellery )",Jewellery,Retail,"Vizianagaram, Andhra Pradesh",,,4.8,643,OPERATIONAL,,,,Vizianagaram,Andhra Pradesh,India
google_maps,"MMTC-PAMP+Exclusive+Brand+Store+-+Dwaraka+Nagar,+Visakhapatnam","MMTC-PAMP Exclusive Brand Store - Dwaraka Nagar, Visakhapatnam",Jewellery,Retail,"MMTC-PAMP Exclusive Brand Store - Dwaraka Nagar, Visakhapatnam",,,4.9,312,OPERATIONAL,,,,Vizianagaram,Andhra Pradesh,India
google_maps,Elegant+glamour+imitations,Elegant glamour imitations,Jewellery,Retail,"Vizianagaram, Andhra Pradesh",093909 45465,,,0,OPERATIONAL,,,,Vizianagaram,Andhra Pradesh,India
google_maps,White+Gold+Rama+Talkies+-+Turn+Your+Gold+Into+Money,White Gold Rama Talkies - Turn Your Gold Into Money,Jewellery,Retail,"Gold dealer · First Floor, CBM Compound, Door No 9, 1-222/1, nearby Reliance Jewels",,,4.9,67,OPERATIONAL,,,,Vizianagaram,Andhra Pradesh,India
google_maps,Reliance+Jewels,Reliance Jewels,Jewellery,Retail,"Jewelry store · Door No 48, Sri Nitya Complex, 14/111, Rama Talkies Rd, opposite Karnataka Bank",,,4.4,248,OPERATIONAL,,,,Vizianagaram,Andhra Pradesh,India
google_maps,ASRITH+JEWELS,ASRITH JEWELS,Jewellery,Retail,"Vizianagaram, Andhra Pradesh",,,5.0,63,OPERATIONAL,,,,Vizianagaram,Andhra Pradesh,India
google_maps,Attica+Gold+Company+-+Gold+Buyers+In+Visakhapatnam+Rama+Talkies,Attica Gold Company - Gold Buyers In Visakhapatnam Rama Talkies,Jewellery,Retail,"Jewelry buyer · 48-14-84/6, Ramatalkies Junction, opposite Subham Prema Hospital",,,4.9,291,OPERATIONAL,,,,Vizianagaram,Andhra Pradesh,India
google_maps,Gold2Cash+Gold+Buyers+in+Visakhapatnam+%E2%80%93+Sell+Old+Gold+at+Best+Market+Price,Gold2Cash Gold Buyers in Visakhapatnam – Sell Old Gold at Best Market Price,Jewellery,Retail,"Vizianagaram, Andhra Pradesh",,,5.0,16,OPERATIONAL,,,,Vizianagaram,Andhra Pradesh,India
google_maps,Viswas+Silver+Palace,Viswas Silver Palace,Jewellery,Retail,"Jeweler · 50-50-38/5, near Gurudwara, near Rama hospital",,,5.0,36,OPERATIONAL,,,,Vizianagaram,Andhra Pradesh,India
google_maps,Rang+Raj+Jewellers,Rang Raj Jewellers,Jewellery,Retail,Jewelry store · opposite TSR Complex,,,4.8,57,OPERATIONAL,,,,Vizianagaram,Andhra Pradesh,India
google_maps,Bhagyasri+Ram+Jewellers,Bhagyasri Ram Jewellers,Jewellery,Retail,"Vizianagaram, Andhra Pradesh",,,4.5,72,OPERATIONAL,,,,Vizianagaram,Andhra Pradesh,India
google_maps,YRK+JEWELLERS,YRK JEWELLERS,Jewellery,Retail,"Jewelry store · TSR Complex, 4th floor,navaratna jewel square, opp. Waltair Station Approach Road",,,4.9,16,OPERATIONAL,,,,Vizianagaram,Andhra Pradesh,India
google_maps,Kanthamma+Fancy+%26+General+Store,Kanthamma Fancy & General Store,Jewellery,Retail,"Vizianagaram, Andhra Pradesh",,,4.6,5,OPERATIONAL,,,,Vizianagaram,Andhra Pradesh,India
google_maps,Sangeetha+Collection%E2%80%99s,Sangeetha Collection’s,Jewellery,Retail,"Vizianagaram, Andhra Pradesh",,,4.0,13,OPERATIONAL,,,,Vizianagaram,Andhra Pradesh,India
google_maps,SS+Silver+Jewel,SS Silver Jewel,Jewellery,Retail,"Vizianagaram, Andhra Pradesh",,,4.9,109,OPERATIONAL,,,,Vizianagaram,Andhra Pradesh,India
google_maps,Pasidi+Jewellery,Pasidi Jewellery,Jewellery,Retail,"Jewelry store · 2nd Floor, Balaji Hills, 49-53-6/27, opposite Vishnu Hill View Appartment",,,5.0,12,OPERATIONAL,,,,Vizianagaram,Andhra Pradesh,India
google_maps,SILVER+ART+MUSEUM+%2F+SONAAKSHI+JEWELS,SILVER ART MUSEUM / SONAAKSHI JEWELS,Jewellery,Retail,"Jewelry store · Dwaraka Nagar,NAVARATHNA JEWEL SQUARE,GF:02, opposite TSR Complex",,,4.9,61,OPERATIONAL,,,,Vizianagaram,Andhra Pradesh,India
google_maps,S+M+Silver+House,S M Silver House,Jewellery,Retail,"Vizianagaram, Andhra Pradesh",,,4.3,132,OPERATIONAL,,,,Vizianagaram,Andhra Pradesh,India
google_maps,Syed+Akbar+Fancy+%26+Bangle+Stores,Syed Akbar Fancy & Bangle Stores,Jewellery,Retail,"Vizianagaram, Andhra Pradesh",,,3.7,19,OPERATIONAL,,,,Vizianagaram,Andhra Pradesh,India
google_maps,ARIHANT+SILVER+%28AMBA%29,ARIHANT SILVER (AMBA),Jewellery,Retail,"Vizianagaram, Andhra Pradesh",,,5.0,45,OPERATIONAL,,,,Vizianagaram,Andhra Pradesh,India
google_maps,Himachal+silver+palace%7C+silver+articles+%7C+silver+ornaments+%7C+best+silver+in+visakhapatnam,Himachal silver palace| silver articles | silver ornaments | best silver in visakhapatnam,Jewellery,Retail,"Vizianagaram, Andhra Pradesh",,,5.0,3,OPERATIONAL,,,,Vizianagaram,Andhra Pradesh,India
google_maps,Karishma+Bentex+Jewelry,Karishma Bentex Jewelry,Jewellery,Retail,"Vizianagaram, Andhra Pradesh",,,5.0,2,OPERATIONAL,,,,Vizianagaram,Andhra Pradesh,India
google_maps,"Madhuranagar,+shanthipuram","Madhuranagar, shanthipuram",Jewellery,Retail,"Madhuranagar, shanthipuram",,,,0,OPERATIONAL,,,,Vizianagaram,Andhra Pradesh,India
google_maps,Vanalakshmi+Enterprises,Vanalakshmi Enterprises,Jewellery,Retail,"Beauty supply store · Prasad gardens, 26-5-19, Bowdara Rd, near RAMA KRISHNA THEATRE JN, opp. MASJID LANE",,,4.5,168,OPERATIONAL,,,,Vizianagaram,Andhra Pradesh,India
google_maps,LALITHAA+SILVER+HOUSE+-+Best+Silver+Store+In+Visakhapatnam,LALITHAA SILVER HOUSE - Best Silver Store In Visakhapatnam,Jewellery,Retail,"Vizianagaram, Andhra Pradesh",,,4.9,2893,OPERATIONAL,,,,Vizianagaram,Andhra Pradesh,India
google_maps,Tarinika+Jewellery+and+Bramaramba+Pearls,Tarinika Jewellery and Bramaramba Pearls,Jewellery,Retail,"Jewelry store ·  · Shop no. 3,4,5, Venkat Arcade, Prakasaraopeta, Nehru Nagar, Ram Nagar",,,4.5,240,OPERATIONAL,,,,Vizianagaram,Andhra Pradesh,India
google_maps,Tanishq+Jewellery+-+Vizag+-+VIP+Road,Tanishq Jewellery - Vizag - VIP Road,Jewellery,Retail,"Jewelry store ·  · 3, N, Circle Building, No, 9/13/45/2/9, VIP Rd, beside Shoppers Stop",,,4.8,4144,OPERATIONAL,,,,Vizianagaram,Andhra Pradesh,India
google_maps,Maa+Jewellery,Maa Jewellery,Jewellery,Retail,"Vizianagaram, Andhra Pradesh",,,3.8,52,OPERATIONAL,,,,Vizianagaram,Andhra Pradesh,India
google_maps,PMJ+Jewels+Vishakapatnam,PMJ Jewels Vishakapatnam,Jewellery,Retail,"Vizianagaram, Andhra Pradesh",,,4.9,1585,OPERATIONAL,,,,Vizianagaram,Andhra Pradesh,India
google_maps,EMMADI+SILVER+JEWELLERY+-+VISAKHAPATNAM,EMMADI SILVER JEWELLERY - VISAKHAPATNAM,Jewellery,Retail,"Jewelry store · D. No: 9-24-11/1, Waltair Main Rd, near Sampath Vinayaka Temple Road",,,4.9,1664,OPERATIONAL,,,,Vizianagaram,Andhra Pradesh,India
google_maps,Sri+Krishna+Jewellers,Sri Krishna Jewellers,Jewellery,Retail,"Vizianagaram, Andhra Pradesh",,,4.8,93,OPERATIONAL,,,,Vizianagaram,Andhra Pradesh,India
google_maps,BidinnhobbyS,BidinnhobbyS,Jewellery,Retail,"Coin dealer · D No 9-9-26/2 , backside chinnapolamamba temple, near Ramaraju Park",,,4.8,79,OPERATIONAL,,,,Vizianagaram,Andhra Pradesh,India
google_maps,GIFT+FOR+U,GIFT FOR U,Jewellery,Retail,"Vizianagaram, Andhra Pradesh",,,4.9,1090,OPERATIONAL,,,,Vizianagaram,Andhra Pradesh,India
google_maps,Sri+surya+gems+and+fashion+jewellery,Sri surya gems and fashion jewellery,Jewellery,Retail,"Jeweler · Shop No43,44, TSR Complex, beside ayyappa juice center, near Over Bridge",,,4.7,123,OPERATIONAL,,,,Vizianagaram,Andhra Pradesh,India
google_maps,swastik+silver+%26+jewellery,swastik silver & jewellery,Jewellery,Retail,"Vizianagaram, Andhra Pradesh",,,4.9,27,OPERATIONAL,,,,Vizianagaram,Andhra Pradesh,India
google_maps,Lepakshi+Handicrafts+Emporium,Lepakshi Handicrafts Emporium,Jewellery,Retail,"Vizianagaram, Andhra Pradesh",,,4.4,236,OPERATIONAL,,,,Vizianagaram,Andhra Pradesh,India
google_maps,Saashri+Jewellers+%7C+Gold+%26+Diamond+Jewellers+in+Vizag,Saashri Jewellers | Gold & Diamond Jewellers in Vizag,Jewellery,Retail,"Vizianagaram, Andhra Pradesh",,,4.7,457,OPERATIONAL,,,,Vizianagaram,Andhra Pradesh,India
google_maps,Vennela%27s+Vogue,Vennela's Vogue,Jewellery,Retail,"Jewelry store · National Highway 16, D.no 4 22/6, opp. Sai Priya Gardens Road",,,4.9,1162,OPERATIONAL,,,,Vizianagaram,Andhra Pradesh,India
google_maps,JSKML+Sampradaya,JSKML Sampradaya,Jewellery,Retail,"Vizianagaram, Andhra Pradesh",,,5.0,54,OPERATIONAL,,,,Vizianagaram,Andhra Pradesh,India
google_maps,The+Brass+Bazaar,The Brass Bazaar,Jewellery,Retail,"Jewelry store · 1st Floor, 4-72-10, Dr.no, near Kamat Hotel",,,4.9,72,OPERATIONAL,,,,Vizianagaram,Andhra Pradesh,India
google_maps,Eastern+Art+Museum,Eastern Art Museum,Jewellery,Retail,"Vizianagaram, Andhra Pradesh",,,4.3,332,OPERATIONAL,,,,Vizianagaram,Andhra Pradesh,India
google_maps,South+India+Shopping+Mall-+Vip+Road,South India Shopping Mall- Vip Road,Jewellery,Retail,"Clothing store · Old spencers premises, Rama Talkies Rd, near swarna bharathi indoor stadium",,,4.6,117,OPERATIONAL,,,,Vizianagaram,Andhra Pradesh,India
google_maps,Vijayalakshmi+Silver+Mall,Vijayalakshmi Silver Mall,Jewellery,Retail,"Vizianagaram, Andhra Pradesh",,,4.0,22,OPERATIONAL,,,,Vizianagaram,Andhra Pradesh,India
google_maps,Mahaveer+Jewellers,Mahaveer Jewellers,Jewellery,Retail,"Vizianagaram, Andhra Pradesh",,,3.7,29,OPERATIONAL,,,,Vizianagaram,Andhra Pradesh,India
google_maps,Darling%27s+Paradise,Darling's Paradise,Jewellery,Retail,"Vizianagaram, Andhra Pradesh",,,4.3,566,OPERATIONAL,,,,Vizianagaram,Andhra Pradesh,India
google_maps,Thrift+Syndicate,Thrift Syndicate,Jewellery,Retail,"Vintage clothing store · Ramalayam, Krishna Gardens Rd, behind Street",,,4.3,18,OPERATIONAL,,,,Vizianagaram,Andhra Pradesh,India
google_maps,Sri+Ambica+Pearl+%26+Jewellery,Sri Ambica Pearl & Jewellery,Jewellery,Retail,"Vizianagaram, Andhra Pradesh",,,4.4,82,OPERATIONAL,,,,Vizianagaram,Andhra Pradesh,India
google_maps,Sri+Mookambika+Srinivasa+Jewellery+Mart,Sri Mookambika Srinivasa Jewellery Mart,Jewellery,Retail,"Vizianagaram, Andhra Pradesh",,,5.0,1,OPERATIONAL,,,,Vizianagaram,Andhra Pradesh,India
google_maps,Maha+Santoshi+Bangles,Maha Santoshi Bangles,Jewellery,Retail,"Jeweler · D.No:6-8-4, 1st Floor, M.G. Road",,,3.0,1,OPERATIONAL,,,,Vizianagaram,Andhra Pradesh,India
google_maps,Jewellery+House,Jewellery House,Jewellery,Retail,"Jewelry store · 8-1-58/A, MG Rd, near S.K.P. Temple",,,2.0,1,OPERATIONAL,,,,Vizianagaram,Andhra Pradesh,India
google_maps,Sri+Balaji+Jewellers,Sri Balaji Jewellers,Jewellery,Retail,"Jewelry store · 4C85+X2G, Opp: Suryam Complex, Vulli Street",,,3.7,3,OPERATIONAL,,,,Vizianagaram,Andhra Pradesh,India
google_maps,Simhadri+Sathi+Babu+Jewellery+Works,Simhadri Sathi Babu Jewellery Works,Jewellery,Retail,"Silversmith · Shop No:4, Amba Bhavani Complex, Rangireeju St, near Ramalyam",,,,0,OPERATIONAL,,,,Vizianagaram,Andhra Pradesh,India
google_maps,D.+Yethirajayya+Son,D. Yethirajayya Son,Jewellery,Retail,"Jewelry store · 4C84+GXP, MG Rd, near S.K.P. Temple",,,,0,OPERATIONAL,,,,Vizianagaram,Andhra Pradesh,India
google_maps,Swamy+Jewellers,Swamy Jewellers,Jewellery,Retail,"Jewelry store · 4C84+RQW, Near Perlavari Junction, Vyshnava Street",,,,0,OPERATIONAL,,,,Vizianagaram,Andhra Pradesh,India
google_maps,Sri+Swathi+Jewellers,Sri Swathi Jewellers,Jewellery,Retail,"Jewelry store · 4C85+G36, MG Rd, near S.K.P Temple",,,,0,OPERATIONAL,,,,Vizianagaram,Andhra Pradesh,India
google_maps,Kangati+Santosh+Kumar,Kangati Santosh Kumar,Jewellery,Retail,"Goldsmith · 4C85+X86, Rangireeju Veedhi, near Ramalayam",,,,0,OPERATIONAL,,,,Vizianagaram,Andhra Pradesh,India
google_maps,ABHILASH+N+%26+ASSOCIATES,ABHILASH N & ASSOCIATES,Jewellery,Retail,"Vizianagaram, Andhra Pradesh",,,5.0,67,OPERATIONAL,,,,Vizianagaram,Andhra Pradesh,India
google_maps,N.V.+Singariah+%26+Sons,N.V. Singariah & Sons,Jewellery,Retail,"Vizianagaram, Andhra Pradesh",,,5.0,1,OPERATIONAL,,,,Vizianagaram,Andhra Pradesh,India
google_maps,Sri+Siddhanath+Gold+%26+Silver+Testing,Sri Siddhanath Gold & Silver Testing,Jewellery,Retail,"Vizianagaram, Andhra Pradesh",,,,0,OPERATIONAL,,,,Vizianagaram,Andhra Pradesh,India
google_maps,Sri+Venkateswara+Diamond+Hall,Sri Venkateswara Diamond Hall,Jewellery,Retail,"Diamond Merchant · 6-9/2-3, Grandhivari Street, near Kanayaka Paremeswari Temple",,,5.0,1,OPERATIONAL,,,,Vizianagaram,Andhra Pradesh,India
google_maps,DB+Diamonds+%26+Jewellery+Works,DB Diamonds & Jewellery Works,Jewellery,Retail,"Jewelry store · Door. No. 7, 2-31, Rangireeju St, near Vulli Veedhi Road",,,,0,OPERATIONAL,,,,Vizianagaram,Andhra Pradesh,India
google_maps,SK+Jewellers,SK Jewellers,Jewellery,Retail,"Vizianagaram, Andhra Pradesh",,,5.0,2,OPERATIONAL,,,,Vizianagaram,Andhra Pradesh,India
google_maps,SM+3D+CAD+CAM+SERVICE+BEAUREU,SM 3D CAD CAM SERVICE BEAUREU,Jewellery,Retail,"Vizianagaram, Andhra Pradesh",,,5.0,1,OPERATIONAL,,,,Vizianagaram,Andhra Pradesh,India
google_maps,Kuppili+Sankara+Rao,Kuppili Sankara Rao,Jewellery,Retail,"Goldsmith · Shop No: 1, Amba Bhavani Complex, Rangireeju St, near Ramalayam",,,,0,OPERATIONAL,,,,Vizianagaram,Andhra Pradesh,India
google_maps,Kiran+Jewellers,Kiran Jewellers,Jewellery,Retail,"Vizianagaram, Andhra Pradesh",,,,0,OPERATIONAL,,,,Vizianagaram,Andhra Pradesh,India
google_maps,Stori,Stori,Jewellery,Retail,"Vizianagaram, Andhra Pradesh",,,3.7,34,OPERATIONAL,,,,Vizianagaram,Andhra Pradesh,India
google_maps,Green+Trends+Unisex+Hair+%26+Style+Salon+-+Vizianagaram,Green Trends Unisex Hair & Style Salon - Vizianagaram,Jewellery,Retail,Green Trends Unisex Hair & Style Salon - Vizianagaram,,,4.7,1768,OPERATIONAL,,,,Vizianagaram,Andhra Pradesh,India
google_maps,V.S.R.+Jewellers,V.S.R. Jewellers,Jewellery,Retail,"Jewelry store · 4C85+C26, MG Rd, near Muthoot Finance Gold Loan",,,5.0,9,OPERATIONAL,,,,Vizianagaram,Andhra Pradesh,India
google_maps,SRI+LAKSHMI+GOLDWORKS,SRI LAKSHMI GOLDWORKS,Jewellery,Retail,"Goldsmith · Sai Nagar Rd, near ward sachivalayam, opposite house",,,,0,OPERATIONAL,,,,Vizianagaram,Andhra Pradesh,India
google_maps,For+Someone+Special+Gift+Store,For Someone Special Gift Store,Jewellery,Retail,"Vizianagaram, Andhra Pradesh",,,5.0,332,OPERATIONAL,,,,Vizianagaram,Andhra Pradesh,India
google_maps,For+Someone+Special,For Someone Special,Jewellery,Retail,"Gift shop · D no:8-24-4, road, beside Ncs Multiplex",,,5.0,59,OPERATIONAL,,,,Vizianagaram,Andhra Pradesh,India
google_maps,Crazy+Corner+Gallery,Crazy Corner Gallery,Jewellery,Retail,"Vizianagaram, Andhra Pradesh",,,4.2,50,OPERATIONAL,,,,Vizianagaram,Andhra Pradesh,India
google_maps,dinesh+Creations,dinesh Creations,Jewellery,Retail,"Vizianagaram, Andhra Pradesh",,,4.7,140,OPERATIONAL,,,,Vizianagaram,Andhra Pradesh,India
google_maps,Mahadev+bangles+store,Mahadev bangles store,Jewellery,Retail,"Vizianagaram, Andhra Pradesh",,,4.8,4,OPERATIONAL,,,,Vizianagaram,Andhra Pradesh,India
google_maps,smiley+angel+customized+gifts+shop,smiley angel customized gifts shop,Jewellery,Retail,"Vizianagaram, Andhra Pradesh",,,4.9,64,OPERATIONAL,,,,Vizianagaram,Andhra Pradesh,India
google_maps,Harsha+Gift+%26+Fancy,Harsha Gift & Fancy,Jewellery,Retail,"Vizianagaram, Andhra Pradesh",,,3.8,8,OPERATIONAL,,,,Vizianagaram,Andhra Pradesh,India
google_maps,Paidimamba+jewellery,Paidimamba jewellery,Jewellery,Retail,"Vizianagaram, Andhra Pradesh",,,2.0,1,OPERATIONAL,,,,Vizianagaram,Andhra Pradesh,India
google_maps,Vmr+Silver+House,Vmr Silver House,Jewellery,Retail,"Jewelry store · Balijipeta road, opp. om Shanti bhavan",,,5.0,34,OPERATIONAL,,,,Vizianagaram,Andhra Pradesh,India
google_maps,Vaibhav+Jewellers+-+Jewellery+Store+in+Salur,Vaibhav Jewellers - Jewellery Store in Salur,Jewellery,Retail,"Vizianagaram, Andhra Pradesh",,,4.7,106,OPERATIONAL,,,,Vizianagaram,Andhra Pradesh,India
google_maps,Sravani+Collections+-+Skota,Sravani Collections - Skota,Jewellery,Retail,"Vizianagaram, Andhra Pradesh",,,5.0,58,OPERATIONAL,,,,Vizianagaram,Andhra Pradesh,India
google_maps,Vysyaraju+Jewellers+Razam,Vysyaraju Jewellers Razam,Jewellery,Retail,"Jewelry store · 5-2-34, Palakonda - Rajam Rd, near to hotel",092149 16916,,4.9,840,OPERATIONAL,,,,Vizianagaram,Andhra Pradesh,India
google_maps,Hussain+Watch+Co.,Hussain Watch Co.,Jewellery,Retail,"Watch store · 4C86+94J, Near Clock Tower, MG Road",,,4.3,10,OPERATIONAL,,,,Vizianagaram,Andhra Pradesh,India
google_maps,MACHUKONDA+Sri+Rama+Mahita+Jewellers,MACHUKONDA Sri Rama Mahita Jewellers,Jewellery,Retail,"Vizianagaram, Andhra Pradesh",,,4.3,3,OPERATIONAL,,,,Vizianagaram,Andhra Pradesh,India
google_maps,Goyaz+Silver+Jewellery,Goyaz Silver Jewellery,Jewellery,Retail,"Vizianagaram, Andhra Pradesh",,,4.8,1388,OPERATIONAL,,,,Vizianagaram,Andhra Pradesh,India
google_maps,SRI+SRINIVASA+JEWELLERS,SRI SRINIVASA JEWELLERS,Jewellery,Retail,"Vizianagaram, Andhra Pradesh",,,4.8,95,OPERATIONAL,,,,Vizianagaram,Andhra Pradesh,India
google_maps,Pydithalli+Ammavari+Devasthanam,Pydithalli Ammavari Devasthanam,Jewellery,Retail,Hindu temple · Sivalayam Street,,,4.8,4523,OPERATIONAL,,,,Vizianagaram,Andhra Pradesh,India
google_maps,Sri+Sai+Balaji+Bangles,Sri Sai Balaji Bangles,Jewellery,Retail,"Jeweler · Municipal Complex, Park Road",,,5.0,2,OPERATIONAL,,,,Vizianagaram,Andhra Pradesh,India
google_maps,"Titan+World+-+Balaji+Nagar,+Vizianagaram","Titan World - Balaji Nagar, Vizianagaram",Jewellery,Retail,"Watch store · Revenue Ward No 8, PSN Estate, nearby RPC Complex",,,4.6,19,OPERATIONAL,,,,Vizianagaram,Andhra Pradesh,India
google_maps,Sri+Balaji+Gold+Works,Sri Balaji Gold Works,Jewellery,Retail,"Goldsmith · SKP Temple, Grandhi Vaari Street Near",,,5.0,2,OPERATIONAL,,,,Vizianagaram,Andhra Pradesh,India
google_maps,KALANIKETHAN,KALANIKETHAN,Jewellery,Retail,"Vizianagaram, Andhra Pradesh",,,3.8,244,OPERATIONAL,,,,Vizianagaram,Andhra Pradesh,India
google_maps,Shree+Balaji+Textile+Market,Shree Balaji Textile Market,Jewellery,Retail,"Vizianagaram, Andhra Pradesh",,,4.3,463,OPERATIONAL,,,,Vizianagaram,Andhra Pradesh,India
google_maps,King%27s+Tattoo+studio+vzm,King's Tattoo studio vzm,Jewellery,Retail,"Tattoo shop · Inox, opp. Thota Palem Road",,,5.0,1174,OPERATIONAL,,,,Vizianagaram,Andhra Pradesh,India
google_maps,Sri+Balaji+Stores,Sri Balaji Stores,Jewellery,Retail,"Vizianagaram, Andhra Pradesh",,,4.5,17,OPERATIONAL,,,,Vizianagaram,Andhra Pradesh,India
google_maps,Dachepally+Sananda+%26+Sons+Jewellers,Dachepally Sananda & Sons Jewellers,Jewellery,Retail,"Vizianagaram, Andhra Pradesh",,,5.0,2,OPERATIONAL,,,,Vizianagaram,Andhra Pradesh,India
google_maps,Sri+Sri+Sri+Viswakrma+Jewelry,Sri Sri Sri Viswakrma Jewelry,Jewellery,Retail,"Vizianagaram, Andhra Pradesh",,,,0,OPERATIONAL,,,,Vizianagaram,Andhra Pradesh,India
google_maps,Dachepalli+Seetaramayya+Son+Jewellers,Dachepalli Seetaramayya Son Jewellers,Jewellery,Retail,"Jewelry store · 4C84+GXP, MG Rd, near Shantapet Masjid",,,,0,OPERATIONAL,,,,Vizianagaram,Andhra Pradesh,India
google_maps,Sri+Lakshmi+Jagannadha+Jewellers,Sri Lakshmi Jagannadha Jewellers,Jewellery,Retail,"Jewelry store · 4C84+JQ4, near Kanyakaparameswari Temple, opp. Sharma Sweets",,,,0,OPERATIONAL,,,,Vizianagaram,Andhra Pradesh,India
google_maps,Sri+Soonari+Siddinath+Macchendra+Dravakam+Shop,Sri Soonari Siddinath Macchendra Dravakam Shop,Jewellery,Retail,"Goldsmith · 4C85+X3Q, Rangireeju St, near Krishna Shop",,,,0,OPERATIONAL,,,,Vizianagaram,Andhra Pradesh,India
google_maps,Kameswari+Jewellers,Kameswari Jewellers,Jewellery,Retail,"Vizianagaram, Andhra Pradesh",,,4.8,2936,OPERATIONAL,,,,Vizianagaram,Andhra Pradesh,India
google_maps,Malabar+Gold+and+Diamonds+-+Visakhapatnam,Malabar Gold and Diamonds - Visakhapatnam,Jewellery,Retail,"Vizianagaram, Andhra Pradesh",,,4.8,4320,OPERATIONAL,,,,Vizianagaram,Andhra Pradesh,India
google_maps,Khazana+Jewellery+-+Visakhapatnam+-+Gopalapatnam,Khazana Jewellery - Visakhapatnam - Gopalapatnam,Jewellery,Retail,"Vizianagaram, Andhra Pradesh",,,4.9,11601,OPERATIONAL,,,,Vizianagaram,Andhra Pradesh,India
google_maps,Vankayala+Jewellers,Vankayala Jewellers,Jewellery,Retail,"Vizianagaram, Andhra Pradesh",,,4.7,21,OPERATIONAL,,,,Vizianagaram,Andhra Pradesh,India
google_maps,N.V.S+Jewellery,N.V.S Jewellery,Jewellery,Retail,"Jewelry store · Door no 8-1-99, peddaveedhi, M, G. Road",,,,0,OPERATIONAL,,,,Vizianagaram,Andhra Pradesh,India
google_maps,D.K.V.S+Naidu+Jewellers,D.K.V.S Naidu Jewellers,Jewellery,Retail,"Vizianagaram, Andhra Pradesh",,,4.7,9,OPERATIONAL,,,,Vizianagaram,Andhra Pradesh,India
google_maps,RATHAN+JEWELLERS,RATHAN JEWELLERS,Jewellery,Retail,"Jewelry store · BALAJI STREET, D.N.6-108, JUNCTION ROAD, beside APOLLO PHARMACY",,,4.9,19,OPERATIONAL,,,,Vizianagaram,Andhra Pradesh,India
google_maps,PSB%27s+Shankar+Jewellers,PSB's Shankar Jewellers,Jewellery,Retail,"Vizianagaram, Andhra Pradesh",,,4.9,7,OPERATIONAL,,,,Vizianagaram,Andhra Pradesh,India
google_maps,INFI+JEWELLERS,INFI JEWELLERS,Jewellery,Retail,"Vizianagaram, Andhra Pradesh",,,5.0,2,OPERATIONAL,,,,Vizianagaram,Andhra Pradesh,India
google_maps,Azmeer+Jewellers,Azmeer Jewellers,Jewellery,Retail,"Jewelry store · M6P7+5R7, Main Rd, Opposite High School Road",,,5.0,4,OPERATIONAL,,,,Vizianagaram,Andhra Pradesh,India
google_maps,Mahesh+Jewellery+Works,Mahesh Jewellery Works,Jewellery,Retail,"Goldsmith · Savithramma Complex, Junction, Bondada St, near Vulli Street",,,4.0,1,OPERATIONAL,,,,Vizianagaram,Andhra Pradesh,India
google_maps,Chinna+bhazar,Chinna bhazar,Jewellery,Retail,"Vizianagaram, Andhra Pradesh",,,,0,OPERATIONAL,,,,Vizianagaram,Andhra Pradesh,India
google_maps,SRI+KANAKA+MAHA+LAKSHMI+JEWELLERS,SRI KANAKA MAHA LAKSHMI JEWELLERS,Jewellery,Retail,"Vizianagaram, Andhra Pradesh",,,3.9,18,OPERATIONAL,,,,Vizianagaram,Andhra Pradesh,India
google_maps,Pandu+Jewellars,Pandu Jewellars,Jewellery,Retail,"Vizianagaram, Andhra Pradesh",,,4.0,1,OPERATIONAL,,,,Vizianagaram,Andhra Pradesh,India
google_maps,Sri+Gowri+Paidimamba+Bangles+%26+Fancy,Sri Gowri Paidimamba Bangles & Fancy,Jewellery,Retail,"Jeweler · 4C76+PW9, MG Road, Three Lamps Area, beside Profit Shoe Company",,,4.0,4,OPERATIONAL,,,,Vizianagaram,Andhra Pradesh,India
google_maps,"LALITHAA+SILVERS+%28MMTC+GOLD+%26+SILVER+COIN+AVAILABLE+,+BEST+SILVER+STORE+IN+VISAKHAPATNAM%29","LALITHAA SILVERS (MMTC GOLD & SILVER COIN AVAILABLE , BEST SILVER STORE IN VISAKHAPATNAM)",Jewellery,Retail,"Vizianagaram, Andhra Pradesh",,,5.0,881,OPERATIONAL,,,,Vizianagaram,Andhra Pradesh,India
google_maps,Siya+Fine+Silver+Jewellery,Siya Fine Silver Jewellery,Jewellery,Retail,"Vizianagaram, Andhra Pradesh",,,4.8,146,OPERATIONAL,,,,Vizianagaram,Andhra Pradesh,India
google_maps,Sriyaansh+German+Silver,Sriyaansh German Silver,Jewellery,Retail,"Silversmith · Balaji Hills, near Port Ground",,,4.8,54,OPERATIONAL,,,,Vizianagaram,Andhra Pradesh,India
google_maps,SRI+AMBICA+PEARLS+AND+JEWELLERY,SRI AMBICA PEARLS AND JEWELLERY,Jewellery,Retail,Jewelry store · Main road Durghanagar,,,4.8,54,OPERATIONAL,,,,Vizianagaram,Andhra Pradesh,India
google_maps,Grishaas%E2%80%99+Jewels,Grishaas’ Jewels,Jewellery,Retail,"Vizianagaram, Andhra Pradesh",,,5.0,29,OPERATIONAL,,,,Vizianagaram,Andhra Pradesh,India
google_maps,Sri+Vaarahi+Silvers,Sri Vaarahi Silvers,Jewellery,Retail,"Vizianagaram, Andhra Pradesh",,,5.0,11,OPERATIONAL,,,,Vizianagaram,Andhra Pradesh,India
google_maps,KUSUMANCHI+JEWELLERS,KUSUMANCHI JEWELLERS,Jewellery,Retail,"Vizianagaram, Andhra Pradesh",,,4.7,34,OPERATIONAL,,,,Vizianagaram,Andhra Pradesh,India
google_maps,JYOTI+JEWELLERS,JYOTI JEWELLERS,Jewellery,Retail,"Jewelry store · D.No: 55-14-109/1, shop no:5, K.V.R Grand, Sree Sai Plaza, Seethammadara, Near Alluri Seetharam Araku Statue",,,5.0,48,OPERATIONAL,,,,Vizianagaram,Andhra Pradesh,India
google_maps,Tanishq+Jewellery+-+Vizag+-+Gajuwaka,Tanishq Jewellery - Vizag - Gajuwaka,Jewellery,Retail,"Vizianagaram, Andhra Pradesh",,,4.8,1442,OPERATIONAL,,,,Vizianagaram,Andhra Pradesh,India
google_maps,Vizag+Pellipoolajada,Vizag Pellipoolajada,Jewellery,Retail,"Vizianagaram, Andhra Pradesh",,,4.8,785,OPERATIONAL,,,,Vizianagaram,Andhra Pradesh,India
google_maps,Bhogi+Brides+-+Pride+Of+Brides,Bhogi Brides - Pride Of Brides,Jewellery,Retail,"Saree Shop · D. No: 9-24-11/1, Waltair Main Rd, near Sampath Vinayaka Temple Road",,,4.9,218,OPERATIONAL,,,,Vizianagaram,Andhra Pradesh,India
google_maps,Mahalaxmi+bangle+store,Mahalaxmi bangle store,Jewellery,Retail,"Bangle Shop ·  · Dr/no: 26, Mahalaxmi bangle store, 7-73/1, Bowdara Rd, near Durgalamma Temple",,,4.2,70,OPERATIONAL,,,,Vizianagaram,Andhra Pradesh,India
google_maps,Malabar+Gold+and+Diamonds+%E2%80%93+Dharmapuri+Store,Malabar Gold and Diamonds – Dharmapuri Store,Jewellery,Retail,"Jewelry store · WARD NO.16, GROUND, FIRST AND SECOND FLOOR, DOOR NO.124/86, ADHIYAMAN BYEPASS ROAD",,,4.9,676,OPERATIONAL,,,,Vizianagaram,Andhra Pradesh,India
google_maps,Vysyaraju+Jewellers+Parvathipuram,Vysyaraju Jewellers Parvathipuram,Jewellery,Retail,"Jewelry store · Main Rd, opposite Padmasri Theatre, beside Manikanta Hotel",,,4.8,635,OPERATIONAL,,,,Vizianagaram,Andhra Pradesh,India
google_maps,"Kushal%27s+Fashion+Jewellery+-+Mithilapuri+Layout,+Madhurwada","Kushal's Fashion Jewellery - Mithilapuri Layout, Madhurwada",Jewellery,Retail,"Vizianagaram, Andhra Pradesh",,,4.9,551,OPERATIONAL,,,,Vizianagaram,Andhra Pradesh,India
google_maps,SS+JEWELLERS,SS JEWELLERS,Jewellery,Retail,"Vizianagaram, Andhra Pradesh",,,4.8,68,OPERATIONAL,,,,Vizianagaram,Andhra Pradesh,India
google_maps,Fidha+Fashion+Zone,Fidha Fashion Zone,Jewellery,Retail,"Novelty store · MIG 1-37, Water Tank Rd, opp. Medplus, near SFS School",,,4.3,19,OPERATIONAL,,,,Vizianagaram,Andhra Pradesh,India
google_maps,NK+DHANAPAL+JEWELLERS,NK DHANAPAL JEWELLERS,Jewellery,Retail,"Vizianagaram, Andhra Pradesh",,,3.9,190,OPERATIONAL,,,,Vizianagaram,Andhra Pradesh,India
google_maps,SSL+Balaji+Jewellers,SSL Balaji Jewellers,Jewellery,Retail,"Vizianagaram, Andhra Pradesh",,,4.6,133,OPERATIONAL,,,,Vizianagaram,Andhra Pradesh,India
google_maps,Sri+Venkateswara+Jewel+Palace,Sri Venkateswara Jewel Palace,Jewellery,Retail,"Vizianagaram, Andhra Pradesh",,,3.9,66,OPERATIONAL,,,,Vizianagaram,Andhra Pradesh,India
google_maps,Skindeep+Tattoos+vzm,Skindeep Tattoos vzm,Jewellery,Retail,"Tattoo shop · Lower Tankbund Road, and, opposite SVN Hotel, beside mayuri hotel",,,5.0,2051,OPERATIONAL,,,,Vizianagaram,Andhra Pradesh,India
google_maps,Gifts+and+Gadgets,Gifts and Gadgets,Jewellery,Retail,"Vizianagaram, Andhra Pradesh",,,4.9,609,OPERATIONAL,,,,Vizianagaram,Andhra Pradesh,India
google_maps,Visakha+Steels,Visakha Steels,Jewellery,Retail,"Vizianagaram, Andhra Pradesh",,,4.3,23,OPERATIONAL,,,,Vizianagaram,Andhra Pradesh,India
google_maps,Ratnitha%27s+fancy+store,Ratnitha's fancy store,Jewellery,Retail,"Vizianagaram, Andhra Pradesh",,,5.0,8,OPERATIONAL,,,,Vizianagaram,Andhra Pradesh,India
google_maps,Brindra+Nagar+Colony,Brindra Nagar Colony,Jewellery,Retail,Brindra Nagar Colony,,,,0,OPERATIONAL,,,,Vizianagaram,Andhra Pradesh,India
google_maps,VISHNU+PEARLS,VISHNU PEARLS,Jewellery,Retail,"Vizianagaram, Andhra Pradesh",,,4.2,27,OPERATIONAL,,,,Vizianagaram,Andhra Pradesh,India
google_maps,Satyasri+1+Gram+Jewellery+%26+Fancy,Satyasri 1 Gram Jewellery & Fancy,Jewellery,Retail,"Jewelry store · Saraswathi Press Junction, opposite Sri Satyasrinivasa Tailoring materials",,,5.0,43,OPERATIONAL,,,,Vizianagaram,Andhra Pradesh,India
google_maps,BHAIRAVA+PET+ZONE,BHAIRAVA PET ZONE,Jewellery,Retail,Pet store · near R.T.C. Complex,,,4.9,287,OPERATIONAL,,,,Vizianagaram,Andhra Pradesh,India
google_maps,Croma+-+Siripuram,Croma - Siripuram,Jewellery,Retail,"Electronics store ·  · Ground & 1st Floor, Mvr 10, Uplands, 1/39/B & C, Junction, opposite Rock Park",,,4.7,10201,OPERATIONAL,,,,Vizianagaram,Andhra Pradesh,India
google_maps,Maks+Dance+Studio,Maks Dance Studio,Jewellery,Retail,"Hip Hop Dance Class ·  · Shop.no 101, Datta Sai Krupadham,Opp Swamy Gas Godown Road Dharamp Road",,,4.9,444,OPERATIONAL,,,,Vizianagaram,Andhra Pradesh,India
google_maps,Naturals+Salon,Naturals Salon,Jewellery,Retail,"Vizianagaram, Andhra Pradesh",,,4.4,823,OPERATIONAL,,,,Vizianagaram,Andhra Pradesh,India
google_maps,Fidha+Imitation+Jewellery,Fidha Imitation Jewellery,Jewellery,Retail,"Jewelry store · D-No MIG 1-37, opp. ICICI Bank, near Vatsalya Hospital",,,5.0,32,OPERATIONAL,,,,Vizianagaram,Andhra Pradesh,India
google_maps,Ganesha+silver+jewellry,Ganesha silver jewellry,Jewellery,Retail,"Vizianagaram, Andhra Pradesh",,,4.8,60,OPERATIONAL,,,,Vizianagaram,Andhra Pradesh,India
google_maps,SHRI+GUPTHAA+JEWELLERS,SHRI GUPTHAA JEWELLERS,Jewellery,Retail,"Jewelry store · 223,Vysya complex ,salem main road",,,5.0,45,OPERATIONAL,,,,Vizianagaram,Andhra Pradesh,India
google_maps,Sree+silver+%26+jewellers,Sree silver & jewellers,Jewellery,Retail,"Vizianagaram, Andhra Pradesh",,,4.8,342,OPERATIONAL,,,,Vizianagaram,Andhra Pradesh,India
google_maps,sunrise+jewellery,sunrise jewellery,Jewellery,Retail,"Jewelry store · bazaar street, Santhamani Temple Rd",,,4.9,210,OPERATIONAL,,,,Vizianagaram,Andhra Pradesh,India
google_maps,STS+jewellery,STS jewellery,Jewellery,Retail,"Vizianagaram, Andhra Pradesh",,,4.3,64,OPERATIONAL,,,,Vizianagaram,Andhra Pradesh,India
