source,source_id,name,category,sector,address,phone,website,rating,review_count,business_status,opening_hours,latitude,longitude,city,state,country
google_maps,ChIJeQ-dJwAVPDoRyLsp4ui9fgQ,Ajay,Jewellery,Retail,"8V7W+HG3, Balagavde Road, Bondilipuram, Balaga, बस्तवडे, Srikakulam, महाराष्ट्र 532001, India",,,None,0,OPERATIONAL,,,,Srikakulam,Andhra Pradesh,India
google_maps,ChIJIdmnMwAVPDoRRcRmdB3Ojvc,JAFOR GOLD POLISH CENTRE,Jewellery,Retail,"Government Degree College Road, 4-6, Palakonda Rd, Chinna Bharatham Colony, Srikakulam, Andhra Pradesh 532001, India",,,5,1,OPERATIONAL,,,,Srikakulam,Andhra Pradesh,India
google_maps,ChIJUaHfFgAVPDoRYkBSX9wgBmU,SIRAJUL HAQUE (Gold catting design centre),Jewellery,Retail,"Government Degree College Road, 4-6, Palakonda Rd, Chinna Bharatham Colony, Srikakulam, Andhra Pradesh 532001, India",,,5,1,OPERATIONAL,,,,Srikakulam,Andhra Pradesh,India
google_maps,ChIJ3aLGpRwVPDoRa_pYoIAgIP4,VNB Jewellers,Jewellery,Retail,"Petromax Veedhi, Near, Seven Rd Jct, New Colony, Srikakulam, Andhra Pradesh 532001, India",094401 12797,,5,5,OPERATIONAL,,,,Srikakulam,Andhra Pradesh,India
google_maps,ChIJddNF5e8VPDoREXjZFo3wfms,Kameswari Kanti Jewellery,Jewellery,Retail,"Kolla Street, near Seven Road Junction, Seven Rd Junction Area, Landmark, New Colony, Srikakulam, Andhra Pradesh 532001, India",098481 11846,,5,2,OPERATIONAL,,,,Srikakulam,Andhra Pradesh,India
google_maps,ChIJLZYZshwVPDoR1djgcrVL6MA,Patnaala Jewellers,Jewellery,Retail,"G.T. Corner, Corner, Petromax St, near Seven Road Junction, Seven Rd Junction Area, New Colony, Srikakulam, Andhra Pradesh 532001, India",098485 37365,,None,0,OPERATIONAL,,,,Srikakulam,Andhra Pradesh,India
google_maps,ChIJCTHGwBcVPDoRi4tuAxmsVHA,Sri Kanakamahalakshmi Silver House,Jewellery,Retail,"Krishna Complex, GT Rd, beside Metro Shoe, Chinna Bharatham Colony, Srikakulam, Andhra Pradesh 532001, India",098492 06477,,5,2,OPERATIONAL,,,,Srikakulam,Andhra Pradesh,India
google_maps,ChIJZ2_LrRwVPDoRb2HMRZK_ImQ,Sri Ashapura Jewellers,Jewellery,Retail,"D.No:8-4-21, Amma Complex, Near 7 Road Junction, G.T. Road, Seven Rd Junction Area, New Colony, Srikakulam, Andhra Pradesh 532001, India",090309 52175,,5,1,OPERATIONAL,,,,Srikakulam,Andhra Pradesh,India
google_maps,ChIJlzJYCywVPDoRBduXKgl0L8U,fashion vibes,Jewellery,Retail,"Koti St, Ranasthali, veedhi, New Colony, Srikakulam, Andhra Pradesh 532001, India",,,None,0,OPERATIONAL,,,,Srikakulam,Andhra Pradesh,India
google_maps,ChIJX5XbYAAVPDoRKWX-GtcLPpU,Sri Krishna 1grm Gold,Jewellery,Retail,"7VWW+723, Nehru Rd, opp. utkala lodge, Ranasthali, New Colony, Srikakulam, Andhra Pradesh 532001, India",,,None,0,OPERATIONAL,,,,Srikakulam,Andhra Pradesh,India
google_maps,ChIJXapkwfMVPDoRm5DXX52ZsWg,SWAMY JEWELLERS SRIKAKULAM,Jewellery,Retail,"Petromax St, opposite Bag House, Ranasthali, Landmark, New Colony, Srikakulam, Andhra Pradesh 532001, India",,,5,1,OPERATIONAL,,,,Srikakulam,Andhra Pradesh,India
google_maps,ChIJL3LQUQMVPDoR4l_kgzqvX3Y,Shirdisai Jewellers,Jewellery,Retail,"Kollavari Street, 7VVV+MQ2, Seven Rd Jct, Market Area, Chinna Bharatham Colony, Srikakulam, Andhra Pradesh 532001, India",094410 32491,,3,1,OPERATIONAL,,,,Srikakulam,Andhra Pradesh,India
google_maps,ChIJmXmvoxwVPDoRtRTqVu_syDM,Sowndarya Jewellers,Jewellery,Retail,"Petromax Street, Near 7 Road Junction, Head Post Office Area, Ranasthali, New Colony, Srikakulam, Andhra Pradesh 532001, India",094405 50575,,5,1,OPERATIONAL,,,,Srikakulam,Andhra Pradesh,India
google_maps,ChIJtTsuC5FGPDoRyjceCwp2l4s,SRI SATYADEVA JEWELLERS. BRANCH OFFICE,Jewellery,Retail,"Main road, opposite Rajeswari Theater, Borigivalasa, Andhra Pradesh 532421, India",095815 09709,,4.2,69,OPERATIONAL,,,,Srikakulam,Andhra Pradesh,India
google_maps,ChIJmSDU9wQVPDoRXmne3ue6HzA,Srinu Bangles & Gift Corner,Jewellery,Retail,"Potti Sriramulu Shopping Complex, Shop No-1, Old Bus Stand, Old Bus Stand Area, Chinna Bharatham Colony, Srikakulam, Andhra Pradesh 532001, India",099630 63695,,4.5,12,OPERATIONAL,,,,Srikakulam,Andhra Pradesh,India
google_maps,ChIJ9UwRMxMVPDoRq4XH4DRhsrM,Swathi Collections,Jewellery,Retail,"Venkatapuram junction, Seven Rd Junction Area, New Colony, Srikakulam, Andhra Pradesh 534207, India",088863 88885,,None,0,OPERATIONAL,,,,Srikakulam,Andhra Pradesh,India
google_maps,ChIJZ758vAQVPDoR1dMzTYtefnI,Vanalaxmi Bangles,Jewellery,Retail,"bangke store, vanalaxmi, Kaspa St, Kalinga Road, Chinna Bharatham Colony, Srikakulam, Andhra Pradesh 532001, India",099854 76425,,5,6,OPERATIONAL,,,,Srikakulam,Andhra Pradesh,India
google_maps,ChIJb-mdMBsVPDoRV1OeZFw4_MY,Sai Bapuji Ladies World,Jewellery,Retail,"Chinna Bazar St, Dhavala Colony, Ranasthali, New Colony, Srikakulam, Andhra Pradesh 532001, India",097030 80999,,4.2,38,OPERATIONAL,,,,Srikakulam,Andhra Pradesh,India
google_maps,ChIJba-JFwAVPDoRVZwI4VODbiA,Sri Maatha Bangles And Fancy Trends,Jewellery,Retail,"13-9-32, Nakka St, A.P.H.B.Colony, Srikakulam, Andhra Pradesh 532001, India",,,5,15,OPERATIONAL,,,,Srikakulam,Andhra Pradesh,India
google_maps,ChIJQ2CYoDtqPDoRZ1aY3s_EJwc,Sri Venkateswara Bangles & General Stores,Jewellery,Retail,"Main Road, Beside, Railway Station - Mettakkivalasa Rd, Amadalavalasa, Andhra Pradesh 532184, India",093984 53590,,4.5,2,OPERATIONAL,,,,Srikakulam,Andhra Pradesh,India
google_maps,ChIJw9P94g8VPDoRrgijHcSkjMI,Sai Lakshmi Bangles Fancy,Jewellery,Retail,"Near B.S.N.L. Office, Women's College Road, 7WV2+VCH, Surya Mahal Area, L.B.S Colony, Srikakulam, Andhra Pradesh 532001, India",088857 75305,,4.3,3,OPERATIONAL,,,,Srikakulam,Andhra Pradesh,India
google_maps,ChIJUaFj2ZBGPDoR_T6gR0K-fRU,Baba Bangle Stores,Jewellery,Retail,"C27V+XJF, State Bank Veedhi, beside Girls High School, Narasannapeta, Srikakulam, Andhra Pradesh 532421, India",099664 90750,,4.3,15,OPERATIONAL,,,,Srikakulam,Andhra Pradesh,India
google_maps,ChIJgSii794VPDoRKC-bdCLN_Ls,Sri Radhakrishna Delhi Bazar,Jewellery,Retail,"first floor, Revenue shopping complex, Ambedkar Jct, RTC Complex Area, Meher Nager, Srikakulam, Andhra Pradesh 532001, India",094946 09944,,5,1,OPERATIONAL,,,,Srikakulam,Andhra Pradesh,India
google_maps,ChIJKQ0vF_lDOToRWjuQqs3TMyc,Vadhuvu ( one gram gold jewellery store),Jewellery,Retail,"10-50-11/2, beside Sweet India, Ram Nagar, Visakhapatnam, Andhra Pradesh 530002, India",081792 08779,,4.9,407,OPERATIONAL,,,,Srikakulam,Andhra Pradesh,India
google_maps,ChIJGdGXdTZDOToRXBZlevVmNfI,LAKSHMI DEEPIKA SILVER HOUSE,Jewellery,Retail,"50, Seethammadhara Rd, TPT Colony, Balayya Sastri Layout, Seethammadara, Visakhapatnam, Andhra Pradesh 530013, India",090009 44944,,4.8,253,OPERATIONAL,,,,Srikakulam,Andhra Pradesh,India
google_maps,ChIJITA7OBRDOToRpXDRxrCM-PA,Bridal jewelry for rent & Flower jewelry,Jewellery,Retail,"20/4, 57-15, Subhash Nagar, Gavara Kanchara Palem, Kancharapalem, Visakhapatnam, Andhra Pradesh 530008, India",086394 71172,,4,2,OPERATIONAL,,,,Srikakulam,Andhra Pradesh,India
google_maps,ChIJy5AdtjxDOToRZ9WQYujPg68,V Square,Jewellery,Retail,"47-15-8, Waltair Station Approach Rd, Dwaraka Nagar, Visakhapatnam, Andhra Pradesh 530016, India",0891 666 7777,,4.2,3735,OPERATIONAL,,,,Srikakulam,Andhra Pradesh,India
google_maps,ChIJWUGyWDxDOToRQUhreCOLY-Y,"Hira Panna Jewellers ( Diamond Roof , Gold and Diamond Jewellery, Boutique Jewellery )",Jewellery,Retail,"Door No 48, Mvr Complex, 19-5, 1st Ln, Opposite RTC Complex, Dwaraka Nagar, Visakhapatnam, Andhra Pradesh 530016, India",090009 51310,,4.8,642,OPERATIONAL,,,,Srikakulam,Andhra Pradesh,India
google_maps,ChIJk3dB-RgVPDoRGGYvinAzsDQ,MANI JEWELLERY,Jewellery,Retail,"8V3W+JXC, Chinna Bazar St, Meher Nager, Srikakulam, Andhra Pradesh 532001, India",,,3,1,OPERATIONAL,,,,Srikakulam,Andhra Pradesh,India
google_maps,ChIJ44kRW4RPPDoR6XXrWLJUT4k,VK Gems & Jewels,Jewellery,Retail,"fourth floor, metta pentayya gari complex, Kothapeta, Kotturu, Andhra Pradesh 532195, India",070139 89199,,5,8,OPERATIONAL,,,,Srikakulam,Andhra Pradesh,India
google_maps,ChIJcxnRxzxDOToRe5mtQkBoirc,"MMTC-PAMP Exclusive Brand Store - Dwaraka Nagar, Visakhapatnam",Jewellery,Retail,"D.No-47-15-11, 1st Floor Aarif Building, Dwaraka Nagar, Visakhapatnam, Andhra Pradesh 530016, India",0891 666 0333,,4.9,310,OPERATIONAL,,,,Srikakulam,Andhra Pradesh,India
google_maps,ChIJ_-a0Rh8VPDoRi8l305a-mhw,CMR Shopping Mall,Jewellery,Retail,"8-4-129, GT Rd, beside DCC Bank, Surya Mahal Area, Chowk Ward, New Colony, Srikakulam, Andhra Pradesh 532001, India",076709 00951,,4.1,1227,OPERATIONAL,,,,Srikakulam,Andhra Pradesh,India
google_maps,ChIJ9U7idXkHPToRY03Mrs6rgJY,PAISA 4 GOLD,Jewellery,Retail,"Dr no 13-16-194/UVW, SFS SCHOOL ROAD, near BANDHAN BANK, Kasibugga, palasa, MARUTI NAGAR, Palasa, Andhra Pradesh 532221, India",096335 96339,,5,117,OPERATIONAL,,,,Srikakulam,Andhra Pradesh,India
google_maps,ChIJX1SZdQAVPDoRvG8kX_wtEiA,Naidu gold,Jewellery,Retail,"7VWW+2JM, GT Rd, New Colony, Srikakulam, Andhra Pradesh 532001, India",,,None,0,OPERATIONAL,,,,Srikakulam,Andhra Pradesh,India
google_maps,ChIJ6azq6UBDOToRBkwXS3y6eBc,SVBC Gold,Jewellery,Retail,"Peejay Plaza, 10-1-44/7, VIP Rd, CBM Compound, Asilmetta, Visakhapatnam, Andhra Pradesh 530003, India",0891 666 7753,,4.6,87,OPERATIONAL,,,,Srikakulam,Andhra Pradesh,India
google_maps,ChIJtcHP9VcPPToRYLZwP3GlGEM,Sri Lalitha Jewellers,Jewellery,Retail,"MainRoad, Virabhadrapuram, Andhra Pradesh 532243, India",094401 41799,,5,1,OPERATIONAL,,,,Srikakulam,Andhra Pradesh,India
google_maps,ChIJFa6bQI8HPToRXijMID6ypps,Yasoda Krishna Jewellers,Jewellery,Retail,"KT Rd (Kasibugga-Tharlakota Road), near old bus stand, Kasibugga, Palasa, Andhra Pradesh 532222, India",098495 14483,,5,1,OPERATIONAL,,,,Srikakulam,Andhra Pradesh,India
google_maps,ChIJ4ycUsjtqPDoRifCAjqND7YQ,Aditya Jewellers,Jewellery,Retail,"Main Road, Amadalavalasa, Srikakulam, Andhra Pradesh 532184, India",094407 39407,,5,4,OPERATIONAL,,,,Srikakulam,Andhra Pradesh,India
google_maps,ChIJycdWIQBrPDoR3XVLvlnt0Zg,Sri vijaya venkateswara jewellery,Jewellery,Retail,"MAIN ROAD, beside LAKSHMI NAGAR II ARCH, Ragolupeta, Ragolu, Andhra Pradesh 532484, India",099590 56492,,5,11,OPERATIONAL,,,,Srikakulam,Andhra Pradesh,India
google_maps,ChIJGSE9JTtrPDoRExM-3ViMa0A,MN Jewellers,Jewellery,Retail,"Ragolu - Palakonda Rd, Srikakulam, Ragolu, Andhra Pradesh 532484, India",094933 41146,,5,9,OPERATIONAL,,,,Srikakulam,Andhra Pradesh,India
google_maps,ChIJGXkkLAAVPDoRRXCzpIrlmT8,A N R gold shop,Jewellery,Retail,"11-50, Market Area, Chinna Bharatham Colony, Srikakulam, Andhra Pradesh 532001, India",,,None,0,OPERATIONAL,,,,Srikakulam,Andhra Pradesh,India
google_maps,ChIJW14NRsF3PDoRAPrK5PrNk7U,Shubham Silver Palace & Jewellery - Rajam,Jewellery,Retail,"Srikakulam Road, opp. Gorentla Nursing Home, beside Dr. Hanumanthu Rao Hospital, Sai Krishna Nagar, Saradhi, Andhra Pradesh 532127, India",096528 00481,,4.9,34,OPERATIONAL,,,,Srikakulam,Andhra Pradesh,India
google_maps,ChIJgwqGCTtqPDoRusIb8lKoabg,Sri Bhavani Jewellers,Jewellery,Retail,"Opp. Rama Mandar Main Road, Amadalavalasa, Srikakulam, Amadalavalasa, Andhra Pradesh 532184, India",099857 46298,,5,10,OPERATIONAL,,,,Srikakulam,Andhra Pradesh,India
google_maps,ChIJ9Rrb_WsHPToRg4hW3tPfFck,GNV JEWELLERS,Jewellery,Retail,"BRANCH OFFICE: SY no. 219/20, PMR complex, KT Rd (Kasibugga-Tharlakota Road), Kasibugga, Shivaji Nagar, Palasa, Andhra Pradesh 532222, India",079979 92636,,4.9,3273,OPERATIONAL,,,,Srikakulam,Andhra Pradesh,India
google_maps,ChIJ1RNIvAFrPDoRRXGiIHORDEk,Charita Bangles store,Jewellery,Retail,"8VMP+F8F, Gopi Nagar, Thotada, Andhra Pradesh 532484, India",,,4.8,12,OPERATIONAL,,,,Srikakulam,Andhra Pradesh,India
google_maps,ChIJoaMmRhsVPDoRV3eOoqtu_Uw,Sri Lakshmi Ganapathi Ladies Corner,Jewellery,Retail,"Chinna Bazar Street, GT Rd, near Nehru Road, Dhavala Colony, Ranasthali, New Colony, Srikakulam, Andhra Pradesh 532001, India",080740 70700,,4.2,6,OPERATIONAL,,,,Srikakulam,Andhra Pradesh,India
google_maps,ChIJN1t0UcYOPDoRGuNh71sk23k,Balaji jewellers,Jewellery,Retail,"balaji jewellery, 1-24, Ravada Rd, beside old police station, Garikipalem, Andhra Pradesh 532407, India",083320 30250,,5,3,OPERATIONAL,,,,Srikakulam,Andhra Pradesh,India
google_maps,ChIJM763wEYVPDoRR78Xf2NIqx8,Augmont Gold | Gold For All,Jewellery,Retail,"1st Floor, Rama Laxmana Rd, opp. Indian Oil Petrol, Illisipuram, Meher Nager, Srikakulam, Andhra Pradesh 532001, India",086398 84891,,None,0,OPERATIONAL,,,,Srikakulam,Andhra Pradesh,India
google_maps,ChIJgdzAGAAVPDoRdi_BSg9Lib8,Sri Kamakshi Ladies World,Jewellery,Retail,"Seven Rd Jct, Seven Rd Junction Area, Chinna Bharatham Colony, Srikakulam, Andhra Pradesh 532001, India",,,None,0,OPERATIONAL,,,,Srikakulam,Andhra Pradesh,India
google_maps,ChIJM2-stDtqPDoRBUSYG2A7IJg,Laxmana Raju Jewellers,Jewellery,Retail,"Railway Station - Mettakkivalasa Rd, Amadalavalasa, Andhra Pradesh 532185, India",090632 73283,,5,4,OPERATIONAL,,,,Srikakulam,Andhra Pradesh,India
google_maps,ChIJAUKvDztqPDoRKj2n9sY1EXg,sree kalyani jewellers,Jewellery,Retail,"Opp:, Rama Mandir, Main Road, Amadalavalasa, Srikakulam, Andhra Pradesh 532184, India",098851 63899,,5,1,OPERATIONAL,,,,Srikakulam,Andhra Pradesh,India
google_maps,ChIJuwkyU9sHPToRzrDl37JZxpY,VAIBHAV JEWELLERS - Jewellery Store In Palasa,Jewellery,Retail,"12-2-96 /97, KT Rd (Kasibugga-Tharlakota Road), Kasibugga, Ramakrishna Police Colony, Palasa, Andhra Pradesh 532222, India",080961 88777,,4.9,925,OPERATIONAL,,,,Srikakulam,Andhra Pradesh,India
google_maps,ChIJOXCc3ThDOToR8fwj7NJZWnA,Vysyaraju Jewellers Asilmetta,Jewellery,Retail,"CBM Compound, Asilmetta, Visakhapatnam, Andhra Pradesh 530003, India",089125 23939,,4.6,3270,OPERATIONAL,,,,Srikakulam,Andhra Pradesh,India
google_maps,ChIJn4qRVNiLPDoRDTobQoHnsYw,Sree bhuvaneshwari jewellers,Jewellery,Retail,"besides hp petrol bunk, Palakonda - Haddubangi Rd, Kotturu, Andhra Pradesh 532455, India",070938 97331,,5,4,OPERATIONAL,,,,Srikakulam,Andhra Pradesh,India
google_maps,ChIJ4bFIMyNDOToR_aUYkFJSAP4,Kameswari Jewellers,Jewellery,Retail,"Shop No 40 41 15ff, TSR Complex, Dwaraka Nagar, Visakhapatnam, Andhra Pradesh 530004, India",091205 22622,,4.8,2926,OPERATIONAL,,,,Srikakulam,Andhra Pradesh,India
google_maps,ChIJURT8_cgVPDoREQECkaMLzs0,SS NAIDU JEWELLERS,Jewellery,Retail,"Nehru Rd, Ranasthali, New Colony, Srikakulam, Andhra Pradesh 532001, India",098662 13528,,None,0,OPERATIONAL,,,,Srikakulam,Andhra Pradesh,India
google_maps,ChIJe_aWco9rPDoRmTYdYBISDaY,Andal jewellers,Jewellery,Retail,"Andal jewellers, Ragolu, Andhra Pradesh 532484, India",099377 14696,,5,2,OPERATIONAL,,,,Srikakulam,Andhra Pradesh,India
google_maps,ChIJwUlDPABrPDoRtdeKXoe6Sg0,Vysyaraju Jewellers,Jewellery,Retail,"Main, Road, Amadalavalasa, Andhra Pradesh 532184, India",,,None,0,OPERATIONAL,,,,Srikakulam,Andhra Pradesh,India
google_maps,ChIJ1YJVGVF7PDoRfybdfpfu6u4,NSN JEWELLERS,Jewellery,Retail,"Post Office Rd, Palakonda, Andhra Pradesh 532440, India",073964 73155,,4.1,146,OPERATIONAL,,,,Srikakulam,Andhra Pradesh,India
google_maps,ChIJu7IyQPVrPDoRMdaP8rNz0yo,Thammana Sambhamurty & Son Jewellers,Jewellery,Retail,"8-1-121/5, main road, beside hdfc bank, Amadalavalasa, Andhra Pradesh 532184, India",077028 27345,,4.9,9,OPERATIONAL,,,,Srikakulam,Andhra Pradesh,India
google_maps,ChIJjw6_fOkVPDoRnIVPFqXDAJ0,South India Shopping Mall -Srikakulam,Jewellery,Retail,"7WW2+37M, Surya Mahal Area, New Colony, Srikakulam, Andhra Pradesh 532001, India",090665 60560,,4.6,2856,OPERATIONAL,,,,Srikakulam,Andhra Pradesh,India
google_maps,ChIJh31QVQBHPDoReOsry6q7R5c,RK Jewellers,Jewellery,Retail,"Mainroad, opp. RTC Complex, Maruthi Nagar, Narasannapeta, Andhra Pradesh 532421, India",,,5,5,OPERATIONAL,,,,Srikakulam,Andhra Pradesh,India
google_maps,ChIJN3LjyeAVPDoRN8mDf-q3Gnc,Malabar Gold and Diamonds - Srikakulam,Jewellery,Retail,"6-1-13, Pandrangi Veedhi, Palakonda Rd, Ranasthali, New Colony, Srikakulam, Andhra Pradesh 532001, India",089422 25916,,4.8,2462,OPERATIONAL,,,,Srikakulam,Andhra Pradesh,India
google_maps,ChIJwS9lVS4VPDoRPIOGxxj3vVg,Tanishq Jewellery - Srikakulam,Jewellery,Retail,"Dr, Palakonda Rd, nearby Allen Solly Clothing Store, Kinnera Area, Meher Nager, Srikakulam, Andhra Pradesh 532001, India",089422 98289,,4.9,408,OPERATIONAL,,,,Srikakulam,Andhra Pradesh,India
google_maps,ChIJKZ3efAAVPDoRVVzE7z0AgcM,A N R gold shop,Jewellery,Retail,"11-50, Market Area, Chinna Bharatham Colony, Srikakulam, Andhra Pradesh 532001, India",,,None,0,OPERATIONAL,,,,Srikakulam,Andhra Pradesh,India
google_maps,ChIJ-fNAKQsVPDoR1lPH43wu_Lk,SHREE RIYAS 1 GRAM GOLD,Jewellery,Retail,"Shop no: 8-5-26/1, Petromax Street, Seven Rd Jct, Seven Rd Junction Area, area, Srikakulam, Andhra Pradesh 532001, India",,,4.5,19,OPERATIONAL,,,,Srikakulam,Andhra Pradesh,India
google_maps,ChIJPyccLsMVPDoRskxgjkcwgQE,SKM Gold Works,Jewellery,Retail,"Champagalli street, Srikakulam, Duppalavalasa, Andhra Pradesh 532001, India",,,5,1,OPERATIONAL,,,,Srikakulam,Andhra Pradesh,India
google_maps,ChIJAfJ9qxwVPDoR5t6dUCJWnuE,Raja's Sun Silver Park,Jewellery,Retail,"GT Rd, Seven Rd Junction Area, Chinna Bharatham Colony, Srikakulam, Andhra Pradesh 532001, India",098662 22636,,4.6,43,OPERATIONAL,,,,Srikakulam,Andhra Pradesh,India
google_maps,ChIJUV0_ZgAVPDoROeSjGY6a7Co,Vadhuvu onegramgold,Jewellery,Retail,"7VWW+65H, Nehru Rd, beside Natraj Lodge, Ranasthali, New Colony, Srikakulam, Andhra Pradesh 532001, India",,,5,1,OPERATIONAL,,,,Srikakulam,Andhra Pradesh,India
google_maps,ChIJ56WLewAVPDoRbSdKWDKyYUs,R S jewellery,Jewellery,Retail,"Seven Rd Junction Area, New Colony, Srikakulam, Andhra Pradesh 532001, India",,,5,1,OPERATIONAL,,,,Srikakulam,Andhra Pradesh,India
google_maps,ChIJSd8kqhwVPDoRq4wy-1iu1r8,Sri Durga Silver Palace,Jewellery,Retail,"Door No. 8-10-26, G.T. Road, 7 Roads Junction, Near Venas Hotel, New Colony, Srikakulam, Andhra Pradesh 532001, India",094401 68331,,4.4,16,OPERATIONAL,,,,Srikakulam,Andhra Pradesh,India
google_maps,ChIJKQzAVwAVPDoR6tdXfMdsMYE,Purna Gold shop,Jewellery,Retail,"Kolavari Street, Seven Rd Jct, Seven Rd Junction Area, Chinna Bharatham Colony, Srikakulam, Andhra Pradesh 532001, India",,,5,4,OPERATIONAL,,,,Srikakulam,Andhra Pradesh,India
google_maps,ChIJLzDqshwVPDoRDLKBzNnPmds,PGR Jewellers,Jewellery,Retail,"7VVV+VMQ, Seven Rd Jct, Seven Rd Junction Area, Kollavari Street, Srikakulam, Andhra Pradesh 532001, India",085822 36239,,5,3,OPERATIONAL,,,,Srikakulam,Andhra Pradesh,India
google_maps,ChIJBwyAsakVPDoRnSczVvH4XZI,SHREE SONAL 1 GRAM JEWELLERY WORLD,Jewellery,Retail,"Chinna Bazar St, Dhavala Colony, Ranasthali, New Colony, Srikakulam, Andhra Pradesh 532001, India",077021 05504,,4.7,3,OPERATIONAL,,,,Srikakulam,Andhra Pradesh,India
google_maps,ChIJh-RlTRsVPDoRDsLUeRa69EU,Sri Swarna Jewellery,Jewellery,Retail,"G.T Road, near 7 Roads Junction, Chinna Bharatham Colony, Srikakulam, Andhra Pradesh 532001, India",099636 89666,,5,1,OPERATIONAL,,,,Srikakulam,Andhra Pradesh,India
google_maps,ChIJS6L-BYsVPDoR4N2YhSCeHKI,"Kameswari Gold ( A Unit Of Kameswari Jewellers, Visakhapatnam)",Jewellery,Retail,"5-1-92, Palakonda Rd, near Lodge Kinnera, Kinnera Area, Meher Nager, Srikakulam, Andhra Pradesh 532001, India",077996 47733,,5,883,OPERATIONAL,,,,Srikakulam,Andhra Pradesh,India
google_maps,ChIJXX68yEgVPDoR5YyHIFqepOY,GNV Jewellers,Jewellery,Retail,"Raja Commercial Complex, GT Rd, New Colony, Srikakulam, Andhra Pradesh 532001, India",063571 23123,,4.9,6606,OPERATIONAL,,,,Srikakulam,Andhra Pradesh,India
google_maps,ChIJxfzypRwVPDoRLpmE_yaIkN8,Sri Satya Gold,Jewellery,Retail,"Near 7 Road Junction, 2 Town Back Side, Petromax St, New Colony, Srikakulam, Andhra Pradesh 532001, India",094407 13113,,4,223,OPERATIONAL,,,,Srikakulam,Andhra Pradesh,India
google_maps,ChIJcwN6YRsQPDoRndVDUTyCnaM,Lalithaa Jewellery,Jewellery,Retail,"Ward, D, Northern Row Chowk Gorlavari Street, 8, 12-8, Seven Rd Junction Area, Chinna Bharatham Colony, Srikakulam, Andhra Pradesh 532001, India",089422 27799,,4.5,2,OPERATIONAL,,,,Srikakulam,Andhra Pradesh,India
google_maps,ChIJqdmpNxEVPDoRQ4lLTc0Wk6M,SriKausikiJewellers(SKJ),Jewellery,Retail,"Address: GT road, Seven Rd Jct, beside Bata showroom, Seven Rd Junction Area, Chinna Bharatham Colony, Srikakulam, Andhra Pradesh 532001, India",,,4.9,10,OPERATIONAL,,,,Srikakulam,Andhra Pradesh,India
google_maps,ChIJF0eYUAAVPDoR05aFe1PxbBk,A N R gold shop,Jewellery,Retail,"11-50, Market Area, Chinna Bharatham Colony, Srikakulam, Andhra Pradesh 532001, India",,,5,2,OPERATIONAL,,,,Srikakulam,Andhra Pradesh,India
google_maps,ChIJq4c1G10VPDoRCrN4Iq3BQjs,Sree silver & jewellers,Jewellery,Retail,"11-4-26/1, GT Rd, beside APEPDCL office, L.B.S Colony, Srikakulam, Andhra Pradesh 532001, India",070325 77496,,4.8,333,OPERATIONAL,,,,Srikakulam,Andhra Pradesh,India
google_maps,ChIJYS9SRwAVPDoR7-QdLBvPWtM,GNV Jewellers 3rd Branch,Jewellery,Retail,"Dhavala Colony, Ranasthali, New Colony, Srikakulam, Andhra Pradesh 532001, India",096665 67916,,4.9,538,OPERATIONAL,,,,Srikakulam,Andhra Pradesh,India
google_maps,ChIJ10n9UBMVPDoR9J8zeosqeQw,GN Jewellers,Jewellery,Retail,"8-4-105, GT Rd, opp. Current office, Santamma Colony, New Colony, Srikakulam, Andhra Pradesh 532001, India",070570 54003,,4.9,1567,OPERATIONAL,,,,Srikakulam,Andhra Pradesh,India
google_maps,ChIJ38SfkV4VPDoR4NEDxNr3GKM,Khazana Jewellery - Srikakulam - Seven Road Junction,Jewellery,Retail,"8-1-15, Palakonda Road, Seven Rd Jct, Seven Rd Junction Area, New Colony, Srikakulam, Andhra Pradesh 532001, India",089422 28901,,4.8,4797,OPERATIONAL,,,,Srikakulam,Andhra Pradesh,India
google_maps,ChIJA4IJQAAVPDoRMNdZcvzEMQI,Aclectiq,Jewellery,Retail,"Ground & 1st Floor, GT Rd, opp. Linen club, New Colony, Srikakulam, Andhra Pradesh 532001, India",092544 22925,,4.7,45,OPERATIONAL,,,,Srikakulam,Andhra Pradesh,India
google_maps,ChIJ8fuurxwVPDoRVFx9c8RIMLA,Ananda sai Jewellers,Jewellery,Retail,"Killana complex, Seven Rd Junction Area, New Colony, Srikakulam, Andhra Pradesh 532001, India",094410 95955,,4.2,10,OPERATIONAL,,,,Srikakulam,Andhra Pradesh,India
google_maps,ChIJXyQLSwMVPDoRMpO-h298gSw,Maturu Pydichetty Jewellers,Jewellery,Retail,"Seven Rd Jct, Seven Rd Junction Area, Kollavari Veedhi, Chinna Bharatham Colony, Srikakulam, Andhra Pradesh 532001, India",,,5,4,OPERATIONAL,,,,Srikakulam,Andhra Pradesh,India
google_maps,ChIJ9flsoxwVPDoRdjLH4Sui-rk,Balaji Jewellery Mart,Jewellery,Retail,"Shop No:5, Seven Road Junction, Near, Petromax St, New Colony, Srikakulam, Andhra Pradesh 532001, India",089422 23573,,None,0,OPERATIONAL,,,,Srikakulam,Andhra Pradesh,India
google_maps,ChIJ37WcK28VPDoRisP61Zh3t8g,Padmam Silver Jewellery,Jewellery,Retail,"8-4-111, T.S. No. 448, 8-4-112, Grand Trunk Road, Santamma Colony, New Colony, Srikakulam, Andhra Pradesh 532001, India",,,5,9,OPERATIONAL,,,,Srikakulam,Andhra Pradesh,India
google_maps,ChIJM2C9TQMVPDoRN7N-myl1PGo,Sai Sunitha Jewellers,Jewellery,Retail,"Kolavari Street, Seven Rd Jct, Seven Rd Junction Area, Chinna Bharatham Colony, Srikakulam, Andhra Pradesh 532001, India",097044 34301,,5,2,OPERATIONAL,,,,Srikakulam,Andhra Pradesh,India
google_maps,ChIJ5bzAdgsVPDoRuHbzxomWURE,CMR Jewellery,Jewellery,Retail,"8-4-129, GT Rd, beside DCC Bank, Surya Mahal Area, Chowk Ward, New Colony, Srikakulam, Andhra Pradesh 532001, India",063097 98686,,5,3048,OPERATIONAL,,,,Srikakulam,Andhra Pradesh,India
google_maps,ChIJtY11Rw8VPDoRtKwwvrDi5I4,SB Jewellers,Jewellery,Retail,"Main road, Gujarathipeta, Srikakulam, Andhra Pradesh 532005, India",094927 66688,,5,12,OPERATIONAL,,,,Srikakulam,Andhra Pradesh,India
google_maps,ChIJu1AQehwVPDoRHk_bhpJ1kNc,Mahila Gold Covering Showroom,Jewellery,Retail,"Palakonda Rd, near Krishna Park, New Colony, Srikakulam, Andhra Pradesh 532001, India",099086 22007,,2,2,OPERATIONAL,,,,Srikakulam,Andhra Pradesh,India
google_maps,ChIJqT6UUgMVPDoRbUs6cgCBSlQ,Naidu jewellery,Jewellery,Retail,"Champagalli Street, GT Rd, near Seven Road Junction, Seven Rd Junction Area, Chinna Bharatham Colony, Srikakulam, Andhra Pradesh 532001, India",095028 20022,,4.4,119,OPERATIONAL,,,,Srikakulam,Andhra Pradesh,India
google_maps,ChIJGxjIpB4VPDoR6A6TTxCwuhY,Kameswari Jewellers,Jewellery,Retail,"Kollavari Street, Seven Rd Jct, Seven Rd Junction Area, Chinna Bharatham Colony, Srikakulam, Andhra Pradesh 532001, India",089422 22346,,4.1,104,OPERATIONAL,,,,Srikakulam,Andhra Pradesh,India
google_maps,ChIJJ5GDpRwVPDoR6XVIw6MztBI,ss jewellers,Jewellery,Retail,"D, NO.8-4-39, GT Rd, near Venus hotel, New Colony, Srikakulam, Andhra Pradesh 532001, India",091775 53888,,4.5,85,OPERATIONAL,,,,Srikakulam,Andhra Pradesh,India
google_maps,ChIJF7TJIJUVPDoROtWmzJr62fU,"Kisna Diamond & Gold Jewellery - Srikakulam, Andhra Pradesh",Jewellery,Retail,"Teppala Street, 6-1-39, Palakonda Road, 6, Pandrangi St, Veedhi, New Colony, Srikakulam, Andhra Pradesh 532001, India",070321 18437,,4.9,113,OPERATIONAL,,,,Srikakulam,Andhra Pradesh,India
google_maps,ChIJ160PU6YVPDoRvHH5zO8Yq30,Joyalukkas Jewellery Srikakulam,Jewellery,Retail,"Door No. 8, Ground to Third Floor, 4-62, Grand Trunk Road, New Colony, Srikakulam, Andhra Pradesh 532001, India",089423 53676,,4.9,587,OPERATIONAL,,,,Srikakulam,Andhra Pradesh,India
google_maps,ChIJcblPaAAVPDoR_lfg3ml5j7A,RN 1Gram gold fancy jewellery,Jewellery,Retail,"Adityanagar colony, 7th line, Arasavilli, Arasavilli Rural, Andhra Pradesh 532401, India",,,5,2,OPERATIONAL,,,,Srikakulam,Andhra Pradesh,India
google_maps,ChIJMckObEsVPDoR4I7gysI9Kao,Lalithaa Jewellery Mart Limited,Jewellery,Retail,"Vijetha Junction, GT Rd, Dhavala Colony, Ranasthali, New Colony, Srikakulam, Andhra Pradesh 532001, India",089422 27799,,4.5,470,OPERATIONAL,,,,Srikakulam,Andhra Pradesh,India
google_maps,ChIJk2ldxA8VPDoRbB-kSQ2LwAE,Raja Jewellers,Jewellery,Retail,"GT Rd, Chinna Bharatham Colony, Srikakulam, Andhra Pradesh 532001, India",081436 77916,,4.9,61,OPERATIONAL,,,,Srikakulam,Andhra Pradesh,India
google_maps,ChIJVxCZHycVPDoRntN-kqpJhkg,Tara Gold,Jewellery,Retail,"7VVV+XQ9, GT Rd, Seven Rd Junction Area, Chinna Bharatham Colony, Srikakulam, Andhra Pradesh 532001, India",090208 76077,,2,1,OPERATIONAL,,,,Srikakulam,Andhra Pradesh,India
google_maps,ChIJhZFsUAMVPDoRI8zaTpofEuU,Jkr Jewellers,Jewellery,Retail,"Kollavari Street, Seven Rd Jct, Market Area, Chinna Bharatham Colony, Srikakulam, Andhra Pradesh 532001, India",091002 81469,,5,1,OPERATIONAL,,,,Srikakulam,Andhra Pradesh,India
google_maps,ChIJgT8BCgAVPDoR5ka3BiKaWVE,PMJ Jewels Srikakulam,Jewellery,Retail,"Ground, First and Second floors, at 8-11-1 & 8-4-60, G.T. Road, 8-Nehru Road, GT Rd, New Colony, Srikakulam, Andhra Pradesh 532001, India",,,5,227,OPERATIONAL,,,,Srikakulam,Andhra Pradesh,India
google_maps,ChIJLfwPmZEVPDoRYuvNl88Madw,Sri kanchi kamakshi gold works,Jewellery,Retail,"BENEATH LAXMI SILKS , CHAMPAGALLI STREET, GT ROAD, KOLLAVARI STREET, opp. VENUS HOTEL LINE, Seven Rd Junction Area, Chinna Bharatham Colony, Srikakulam, Andhra Pradesh 532001, India",,,5,2,OPERATIONAL,,,,Srikakulam,Andhra Pradesh,India
google_maps,ChIJAVyTUhsVPDoRei-dDwvlWRs,Sainadh Gold,Jewellery,Retail,"GT Rd, Near 7 Roads Junction, Chinna Bharatham Colony, Srikakulam, Andhra Pradesh 532001, India",089422 25566,,4.1,8,OPERATIONAL,,,,Srikakulam,Andhra Pradesh,India
google_maps,ChIJaQwOeIQVPDoRLJkFe1c6tUY,Vaibhav Jewellers - Jewellery Store In Srikakulam,Jewellery,Retail,"D.No: 11-4-45, Sri Satya Complex Opp. Hotel Vijetha,G.T. Road, Seven Rd Jct, Chinna Bharatham Colony, Srikakulam, Andhra Pradesh 532001, India",099897 63007,,4.9,4478,OPERATIONAL,,,,Srikakulam,Andhra Pradesh,India
google_maps,ChIJ61LsTQMVPDoRcz3aTKwS8Ps,Keerthana Jewellery,Jewellery,Retail,"Kolavari Street, Seven Rd Jct, Market Area, Chinna Bharatham Colony, Srikakulam, Andhra Pradesh 532001, India",094401 49697,,4.7,6,OPERATIONAL,,,,Srikakulam,Andhra Pradesh,India
google_maps,ChIJ12xMQbMVPDoRefXcDgCnCGQ,Hasini's One Gram Gold and Fancy Store,Jewellery,Retail,"7-2-22, Chinna Bazar St, Ranasthali, New Colony, Srikakulam, Andhra Pradesh 532001, India",,,4.9,51,OPERATIONAL,,,,Srikakulam,Andhra Pradesh,India
google_maps,ChIJp7tDKzYVPDoRlda8tua29NM,RSM SILVER MALL,Jewellery,Retail,"7VVV+VWM, Seven Rd Junction Area, Chinna Bharatham Colony, Srikakulam, Andhra Pradesh 532001, India",089197 69546,,4.8,67,OPERATIONAL,,,,Srikakulam,Andhra Pradesh,India
google_maps,ChIJuTlnaLEVPDoRUC80Cw7YEYU,Sowbhagya bangles and fancy,Jewellery,Retail,"Nehru road, Chowk Bazar Rd, Ranasthali, New Colony, Srikakulam, Andhra Pradesh 532001, India",088862 96661,,5,10,OPERATIONAL,,,,Srikakulam,Andhra Pradesh,India
google_maps,ChIJj6YbqgkVPDoR9nySz4e4L-U,Subham Silver,Jewellery,Retail,"7 roads, GT Rd, The Junction, Chinna Bharatham Colony, Srikakulam, Andhra Pradesh 532001, India",,,4.6,10,OPERATIONAL,,,,Srikakulam,Andhra Pradesh,India
google_maps,ChIJh1w9dQAVPDoRkNY7uNaqm1M,"Kisna Diamond & Gold Jewellery - Srikakulam, Andhra Pradesh",Jewellery,Retail,"97, Balaga Main Rd, Hudco Colony, Balaga, Srikakulam, Andhra Pradesh 532001, India",,,4.5,2,OPERATIONAL,,,,Srikakulam,Andhra Pradesh,India
google_maps,ChIJ1Z_WrxwVPDoRhaiK-1mBV9Y,Krishna Gold,Jewellery,Retail,"Seven Road Junction, Near, Petromax St, Seven Rd Junction Area, New Colony, Srikakulam, Andhra Pradesh 532001, India",099086 96372,,4.8,4,OPERATIONAL,,,,Srikakulam,Andhra Pradesh,India
google_maps,ChIJPQ-a2ahHPDoR7ICoQ0Fdg2E,sunrise jewellery,Jewellery,Retail,"bazaar street, Santhamani Temple Rd, Adivarapu Peta, Narasannapeta, Andhra Pradesh 532421, India",099889 12345,,4.9,210,OPERATIONAL,,,,Srikakulam,Andhra Pradesh,India
google_maps,ChIJS8jtWBsVPDoRHzNsZpkKURU,Vasundhara Bangles,Jewellery,Retail,"Chinna Bazar Street, GT Road, Near, Nehru Rd, Ranasthali, New Colony, Srikakulam, Andhra Pradesh 532001, India",098483 26661,,4.1,22,OPERATIONAL,,,,Srikakulam,Andhra Pradesh,India
google_maps,ChIJJ9oJYTwVPDoRaVy7DK8hVUw,Goyaz Silver Jewellery- Srikakulam,Jewellery,Retail,"no - 11-4-74, GT Rd, opp. GNV Jewellers, Chinna Bharatham Colony, Srikakulam, Andhra Pradesh 532001, India",072073 82666,,4.9,80,OPERATIONAL,,,,Srikakulam,Andhra Pradesh,India
google_maps,ChIJM9xWrxwVPDoRJtJa5eAyGSw,Sai Ganesh Jewellers,Jewellery,Retail,"Petromax St, beside Swapna Hotel, New Colony, Srikakulam, Andhra Pradesh 532001, India",091777 55767,,3,4,OPERATIONAL,,,,Srikakulam,Andhra Pradesh,India
google_maps,ChIJ-x8bTasVPDoRcB-C0MOi2gQ,SS JEWELLERY MART,Jewellery,Retail,"8-4-60, GT Rd, New Colony, Srikakulam, Andhra Pradesh 532001, India",098978 92789,,4.8,16,OPERATIONAL,,,,Srikakulam,Andhra Pradesh,India
google_maps,ChIJBz4eTQMVPDoRXtzHa8cboVM,M.S.R. Jewellers,Jewellery,Retail,"Kollavaari street, near, Seven Rd Jct, Seven Rd Junction Area, Chinna Bharatham Colony, Srikakulam, Andhra Pradesh 532001, India",092904 94185,,4.7,7,OPERATIONAL,,,,Srikakulam,Andhra Pradesh,India
google_maps,ChIJb-qcqg8VPDoRjhvzA6QXR30,Sri Surya Collections,Jewellery,Retail,"D.no: 3, Kanyaka Parameswari Temple, 2-153, Chinna Bazar St, Ranasthali, New Colony, Srikakulam, Andhra Pradesh 532001, India",095810 09209,,5,52,OPERATIONAL,,,,Srikakulam,Andhra Pradesh,India
google_maps,ChIJJbQ7r3cVPDoRI4MU353X2MM,Naari Collections,Jewellery,Retail,"Door no: 8-6, 135/3, Nehru Rd, opp. mummy daddy shop, New Colony, Srikakulam, Andhra Pradesh 532001, India",,,4.9,56,OPERATIONAL,,,,Srikakulam,Andhra Pradesh,India
google_maps,ChIJj5B9CFvlOzoRbILeD8qkqPE,SRI GOVINDA JEWELLERS,Jewellery,Retail,"Clock Tower Area, 8-1-56, SKP Temple Area, Santha Pet, Vizianagaram, Andhra Pradesh 535001, India",081691 61916,,4.5,507,OPERATIONAL,,,,Srikakulam,Andhra Pradesh,India
google_maps,ChIJFUU2rWYVPDoRs-_aeN2cINQ,Manappuram Finance Limited – Gold Loan,Jewellery,Retail,"No. 10-5-30, 2nd Floor, near Balaji Super Bazar, Kalinga Road, Chinna Bharatham Colony, Srikakulam, Andhra Pradesh 532001, India",080 4492 5328,,5,71,OPERATIONAL,,,,Srikakulam,Andhra Pradesh,India
google_maps,ChIJ_UDPaPN3PDoR2xVjTXrjOSs,Manappuram Finance Limited – Gold Loan,Jewellery,Retail,"1st Floor, SBH Building, Bobbili-Parvathipuram Rd, opposite Balaji Restaurant, Razam, Srikakulam, Andhra Pradesh 532127, India",080 4492 5783,,5,55,OPERATIONAL,,,,Srikakulam,Andhra Pradesh,India
google_maps,ChIJe7ihfKDvNzoR6lIUGSalqfI,SRI PAVANI FANCY ONE GRAM GOLDJEWELLERY AND BANGLES,Jewellery,Retail,"DOR NO 5, OPPO, SHOP 5-5, VIVO CELL, Main Rd, Amalapuram, Andhra Pradesh 533201, India",095055 12888,,5,132,OPERATIONAL,,,,Srikakulam,Andhra Pradesh,India
google_maps,ChIJG8h81L8OPToRQpQQtmV8c9k,KANNA JEWELLERS,Jewellery,Retail,"Haripuram Main Rd, Haripuram, Andhra Pradesh 532243, India",094403 98172,,4.1,55,OPERATIONAL,,,,Srikakulam,Andhra Pradesh,India
google_maps,ChIJMXuetY0VPDoRhZXZpu40KcM,Manappuram Finance Limited – Gold Loan,Jewellery,Retail,"Ground Floor, No. 2-1-114/1, Palakonda Rd, near Hotel Minarva, Illisipuram, Meher Nager, Srikakulam, Andhra Pradesh 532001, India",080 4492 8370,,4.9,57,OPERATIONAL,,,,Srikakulam,Andhra Pradesh,India
google_maps,ChIJL4JAjj5DOToRq77EONgWRRI,MANCHUKONDA'S SHYAM ZAVERI,Jewellery,Retail,"Dondaparthy Flyover, CBM Compound, Asilmetta, Visakhapatnam, Andhra Pradesh 530003, India",082973 70333,,4.6,44,OPERATIONAL,,,,Srikakulam,Andhra Pradesh,India
google_maps,ChIJIz5AS9VrPDoRFPmEltoy4ow,Manappuram Finance Limited – Gold Loan,Jewellery,Retail,"1st Floor, No. 8-1-123, Amadalavalasa Main Rd, above State Bank e-Corner, Amadalavalasa, Andhra Pradesh 532184, India",080 4492 6408,,4.8,63,OPERATIONAL,,,,Srikakulam,Andhra Pradesh,India
google_maps,ChIJv_Zl6k5TPDoR69Em_epvnf0,Manappuram Finance Limited – Gold Loan,Jewellery,Retail,"1st Floor, No. 5199, Tekkali Main Rd, above Hero Honda Showroom, Borigipeta, Tekkali, Andhra Pradesh 532201, India",080 4492 7951,,4.9,126,OPERATIONAL,,,,Srikakulam,Andhra Pradesh,India
google_maps,ChIJG02oj4LnSToRqBSWt6hXH9Q,Sri Raghu Gold Covering Works,Jewellery,Retail,"jewellery Park,Pothapalli, plot no 398, Chilakalapudi, Pothepalle, Andhra Pradesh 521002, India",070134 17139,,4.6,479,OPERATIONAL,,,,Srikakulam,Andhra Pradesh,India
google_maps,ChIJ-XBBfpgVPDoRKc2OVdt7EKc,Bajaj Finserv Gold Loan,Jewellery,Retail,"1st Floor GT Road, Junction, near Rama Laxmana, Rama Laxmana Area, Visakha B Colony, Official Colony, Srikakulam, Andhra Pradesh 532001, India",040 4893 8354,,5,50,OPERATIONAL,,,,Srikakulam,Andhra Pradesh,India
google_maps,ChIJk0L42OYVPDoReqjThArtEQ0,Manappuram Finance Limited – Gold Loan,Jewellery,Retail,"1st Floor, No. 8-6-101/1, GT Rd, beside Cell Point, New Colony, Srikakulam, Andhra Pradesh 532001, India",080 4492 6196,,5,99,OPERATIONAL,,,,Srikakulam,Andhra Pradesh,India
google_maps,ChIJNf4X7OQUPDoRSPpBnBcyykQ,Manappuram Finance Limited – Gold Loan,Jewellery,Retail,"No. 163/4, GT Rd, near Sri Lakshmi Hotel, Gujarathipeta, Srikakulam, Andhra Pradesh 532005, India",080 4492 6089,,4.8,64,OPERATIONAL,,,,Srikakulam,Andhra Pradesh,India
google_maps,ChIJmVFKrJZGPDoRSlrlkdKeoQ4,sri lalitha Jewellers,Jewellery,Retail,"23-40, Bazar Street, Gandhi Bazar, Adivarapu Peta, Narasannapeta, Andhra Pradesh 532421, India",091820 80543,,4,35,OPERATIONAL,,,,Srikakulam,Andhra Pradesh,India
google_maps,ChIJAYmLQZdGPDoRs2yXTwfLbHY,SAI SWARN PALACE,Jewellery,Retail,"C28R+PJX Sri Devi Complex, Sri Devi Theatre, OPP:, Narasannapeta Main Rd, Maruthi Nagar, byragi bazar, Narasannapeta, Andhra Pradesh 532421, India",089422 76269,,4.1,85,OPERATIONAL,,,,Srikakulam,Andhra Pradesh,India
google_maps,ChIJdUefXQBHPDoRcMvtnt5yZ9I,GNR Gold & Diamonds,Jewellery,Retail,"C28V+Q7C, Main Road, near Mamata Nursing Home, Maruthi Nagar, Junction, Narasannapeta, Andhra Pradesh 532421, India",091603 93999,,4.4,49,OPERATIONAL,,,,Srikakulam,Andhra Pradesh,India
google_maps,ChIJ_3WYDJFGPDoRrfjE0TkWAXA,GN jewellers Gudla Narayana Rao Balaji Bullion And Jewellers,Jewellery,Retail,"Door No.13, 178, Jogipeta St, Borigivalasa, Andhra Pradesh 532421, India",089422 77146,,4.4,285,OPERATIONAL,,,,Srikakulam,Andhra Pradesh,India
google_maps,ChIJCwhjDZFGPDoRdq25VWBDh6U,GNR Sri Sai Balaji Jewellers,Jewellery,Retail,"Jogipeta St, Narasannapeta, Andhra Pradesh 532421, India",,,4.2,134,OPERATIONAL,,,,Srikakulam,Andhra Pradesh,India
google_maps,ChIJGcIMcpFGPDoRwUP5_gWTO2w,Saibaba Pearls & Sai Swarn Palace,Jewellery,Retail,"Narasannapeta, market st, Adivarapu Peta, Borigivalasa, Andhra Pradesh 532421, India",087128 77369,,4.3,36,OPERATIONAL,,,,Srikakulam,Andhra Pradesh,India
google_maps,ChIJzdTtDQDlOzoRZKEFc3x3GEk,GOYAZ SILVER JEWELLERY- VIJAYANAGARAM,Jewellery,Retail,"MG Rd, SKP Temple Area, Santha Pet, Vizianagaram, Andhra Pradesh 535001, India",072073 52666,,4.8,265,OPERATIONAL,,,,Srikakulam,Andhra Pradesh,India
google_maps,ChIJRRd8V1pLsTsREe_N8ArCLT0,GOYAZ SILVER JEWELLERY,Jewellery,Retail,"30, Subash Rd, Adimurthy Colony, Kamalanagar, Anantapur, Andhra Pradesh 515001, India",072073 57666,,4.8,222,OPERATIONAL,,,,Srikakulam,Andhra Pradesh,India
google_maps,ChIJCRXgqJFTPDoRHlVYXMePJYM,SRI LALITHA DIVYA JEWELLERY,Jewellery,Retail,"Kacheri St, Rotari Nagar, Tekkali, Andhra Pradesh 532201, India",088011 40153,,4.9,30,OPERATIONAL,,,,Srikakulam,Andhra Pradesh,India
google_maps,ChIJQd7MWgAVPDoRLsquGKPnVks,Kalyanam card's,Jewellery,Retail,"Chinna Bazar St, New Colony, Srikakulam, Andhra Pradesh 532001, India",,,4.9,33,OPERATIONAL,,,,Srikakulam,Andhra Pradesh,India
google_maps,ChIJAVU0cQDXuDsRuPrgm3n1mB0,GOYAZ SILVER JEWELLERY- HUBBALLI,Jewellery,Retail,"13, Gokul Rd, Akshay Park, Chaitanya Nagar, Kallur, Hubballi, Karnataka 580030, India",072073 83666,,4.8,99,OPERATIONAL,,,,Srikakulam,Andhra Pradesh,India
google_maps,ChIJa1gHqBMVPDoRUNKUuUnqzfI,RSM SHOPPING MALL,Jewellery,Retail,"7VVV+VWM, GT Rd, Chinna Bharatham Colony, Srikakulam, Andhra Pradesh 532001, India",098853 38506,,4.7,250,OPERATIONAL,,,,Srikakulam,Andhra Pradesh,India
google_maps,Malabar+Gold+and+Diamonds+-+Srikakulam,Malabar Gold and Diamonds - Srikakulam,Jewellery,Retail,Malabar Gold and Diamonds - Srikakulam,,,4.8,0,OPERATIONAL,,,,Srikakulam,Andhra Pradesh,India
google_maps,Khazana+Jewellery+-+Srikakulam+-+Seven+Road+Junction,Khazana Jewellery - Srikakulam - Seven Road Junction,Jewellery,Retail,"Jewelry store ·  · 8-1-15, Palakonda Road, Seven Rd Jct",,,4.8,0,OPERATIONAL,,,,Srikakulam,Andhra Pradesh,India
google_maps,Vaibhav+Jewellers+-+Jewellery+Store+In+Srikakulam,Vaibhav Jewellers - Jewellery Store In Srikakulam,Jewellery,Retail,"Jewelry store ·  · D.No: 11-4-45, Sri Satya Complex Opp. Hotel Vijetha,G.T. Road, Seven Rd Jct",,,4.9,0,OPERATIONAL,,,,Srikakulam,Andhra Pradesh,India
google_maps,"Kisna+Diamond+%26+Gold+Jewellery+-+Srikakulam,+Andhra+Pradesh","Kisna Diamond & Gold Jewellery - Srikakulam, Andhra Pradesh",Jewellery,Retail,"Jewelry store · Teppala Street, 6-1-39, Palakonda Road, 6, Pandrangi St",,,4.9,0,OPERATIONAL,,,,Srikakulam,Andhra Pradesh,India
google_maps,Tanishq+Jewellery+-+Srikakulam,Tanishq Jewellery - Srikakulam,Jewellery,Retail,"Jewelry store · Dr, Palakonda Rd, nearby Allen Solly Clothing Store",,,4.9,0,OPERATIONAL,,,,Srikakulam,Andhra Pradesh,India
google_maps,Joyalukkas+Jewellery+Srikakulam,Joyalukkas Jewellery Srikakulam,Jewellery,Retail,"Jewelry store · Ground to Third Floor, Door No. 8, 4-62, Grand Trunk Road",,,4.9,0,OPERATIONAL,,,,Srikakulam,Andhra Pradesh,India
google_maps,GNV+Jewellers,GNV Jewellers,Jewellery,Retail,"Srikakulam, Andhra Pradesh",,,4.9,0,OPERATIONAL,,,,Srikakulam,Andhra Pradesh,India
google_maps,CMR+Jewellery,CMR Jewellery,Jewellery,Retail,"Srikakulam, Andhra Pradesh",,,5.0,0,OPERATIONAL,,,,Srikakulam,Andhra Pradesh,India
google_maps,Goyaz+Silver+Jewellery-+Srikakulam,Goyaz Silver Jewellery- Srikakulam,Jewellery,Retail,Goyaz Silver Jewellery- Srikakulam,,,4.9,0,OPERATIONAL,,,,Srikakulam,Andhra Pradesh,India
google_maps,GN+Jewellers,GN Jewellers,Jewellery,Retail,"Srikakulam, Andhra Pradesh",,,4.9,0,OPERATIONAL,,,,Srikakulam,Andhra Pradesh,India
google_maps,"Kameswari+Gold+%28+A+Unit+Of+Kameswari+Jewellers,+Visakhapatnam%29","Kameswari Gold ( A Unit Of Kameswari Jewellers, Visakhapatnam)",Jewellery,Retail,"Jewelry store · 5-1-92, Palakonda Rd, near Lodge Kinnera",,,5.0,0,OPERATIONAL,,,,Srikakulam,Andhra Pradesh,India
google_maps,GNV+Jewellers+3rd+Branch,GNV Jewellers 3rd Branch,Jewellery,Retail,"Srikakulam, Andhra Pradesh",,,4.9,0,OPERATIONAL,,,,Srikakulam,Andhra Pradesh,India
google_maps,Hasini%27s+One+Gram+Gold+and+Fancy+Store,Hasini's One Gram Gold and Fancy Store,Jewellery,Retail,"Srikakulam, Andhra Pradesh",,,4.9,0,OPERATIONAL,,,,Srikakulam,Andhra Pradesh,India
google_maps,SS+JEWELLERY+MART,SS JEWELLERY MART,Jewellery,Retail,"Srikakulam, Andhra Pradesh",,,4.8,0,OPERATIONAL,,,,Srikakulam,Andhra Pradesh,India
google_maps,Lalithaa+Jewellery+Mart+Limited,Lalithaa Jewellery Mart Limited,Jewellery,Retail,"Srikakulam, Andhra Pradesh",,,4.6,0,OPERATIONAL,,,,Srikakulam,Andhra Pradesh,India
google_maps,PMJ+Jewels+Srikakulam,PMJ Jewels Srikakulam,Jewellery,Retail,"Jewelry store · Ground, First and Second floors, at 8-11-1 & 8-4-60, G.T. Road, 8-Nehru Road, GT Rd",,,5.0,0,OPERATIONAL,,,,Srikakulam,Andhra Pradesh,India
google_maps,Raja%27s+Sun+Silver+Park,Raja's Sun Silver Park,Jewellery,Retail,"Srikakulam, Andhra Pradesh",,,4.6,0,OPERATIONAL,,,,Srikakulam,Andhra Pradesh,India
google_maps,Sree+silver+%26+jewellers,Sree silver & jewellers,Jewellery,Retail,"Srikakulam, Andhra Pradesh",,,4.8,0,OPERATIONAL,,,,Srikakulam,Andhra Pradesh,India
google_maps,RSM+SILVER+MALL,RSM SILVER MALL,Jewellery,Retail,"Srikakulam, Andhra Pradesh",,,4.8,0,OPERATIONAL,,,,Srikakulam,Andhra Pradesh,India
google_maps,Naidu+jewellery,Naidu jewellery,Jewellery,Retail,"Jewelry store ·  · Champagalli Street, GT Rd, near Seven Road Junction",,,4.4,119,OPERATIONAL,,,,Srikakulam,Andhra Pradesh,India
google_maps,Aclectiq,Aclectiq,Jewellery,Retail,"Srikakulam, Andhra Pradesh",,,4.7,45,OPERATIONAL,,,,Srikakulam,Andhra Pradesh,India
google_maps,Kameswari+Jewellers,Kameswari Jewellers,Jewellery,Retail,"Jewelry store ·  · Kollavari Street, Seven Rd Jct",,,4.1,104,OPERATIONAL,,,,Srikakulam,Andhra Pradesh,India
google_maps,Sri+Satya+Gold,Sri Satya Gold,Jewellery,Retail,"Jewelry store · Near 7 Road Junction, 2 Town Back Side, Petromax St",,,4.0,223,OPERATIONAL,,,,Srikakulam,Andhra Pradesh,India
google_maps,Raja+Jewellers,Raja Jewellers,Jewellery,Retail,"Srikakulam, Andhra Pradesh",,,4.9,63,OPERATIONAL,,,,Srikakulam,Andhra Pradesh,India
google_maps,SHREE+RIYAS+1+GRAM+GOLD,SHREE RIYAS 1 GRAM GOLD,Jewellery,Retail,"Jewelry store · Shop no: 8-5-26/1, Petromax Street, Seven Rd Jct",,,4.5,19,OPERATIONAL,,,,Srikakulam,Andhra Pradesh,India
google_maps,SHREE+SONAL+1+GRAM+JEWELLERY+WORLD,SHREE SONAL 1 GRAM JEWELLERY WORLD,Jewellery,Retail,"Srikakulam, Andhra Pradesh",,,4.7,3,OPERATIONAL,,,,Srikakulam,Andhra Pradesh,India
google_maps,Sri+Surya+Collections,Sri Surya Collections,Jewellery,Retail,"Srikakulam, Andhra Pradesh",,,5.0,52,OPERATIONAL,,,,Srikakulam,Andhra Pradesh,India
google_maps,SriKausikiJewellers%28SKJ%29,SriKausikiJewellers(SKJ),Jewellery,Retail,"Jewelry store · Address: GT road, Seven Rd Jct, beside Bata showroom",,,4.9,10,OPERATIONAL,,,,Srikakulam,Andhra Pradesh,India
google_maps,Day+and+night+junction,Day and night junction,Jewellery,Retail,"Srikakulam, Andhra Pradesh",,,4.8,23,OPERATIONAL,,,,Srikakulam,Andhra Pradesh,India
google_maps,Keerthana+Jewellery,Keerthana Jewellery,Jewellery,Retail,"Jewelry store · Kolavari Street, Seven Rd Jct",,,4.7,6,OPERATIONAL,,,,Srikakulam,Andhra Pradesh,India
google_maps,Ananda+sai+Jewellers,Ananda sai Jewellers,Jewellery,Retail,"Srikakulam, Andhra Pradesh",,,4.2,10,OPERATIONAL,,,,Srikakulam,Andhra Pradesh,India
google_maps,SB+Jewellers,SB Jewellers,Jewellery,Retail,Jewelry store · Main road,,,5.0,12,OPERATIONAL,,,,Srikakulam,Andhra Pradesh,India
google_maps,Sri+Swarna+Jewellery,Sri Swarna Jewellery,Jewellery,Retail,"Jewelry store · G.T Road, near 7 Roads Junction",,,5.0,1,OPERATIONAL,,,,Srikakulam,Andhra Pradesh,India
google_maps,Balaji+Jewellery+Mart,Balaji Jewellery Mart,Jewellery,Retail,"Jewelry store · Shop No:5, Seven Road Junction, Near, Petromax St",,,,0,OPERATIONAL,,,,Srikakulam,Andhra Pradesh,India
google_maps,Krishna+Gold,Krishna Gold,Jewellery,Retail,"Jewelry store · Seven Road Junction, Near, Petromax St",,,4.8,4,OPERATIONAL,,,,Srikakulam,Andhra Pradesh,India
google_maps,Purna+Gold+shop,Purna Gold shop,Jewellery,Retail,"Jewelry store · Kolavari Street, Seven Rd Jct",,,5.0,4,OPERATIONAL,,,,Srikakulam,Andhra Pradesh,India
google_maps,R+S+jewellery,R S jewellery,Jewellery,Retail,"Srikakulam, Andhra Pradesh",,,5.0,1,OPERATIONAL,,,,Srikakulam,Andhra Pradesh,India
google_maps,A+N+R+gold+shop,A N R gold shop,Jewellery,Retail,"Srikakulam, Andhra Pradesh",,,5.0,2,OPERATIONAL,,,,Srikakulam,Andhra Pradesh,India
google_maps,Sowbhagya+bangles+and+fancy,Sowbhagya bangles and fancy,Jewellery,Retail,"Bangle Shop · Nehru road, Chowk Bazar Rd",,,5.0,9,OPERATIONAL,,,,Srikakulam,Andhra Pradesh,India
google_maps,Sainadh+Gold,Sainadh Gold,Jewellery,Retail,"Jewelry store · GT Rd, Near 7 Roads Junction",,,4.1,8,OPERATIONAL,,,,Srikakulam,Andhra Pradesh,India
google_maps,Lalithaa+Jewellery,Lalithaa Jewellery,Jewellery,Retail,"Jewelry store · Ward, D, Northern Row Chowk Gorlavari Street, 8, 12-8",089422 27799,,4.3,3,OPERATIONAL,,,,Srikakulam,Andhra Pradesh,India
google_maps,M.S.R.+Jewellers,M.S.R. Jewellers,Jewellery,Retail,"Jewelry store · near, Kollavaari street, Seven Rd Jct",,,4.7,7,OPERATIONAL,,,,Srikakulam,Andhra Pradesh,India
google_maps,South+India+Shopping+Mall+-Srikakulam,South India Shopping Mall -Srikakulam,Jewellery,Retail,South India Shopping Mall -Srikakulam,,,4.6,2854,OPERATIONAL,,,,Srikakulam,Andhra Pradesh,India
google_maps,Mahila+Gold+Covering+Showroom,Mahila Gold Covering Showroom,Jewellery,Retail,"Goldsmith · Palakonda Rd, near Krishna Park",,,2.0,2,OPERATIONAL,,,,Srikakulam,Andhra Pradesh,India
google_maps,Naidu+gold,Naidu gold,Jewellery,Retail,"Jewelry store · Srikakulam, Seven road junction, GT Rd",,,,0,OPERATIONAL,,,,Srikakulam,Andhra Pradesh,India
google_maps,Sri+Durga+Silver+Palace,Sri Durga Silver Palace,Jewellery,Retail,"Jeweler · Door No. 8-10-26, G.T. Road, 7 Roads Junction, Near Venas Hotel",,,4.4,16,OPERATIONAL,,,,Srikakulam,Andhra Pradesh,India
google_maps,BRANDS+4u+srikakulam,BRANDS 4u srikakulam,Jewellery,Retail,Clothing store · opposite Diamond park,,,4.9,16,OPERATIONAL,,,,Srikakulam,Andhra Pradesh,India
google_maps,Jkr+Jewellers,Jkr Jewellers,Jewellery,Retail,"Jewelry store · Kollavari Street, Seven Rd Jct",,,5.0,1,OPERATIONAL,,,,Srikakulam,Andhra Pradesh,India
google_maps,Sri+Balaji+Electronics,Sri Balaji Electronics,Jewellery,Retail,"Wholesale market · 6-1-31, Plot No-S6, Palakonda Rd, opp. to kisna diamond & gold jewellery, near Gandhi Park",,,4.6,157,OPERATIONAL,,,,Srikakulam,Andhra Pradesh,India
google_maps,Vadhuvu+onegramgold,Vadhuvu onegramgold,Jewellery,Retail,"Srikakulam, Andhra Pradesh",,,5.0,1,OPERATIONAL,,,,Srikakulam,Andhra Pradesh,India
google_maps,Sri+kanchi+kamakshi+gold+works,Sri kanchi kamakshi gold works,Jewellery,Retail,"Goldsmith · BENEATH LAXMI SILKS , CHAMPAGALLI STREET, GT ROAD, KOLLAVARI STREET, opp. VENUS HOTEL LINE",,,5.0,2,OPERATIONAL,,,,Srikakulam,Andhra Pradesh,India
google_maps,Diamond+park,Diamond park,Jewellery,Retail,"Srikakulam, Andhra Pradesh",,,4.0,1993,OPERATIONAL,,,,Srikakulam,Andhra Pradesh,India
google_maps,Augmont+Gold+%7C+Gold+For+All,Augmont Gold | Gold For All,Jewellery,Retail,"Srikakulam, Andhra Pradesh",,,,0,OPERATIONAL,,,,Srikakulam,Andhra Pradesh,India
google_maps,Maturu+Pydichetty+Jewellers,Maturu Pydichetty Jewellers,Jewellery,Retail,"Srikakulam, Andhra Pradesh",,,5.0,4,OPERATIONAL,,,,Srikakulam,Andhra Pradesh,India
google_maps,PGR+Jewellers,PGR Jewellers,Jewellery,Retail,"Srikakulam, Andhra Pradesh",,,5.0,3,OPERATIONAL,,,,Srikakulam,Andhra Pradesh,India
google_maps,SKM+Gold+Works,SKM Gold Works,Jewellery,Retail,Goldsmith · Champagalli street,,,5.0,1,OPERATIONAL,,,,Srikakulam,Andhra Pradesh,India
google_maps,A1+dry+fruits+%26+spices+Wholesalers,A1 dry fruits & spices Wholesalers,Jewellery,Retail,Dry Fruit Store · Diamond Park Road,,,4.3,25,OPERATIONAL,,,,Srikakulam,Andhra Pradesh,India
google_maps,CMR+Shopping+Mall,CMR Shopping Mall,Jewellery,Retail,"Srikakulam, Andhra Pradesh",,,4.1,1233,OPERATIONAL,,,,Srikakulam,Andhra Pradesh,India
google_maps,Sai+Bapuji+Ladies+World,Sai Bapuji Ladies World,Jewellery,Retail,"Srikakulam, Andhra Pradesh",,,4.2,38,OPERATIONAL,,,,Srikakulam,Andhra Pradesh,India
google_maps,MANI+JEWELLERY,MANI JEWELLERY,Jewellery,Retail,"Srikakulam, Andhra Pradesh",,,3.0,1,OPERATIONAL,,,,Srikakulam,Andhra Pradesh,India
google_maps,satyavarapu+jewellers,satyavarapu jewellers,Jewellery,Retail,"Srikakulam, Andhra Pradesh",,,5.0,3,OPERATIONAL,,,,Srikakulam,Andhra Pradesh,India
google_maps,Padmam+Silver+Jewellery,Padmam Silver Jewellery,Jewellery,Retail,"""Very Very Nice Designs in Padmam silver jewellery in srikakulam.""",,,5.0,9,OPERATIONAL,,,,Srikakulam,Andhra Pradesh,India
google_maps,Sri+Radhakrishna+Delhi+Bazar,Sri Radhakrishna Delhi Bazar,Jewellery,Retail,"Srikakulam, Andhra Pradesh",,,5.0,1,OPERATIONAL,,,,Srikakulam,Andhra Pradesh,India
google_maps,Sai+Sunitha+Jewellers,Sai Sunitha Jewellers,Jewellery,Retail,"Jewelry store · Kolavari Street, Seven Rd Jct",,,5.0,2,OPERATIONAL,,,,Srikakulam,Andhra Pradesh,India
google_maps,Tara+Gold,Tara Gold,Jewellery,Retail,"Srikakulam, Andhra Pradesh",,,2.0,1,OPERATIONAL,,,,Srikakulam,Andhra Pradesh,India
google_maps,"Ramraj+Cotton+-+Ranasthali,+Srikakulam","Ramraj Cotton - Ranasthali, Srikakulam",Jewellery,Retail,"Ramraj Cotton - Ranasthali, Srikakulam",,,4.7,1151,OPERATIONAL,,,,Srikakulam,Andhra Pradesh,India
google_maps,SS+NAIDU+JEWELLERS,SS NAIDU JEWELLERS,Jewellery,Retail,"Srikakulam, Andhra Pradesh",,,,0,OPERATIONAL,,,,Srikakulam,Andhra Pradesh,India
google_maps,Sri+Lakshmi+Ganapathi+Ladies+Corner,Sri Lakshmi Ganapathi Ladies Corner,Jewellery,Retail,"Clothing Accessories Store · Chinna Bazar Street, GT Rd, near Nehru Road",,,4.2,6,OPERATIONAL,,,,Srikakulam,Andhra Pradesh,India
google_maps,Women+World+Beauty+Parlour%26+Boutique,Women World Beauty Parlour& Boutique,Jewellery,Retail,"Beauty Parlour ·  · First Floor, Mettu, opposite Bharati I.T.I Private Ltd",,,4.9,169,OPERATIONAL,,,,Srikakulam,Andhra Pradesh,India
google_maps,Sai+Ganesh+Jewellers,Sai Ganesh Jewellers,Jewellery,Retail,"Srikakulam, Andhra Pradesh",,,3.0,4,OPERATIONAL,,,,Srikakulam,Andhra Pradesh,India
google_maps,Vanalaxmi+Bangles,Vanalaxmi Bangles,Jewellery,Retail,"Srikakulam, Andhra Pradesh",,,5.0,6,OPERATIONAL,,,,Srikakulam,Andhra Pradesh,India
google_maps,VNB+Jewellers,VNB Jewellers,Jewellery,Retail,"Jewelry store · Near, Petromax Veedhi, Seven Rd Jct",,,5.0,5,OPERATIONAL,,,,Srikakulam,Andhra Pradesh,India
google_maps,JAFOR+GOLD+POLISH+CENTRE,JAFOR GOLD POLISH CENTRE,Jewellery,Retail,"Goldsmith · Government Degree College Road, 4-6, Palakonda Rd",,,5.0,1,OPERATIONAL,,,,Srikakulam,Andhra Pradesh,India
google_maps,SWAMY+JEWELLERS+SRIKAKULAM,SWAMY JEWELLERS SRIKAKULAM,Jewellery,Retail,"Jewelry store · Petromax St, opposite Bag House",,,5.0,1,OPERATIONAL,,,,Srikakulam,Andhra Pradesh,India
google_maps,SIRAJUL+HAQUE+%28Gold+catting+design+centre%29,SIRAJUL HAQUE (Gold catting design centre),Jewellery,Retail,"Jewelry designer · Government Degree College Road, 4-6, Palakonda Rd",,,5.0,1,OPERATIONAL,,,,Srikakulam,Andhra Pradesh,India
google_maps,Kameswari+Kanti+Jewellery,Kameswari Kanti Jewellery,Jewellery,Retail,"Jewelry store · Kolla Street, near Seven Road Junction",,,5.0,2,OPERATIONAL,,,,Srikakulam,Andhra Pradesh,India
google_maps,ss+jewellers,ss jewellers,Jewellery,Retail,"Jeweler · D, NO.8-4-39, GT Rd, near Venus hotel",,,4.5,85,OPERATIONAL,,,,Srikakulam,Andhra Pradesh,India
google_maps,Angel+Beauty+cosmetics,Angel Beauty cosmetics,Jewellery,Retail,"Srikakulam, Andhra Pradesh",,,4.8,179,OPERATIONAL,,,,Srikakulam,Andhra Pradesh,India
google_maps,RN+1Gram+gold+fancy+jewellery,RN 1Gram gold fancy jewellery,Jewellery,Retail,"Jewelry store · Adityanagar colony, 7th line",,,5.0,2,OPERATIONAL,,,,Srikakulam,Andhra Pradesh,India
google_maps,MN+Jewellers,MN Jewellers,Jewellery,Retail,"Srikakulam, Andhra Pradesh",,,5.0,9,OPERATIONAL,,,,Srikakulam,Andhra Pradesh,India
google_maps,Laxmi+Novelty,Laxmi Novelty,Jewellery,Retail,"Clothing Accessories Store · 11-9/2-15/A, Street, near Old Bus Stand Road",,,4.1,31,OPERATIONAL,,,,Srikakulam,Andhra Pradesh,India
google_maps,Ranjit+Collections,Ranjit Collections,Jewellery,Retail,"Gift shop ·  · Nehru Rd, Opp. Super Hotel O by OYO Seven Road Junction Formerly Nataraj Lodge",,,4.4,131,OPERATIONAL,,,,Srikakulam,Andhra Pradesh,India
google_maps,Sri+Kamakshi+Ladies+World,Sri Kamakshi Ladies World,Jewellery,Retail,"Srikakulam, Andhra Pradesh",,,,0,OPERATIONAL,,,,Srikakulam,Andhra Pradesh,India
google_maps,Shubham+Silver+Palace+%26+Jewellery+-+Rajam,Shubham Silver Palace & Jewellery - Rajam,Jewellery,Retail,"Jewelry store · Srikakulam Road, opp. Gorentla Nursing Home, beside Dr. Hanumanthu Rao Hospital",,,4.9,34,OPERATIONAL,,,,Srikakulam,Andhra Pradesh,India
google_maps,Charita+Bangles+store,Charita Bangles store,Jewellery,Retail,"Srikakulam, Andhra Pradesh",,,4.8,12,OPERATIONAL,,,,Srikakulam,Andhra Pradesh,India
google_maps,Sri+Bhavani+Jewellers,Sri Bhavani Jewellers,Jewellery,Retail,"Jewelry store · Opp. Rama Mandar Main Road, Amadalavalasa",,,5.0,10,OPERATIONAL,,,,Srikakulam,Andhra Pradesh,India
google_maps,Baker%27s+Pride,Baker's Pride,Jewellery,Retail,"Srikakulam, Andhra Pradesh",,,4.3,530,OPERATIONAL,,,,Srikakulam,Andhra Pradesh,India
google_maps,GNV+JEWELLERS,GNV JEWELLERS,Jewellery,Retail,"Jewelry store · BRANCH OFFICE: SY no. 219/20, PMR complex, KT Rd (Kasibugga-Tharlakota Road)",,,4.9,3342,OPERATIONAL,,,,Srikakulam,Andhra Pradesh,India
google_maps,Sri+vijaya+venkateswara+jewellery,Sri vijaya venkateswara jewellery,Jewellery,Retail,"Jewelry store · MAIN ROAD, beside LAKSHMI NAGAR II ARCH",,,5.0,11,OPERATIONAL,,,,Srikakulam,Andhra Pradesh,India
google_maps,sree+kalyani+jewellers,sree kalyani jewellers,Jewellery,Retail,"Jewelry store · Opp:, Rama Mandir, Main Road",,,5.0,1,OPERATIONAL,,,,Srikakulam,Andhra Pradesh,India
google_maps,TATTOOWALA+INN+%7C-+Best+Tattoo+Studio+in+Srikakulam,TATTOOWALA INN |- Best Tattoo Studio in Srikakulam,Jewellery,Retail,"Tattoo shop · 1st floor, Road, near Veeranna shed, beside LG showroom",,,5.0,167,OPERATIONAL,,,,Srikakulam,Andhra Pradesh,India
google_maps,Taara+aesthetics+a+luxury+beauty+%26+unisex+salon,Taara aesthetics a luxury beauty & unisex salon,Jewellery,Retail,"Beauty Parlour · first shop first floor, taara aesthetics, GT Rd, near goyaz silver jewellery",,,,0,OPERATIONAL,,,,Srikakulam,Andhra Pradesh,India
google_maps,Aditya+Jewellers,Aditya Jewellers,Jewellery,Retail,Jewelry store · Main Road,,,5.0,4,OPERATIONAL,,,,Srikakulam,Andhra Pradesh,India
google_maps,Sri+Lalitha+1+gram+jewellery,Sri Lalitha 1 gram jewellery,Jewellery,Retail,"Jewelry store · floor D, no 8-9-3, Ground and first, Karra St, near GT Road, behind gn jewellery",,,5.0,7,OPERATIONAL,,,,Srikakulam,Andhra Pradesh,India
google_maps,Trade+Mark+One+Gram+Gold+Jewellery+Shop,Trade Mark One Gram Gold Jewellery Shop,Jewellery,Retail,"Jewelry store · SR shopping malls, K T Road, dist, opposite Bank of Baroda, near Lucky",,,5.0,64,OPERATIONAL,,,,Srikakulam,Andhra Pradesh,India
google_maps,Sri+Satyanarayana+Jewellery+shop+%28V.S%29,Sri Satyanarayana Jewellery shop (V.S),Jewellery,Retail,"Srikakulam, Andhra Pradesh",,,4.4,50,OPERATIONAL,,,,Srikakulam,Andhra Pradesh,India
google_maps,SAI+SWARN+PALACE,SAI SWARN PALACE,Jewellery,Retail,"Srikakulam, Andhra Pradesh",,,4.1,85,OPERATIONAL,,,,Srikakulam,Andhra Pradesh,India
google_maps,Subham+Silver,Subham Silver,Jewellery,Retail,"Store · 7 roads, GT Rd",,,4.6,10,OPERATIONAL,,,,Srikakulam,Andhra Pradesh,India
google_maps,Kalyanam+card%27s,Kalyanam card's,Jewellery,Retail,"Srikakulam, Andhra Pradesh",,,4.9,31,OPERATIONAL,,,,Srikakulam,Andhra Pradesh,India
google_maps,SREE+KALKI+METAL+MART,SREE KALKI METAL MART,Jewellery,Retail,"Srikakulam, Andhra Pradesh",,,4.9,23,OPERATIONAL,,,,Srikakulam,Andhra Pradesh,India
google_maps,Rakhsaa+gold+PVT+LTD,Rakhsaa gold PVT LTD,Jewellery,Retail,"Srikakulam, Andhra Pradesh",,,5.0,14,OPERATIONAL,,,,Srikakulam,Andhra Pradesh,India
google_maps,RSM+SHOPPING+MALL,RSM SHOPPING MALL,Jewellery,Retail,"Srikakulam, Andhra Pradesh",,,4.7,250,OPERATIONAL,,,,Srikakulam,Andhra Pradesh,India
google_maps,Manappuram+Finance+Limited+%E2%80%93+Gold+Loan,Manappuram Finance Limited – Gold Loan,Jewellery,Retail,"Financial institution ·  · No. 163/4, GT Rd, near Sri Lakshmi Hotel",,,4.9,86,OPERATIONAL,,,,Srikakulam,Andhra Pradesh,India
google_maps,OLD+MARKET,OLD MARKET,Jewellery,Retail,"Srikakulam, Andhra Pradesh",,,4.0,1105,OPERATIONAL,,,,Srikakulam,Andhra Pradesh,India
google_maps,HDB+FINANCIAL+SERVICES+LTD,HDB FINANCIAL SERVICES LTD,Jewellery,Retail,"Srikakulam, Andhra Pradesh",,,4.9,173,OPERATIONAL,,,,Srikakulam,Andhra Pradesh,India
google_maps,Fedbank+Financial+Services+Ltd,Fedbank Financial Services Ltd,Jewellery,Retail,"Loan agency ·  · No. 8-5-26/1, Petromax St, near Krishna Gold",,,4.8,65,OPERATIONAL,,,,Srikakulam,Andhra Pradesh,India
google_maps,Muthoot+Money+Gold+Loan,Muthoot Money Gold Loan,Jewellery,Retail,"Loan agency · No. 15-5-55/A, Arasavalli Rd, opposite Sunrise Restaurant",,,5.0,11,OPERATIONAL,,,,Srikakulam,Andhra Pradesh,India
google_maps,Muthoot+Finance+Gold+Loan,Muthoot Finance Gold Loan,Jewellery,Retail,"Srikakulam, Andhra Pradesh",,,4.9,249,OPERATIONAL,,,,Srikakulam,Andhra Pradesh,India
google_maps,Prakash+Babu+Books+Stall,Prakash Babu Books Stall,Jewellery,Retail,"Srikakulam, Andhra Pradesh",,,4.0,3563,OPERATIONAL,,,,Srikakulam,Andhra Pradesh,India
google_maps,Muthoot+FinCorp+Gold+Loan,Muthoot FinCorp Gold Loan,Jewellery,Retail,"Loan agency ·  · 1st Floor, No. 8, Palakonda Rd, near Domino's Pizza",,,4.9,904,OPERATIONAL,,,,Srikakulam,Andhra Pradesh,India
google_maps,Sri+Kanakadurga+T.K.R.Gold+%28+Gold+%26+Silver+Bussiness+%29,Sri Kanakadurga T.K.R.Gold ( Gold & Silver Bussiness ),Jewellery,Retail,"Srikakulam, Andhra Pradesh",,,,0,OPERATIONAL,,,,Srikakulam,Andhra Pradesh,India
google_maps,Vasundhara+Bangles,Vasundhara Bangles,Jewellery,Retail,"Clothing Accessories Store · Chinna Bazar Street, GT Road, Near, Nehru Rd",,,4.1,22,OPERATIONAL,,,,Srikakulam,Andhra Pradesh,India
google_maps,Naari+Collections,Naari Collections,Jewellery,Retail,"Srikakulam, Andhra Pradesh",,,4.9,56,OPERATIONAL,,,,Srikakulam,Andhra Pradesh,India
google_maps,Venus+Watch+Co.,Venus Watch Co.,Jewellery,Retail,"Watch store · Nehru Road, GT Rd, near Chinna Bazar Street",,,3.9,41,OPERATIONAL,,,,Srikakulam,Andhra Pradesh,India
google_maps,Sowndarya+Jewellers,Sowndarya Jewellers,Jewellery,Retail,"Jewelry store · Petromax Street, Near 7 Road Junction",,,5.0,1,OPERATIONAL,,,,Srikakulam,Andhra Pradesh,India
google_maps,Sri+Krishna+1grm+Gold,Sri Krishna 1grm Gold,Jewellery,Retail,"Srikakulam, Andhra Pradesh",,,,0,OPERATIONAL,,,,Srikakulam,Andhra Pradesh,India
google_maps,Patnaala+Jewellers,Patnaala Jewellers,Jewellery,Retail,"Jewelry store · G.T. Corner, Corner, Petromax St, near Seven Road Junction",,,,0,OPERATIONAL,,,,Srikakulam,Andhra Pradesh,India
google_maps,Mahadev+Collections,Mahadev Collections,Jewellery,Retail,"Gift shop · 10-5-55, near Masjid",,,4.1,12,OPERATIONAL,,,,Srikakulam,Andhra Pradesh,India
google_maps,RK+Store,RK Store,Jewellery,Retail,"Srikakulam, Andhra Pradesh",,,3.7,241,OPERATIONAL,,,,Srikakulam,Andhra Pradesh,India
google_maps,Harika+Bangles,Harika Bangles,Jewellery,Retail,"Gift shop · Opp:, SBH Main Road",,,3.6,7,OPERATIONAL,,,,Srikakulam,Andhra Pradesh,India
google_maps,KALANIKETHAN,KALANIKETHAN,Jewellery,Retail,"Srikakulam, Andhra Pradesh",,,4.0,349,OPERATIONAL,,,,Srikakulam,Andhra Pradesh,India
google_maps,Divine+Tailors+cloth+Showroom,Divine Tailors cloth Showroom,Jewellery,Retail,"Srikakulam, Andhra Pradesh",,,4.1,68,OPERATIONAL,,,,Srikakulam,Andhra Pradesh,India
google_maps,Sri+Ashapura+Jewellers,Sri Ashapura Jewellers,Jewellery,Retail,"Jewelry store · D.No:8-4-21, Amma Complex, Near 7 Road Junction, G.T. Road",,,5.0,1,OPERATIONAL,,,,Srikakulam,Andhra Pradesh,India
google_maps,Swathi+Collections,Swathi Collections,Jewellery,Retail,"Srikakulam, Andhra Pradesh",,,,0,OPERATIONAL,,,,Srikakulam,Andhra Pradesh,India
google_maps,Sri+Kanakamahalakshmi+Silver+House,Sri Kanakamahalakshmi Silver House,Jewellery,Retail,"Srikakulam, Andhra Pradesh",,,5.0,2,OPERATIONAL,,,,Srikakulam,Andhra Pradesh,India
google_maps,Amaravathi+Novelty+Fancy+Cosmetic+Imitation+Jewellery+General+Goods,Amaravathi Novelty Fancy Cosmetic Imitation Jewellery General Goods,Jewellery,Retail,"Srikakulam, Andhra Pradesh",,,,0,OPERATIONAL,,,,Srikakulam,Andhra Pradesh,India
google_maps,VR+Bangles,VR Bangles,Jewellery,Retail,"Srikakulam, Andhra Pradesh",,,3.9,7,OPERATIONAL,,,,Srikakulam,Andhra Pradesh,India
google_maps,fashion+vibes,fashion vibes,Jewellery,Retail,"Srikakulam, Andhra Pradesh",,,,0,OPERATIONAL,,,,Srikakulam,Andhra Pradesh,India
google_maps,VANDANA+SHOPPING+MALL,VANDANA SHOPPING MALL,Jewellery,Retail,"Clothing store · GT Rd, opposite Vaibhav Jewellers, near Vijetha Hotel",,,4.8,103,OPERATIONAL,,,,Srikakulam,Andhra Pradesh,India
google_maps,Sree+thread+jewellery,Sree thread jewellery,Jewellery,Retail,"Srikakulam, Andhra Pradesh",,,4.5,2,OPERATIONAL,,,,Srikakulam,Andhra Pradesh,India
google_maps,Usha+ladies+corner,Usha ladies corner,Jewellery,Retail,"Srikakulam, Andhra Pradesh",,,,0,OPERATIONAL,,,,Srikakulam,Andhra Pradesh,India
google_maps,Lahari+Beauty+Parlour+%26+Sri+Lakshmi+Ganpati+bangle+store,Lahari Beauty Parlour & Sri Lakshmi Ganpati bangle store,Jewellery,Retail,"Beauty Parlour · Balaga Junction, Rimes Road",,,4.3,6,OPERATIONAL,,,,Srikakulam,Andhra Pradesh,India
google_maps,Sri+Sivani+Cz+Items,Sri Sivani Cz Items,Jewellery,Retail,"Srikakulam, Andhra Pradesh",,,,0,OPERATIONAL,,,,Srikakulam,Andhra Pradesh,India
google_maps,Yuvathi,Yuvathi,Jewellery,Retail,"Srikakulam, Andhra Pradesh",,,3.6,43,OPERATIONAL,,,,Srikakulam,Andhra Pradesh,India
google_maps,"Zudio+-+Kinnera+Complex,+Srikakulam","Zudio - Kinnera Complex, Srikakulam",Jewellery,Retail,"Zudio - Kinnera Complex, Srikakulam",,,4.1,348,OPERATIONAL,,,,Srikakulam,Andhra Pradesh,India
google_maps,Sai+Lakshmi+Bangles+Fancy,Sai Lakshmi Bangles Fancy,Jewellery,Retail,"Clothing Accessories Store · 7WV2+VCH, Near B.S.N.L. Office, Women's College Road",,,4.3,3,OPERATIONAL,,,,Srikakulam,Andhra Pradesh,India
google_maps,Sai+Bapuji+Ladies+Corner,Sai Bapuji Ladies Corner,Jewellery,Retail,"Srikakulam, Andhra Pradesh",,,4.2,5,OPERATIONAL,,,,Srikakulam,Andhra Pradesh,India
google_maps,Perla+Krishna+Rao+%26+Sons,Perla Krishna Rao & Sons,Jewellery,Retail,"Jewelry store · Kolavari Street, Seven Rd Jct",,,4.0,6,OPERATIONAL,,,,Srikakulam,Andhra Pradesh,India
google_maps,The+Raymond+shop,The Raymond shop,Jewellery,Retail,"Clothing Accessories Store ·  · Ground & 1st Floor, GT Rd, opposite GNV Jewellers",,,4.6,293,OPERATIONAL,,,,Srikakulam,Andhra Pradesh,India
google_maps,Mahalaxmi+Home+Appliances,Mahalaxmi Home Appliances,Jewellery,Retail,"Home goods store · Opp: Rajadhani Sweets, 8-1-18, 7 Road Junction, Palakonda Rd, near khazana jewellery",,,3.7,11,OPERATIONAL,,,,Srikakulam,Andhra Pradesh,India
google_maps,FEEL+for+women,FEEL for women,Jewellery,Retail,"Srikakulam, Andhra Pradesh",,,4.5,14,OPERATIONAL,,,,Srikakulam,Andhra Pradesh,India
google_maps,"RACE+ACADEMY+%28+SAINIK,+NAVODAYA,RMS,RIMC+%29+COACHING+CENTRE","RACE ACADEMY ( SAINIK, NAVODAYA,RMS,RIMC ) COACHING CENTRE",Jewellery,Retail,"Coaching Center · RACE ACADEMY, GN Jewellery, near Prakash Babu Book Shop",,,5.0,1,OPERATIONAL,,,,Srikakulam,Andhra Pradesh,India
google_maps,Annapurna+Silver+Jewellery+Shop,Annapurna Silver Jewellery Shop,Jewellery,Retail,"Silversmith · C27W+434, Bazar Street",,,3.6,15,OPERATIONAL,,,,Srikakulam,Andhra Pradesh,India
google_maps,sunrise+jewellery,sunrise jewellery,Jewellery,Retail,"Jewelry store · bazaar street, Santhamani Temple Rd",,,4.9,210,OPERATIONAL,,,,Srikakulam,Andhra Pradesh,India
google_maps,SRI+SATYADEVA+JEWELLERS.+BRANCH+OFFICE,SRI SATYADEVA JEWELLERS. BRANCH OFFICE,Jewellery,Retail,"Jewelry store ·  · Main road, opposite Rajeswari Theater",,,4.2,69,OPERATIONAL,,,,Srikakulam,Andhra Pradesh,India
google_maps,SURYA+HALLMARK+JEWELLERS,SURYA HALLMARK JEWELLERS,Jewellery,Retail,"Srikakulam, Andhra Pradesh",,,5.0,1,OPERATIONAL,,,,Srikakulam,Andhra Pradesh,India
google_maps,Mahalakshmi+Hallmark,Mahalakshmi Hallmark,Jewellery,Retail,"Srikakulam, Andhra Pradesh",,,4.3,49,OPERATIONAL,,,,Srikakulam,Andhra Pradesh,India
google_maps,Blossom+Events,Blossom Events,Jewellery,Retail,"Srikakulam, Andhra Pradesh",,,4.7,63,OPERATIONAL,,,,Srikakulam,Andhra Pradesh,India
google_maps,Surya+Mahal+Junction,Surya Mahal Junction,Jewellery,Retail,"""This place has many shops near by mear is very useful for customers .""",,,4.2,102,OPERATIONAL,,,,Srikakulam,Andhra Pradesh,India
google_maps,Max,Max,Jewellery,Retail,"Srikakulam, Andhra Pradesh",,,3.9,567,OPERATIONAL,,,,Srikakulam,Andhra Pradesh,India
google_maps,IIFL+Gold+Loan,IIFL Gold Loan,Jewellery,Retail,"Loan agency · Ground Floor, Palakonda Rd, near Krishna Park",,,4.9,307,OPERATIONAL,,,,Srikakulam,Andhra Pradesh,India
google_maps,day+and+night+junction+opp;+Income+tax+office,day and night junction opp; Income tax office,Jewellery,Retail,"Historical landmark · day and night junctiuon, L.B, near vijayaganapathi temple",,,4.8,9,OPERATIONAL,,,,Srikakulam,Andhra Pradesh,India
google_maps,"Kushal%27s+Fashion+Jewellery+-+Siripuram,+Visakhapatnam","Kushal's Fashion Jewellery - Siripuram, Visakhapatnam",Jewellery,Retail,"Srikakulam, Andhra Pradesh",,,4.8,1764,OPERATIONAL,,,,Srikakulam,Andhra Pradesh,India
google_maps,Violet+%26+Purple,Violet & Purple,Jewellery,Retail,"Srikakulam, Andhra Pradesh",,,4.9,10620,OPERATIONAL,,,,Srikakulam,Andhra Pradesh,India
google_maps,Vinayaka+gold+and+silver+testing,Vinayaka gold and silver testing,Jewellery,Retail,"Goldsmith · Bazaar street, market street",,,5.0,3,OPERATIONAL,,,,Srikakulam,Andhra Pradesh,India
google_maps,Teki+Anand+Gold+Silver+%26+Tools,Teki Anand Gold Silver & Tools,Jewellery,Retail,"Goldsmith · Kollavari Street, 7 Rood Junction",,,,0,OPERATIONAL,,,,Srikakulam,Andhra Pradesh,India
google_maps,Sri+Siddinadh+Prasanna+Gold+Refinery+Shop,Sri Siddinadh Prasanna Gold Refinery Shop,Jewellery,Retail,"Goldsmith · Chapagalli Street, 7 Road Junction",,,,0,OPERATIONAL,,,,Srikakulam,Andhra Pradesh,India
google_maps,Hotel+Vijetha+Inn,Hotel Vijetha Inn,Jewellery,Retail,"Srikakulam, Andhra Pradesh",089422 27691,,3.4,2501,OPERATIONAL,,,,Srikakulam,Andhra Pradesh,India
google_maps,Kranthi+Naidu+Jewellers,Kranthi Naidu Jewellers,Jewellery,Retail,"Jewelry store · Kollavari Street, Seven Rd Jct",,,5.0,2,OPERATIONAL,,,,Srikakulam,Andhra Pradesh,India
google_maps,Sri+Siva+Sai+Durga+Fancy+Die+Cutting+Works,Sri Siva Sai Durga Fancy Die Cutting Works,Jewellery,Retail,"Jewelry designer · Chapagalli Street, 7 Road Junction",,,5.0,1,OPERATIONAL,,,,Srikakulam,Andhra Pradesh,India
google_maps,GN+Jewellers+-+Palasa,GN Jewellers - Palasa,Jewellery,Retail,"Jewelry store · KT Rd (Kasibugga-Tharlakota Road), opposite Apsara lodge",,,4.9,501,OPERATIONAL,,,,Srikakulam,Andhra Pradesh,India
google_maps,NSN+JEWELLERS,NSN JEWELLERS,Jewellery,Retail,"Srikakulam, Andhra Pradesh",,,4.1,146,OPERATIONAL,,,,Srikakulam,Andhra Pradesh,India
google_maps,GOLD,GOLD,Jewellery,Retail,"Srikakulam, Andhra Pradesh",,,,0,OPERATIONAL,,,,Srikakulam,Andhra Pradesh,India
google_maps,AR+Shopping+Mall+Srikakulam,AR Shopping Mall Srikakulam,Jewellery,Retail,"Clothing store · GT Rd, near GNV Jewellers",,,,0,OPERATIONAL,,,,Srikakulam,Andhra Pradesh,India
google_maps,Newzen+1+Gram+Gold+Shoppe,Newzen 1 Gram Gold Shoppe,Jewellery,Retail,"Costume jewelry shop · 7VWW+4GH, Near Chinna Bazar, Nehru Road, G.T. Road, Chowk Bazar",,,4.3,6,OPERATIONAL,,,,Srikakulam,Andhra Pradesh,India
google_maps,Kameswari+Perla+Vasudeva+Rao+%26+Sons,Kameswari Perla Vasudeva Rao & Sons,Jewellery,Retail,"Jewelry store · Shop 11-11-29, Kolla street, GT Rd",,,,0,OPERATIONAL,,,,Srikakulam,Andhra Pradesh,India
google_maps,"Sri+Sri+Sri+Suryanarayana+Swamy+Vari+Devasthanam,+Arasavilli,+Srikakulam","Sri Sri Sri Suryanarayana Swamy Vari Devasthanam, Arasavilli, Srikakulam",Jewellery,Retail,"Hindu temple ·  · Suryanarayana Temple Area, 15-6-27/A, Temple St, near Arasavalli",,,4.7,16704,OPERATIONAL,,,,Srikakulam,Andhra Pradesh,India
google_maps,Vysyaraju+Jewellers,Vysyaraju Jewellers,Jewellery,Retail,"Jewelry store · Main, Road",,,,0,OPERATIONAL,,,,Srikakulam,Andhra Pradesh,India
google_maps,SRI+LALITHA+DIVYA+JEWELLERY,SRI LALITHA DIVYA JEWELLERY,Jewellery,Retail,"Srikakulam, Andhra Pradesh",,,4.9,30,OPERATIONAL,,,,Srikakulam,Andhra Pradesh,India
google_maps,Sri+Venkateswara+Jewellers,Sri Venkateswara Jewellers,Jewellery,Retail,"Srikakulam, Andhra Pradesh",,,4.1,34,OPERATIONAL,,,,Srikakulam,Andhra Pradesh,India
google_maps,BlueStone+Jewellery+Visakhapatnam,BlueStone Jewellery Visakhapatnam,Jewellery,Retail,"Srikakulam, Andhra Pradesh",,,4.9,1161,OPERATIONAL,,,,Srikakulam,Andhra Pradesh,India
google_maps,"Hira+Panna+Jewellers+%28+Diamond+Roof+,+Gold+and+Diamond+Jewellery,+Boutique+Jewellery+%29","Hira Panna Jewellers ( Diamond Roof , Gold and Diamond Jewellery, Boutique Jewellery )",Jewellery,Retail,"Srikakulam, Andhra Pradesh",,,4.8,643,OPERATIONAL,,,,Srikakulam,Andhra Pradesh,India
google_maps,LADIA+DIAMONDS,LADIA DIAMONDS,Jewellery,Retail,"Srikakulam, Andhra Pradesh",,,5.0,54,OPERATIONAL,,,,Srikakulam,Andhra Pradesh,India
google_maps,Khazana+Jewellery+-+Visakhapatnam+-+Mall+Store,Khazana Jewellery - Visakhapatnam - Mall Store,Jewellery,Retail,"Srikakulam, Andhra Pradesh",,,4.8,25137,OPERATIONAL,,,,Srikakulam,Andhra Pradesh,India
google_maps,VAIBHAV+JEWELLERS+-+Jewellery+Store+In+V+Square+Visakhapatnam,VAIBHAV JEWELLERS - Jewellery Store In V Square Visakhapatnam,Jewellery,Retail,"Srikakulam, Andhra Pradesh",,,4.7,6094,OPERATIONAL,,,,Srikakulam,Andhra Pradesh,India
google_maps,Reliance+Jewels,Reliance Jewels,Jewellery,Retail,"Jewelry store · Door No 48, Sri Nitya Complex, 14/111, Rama Talkies Rd, opposite Karnataka Bank",,,4.4,248,OPERATIONAL,,,,Srikakulam,Andhra Pradesh,India
google_maps,Srinivasa+Chaitanya+Jewellers,Srinivasa Chaitanya Jewellers,Jewellery,Retail,"Jewelry buyer ·  · Ground floor, Satya Surya Complex, 48-19-1/8, opposite to Andhra Bank",,,4.8,145,OPERATIONAL,,,,Srikakulam,Andhra Pradesh,India
google_maps,Lalithaa+Jewellery+Mart+Limited+-+Vizag,Lalithaa Jewellery Mart Limited - Vizag,Jewellery,Retail,"Srikakulam, Andhra Pradesh",,,4.2,7750,OPERATIONAL,,,,Srikakulam,Andhra Pradesh,India
google_maps,Bhagyasri+Ram+Jewellers,Bhagyasri Ram Jewellers,Jewellery,Retail,"Srikakulam, Andhra Pradesh",,,4.5,72,OPERATIONAL,,,,Srikakulam,Andhra Pradesh,India
google_maps,SVADEZI+-+Precious+Stone+and+Silver+Artistry,SVADEZI - Precious Stone and Silver Artistry,Jewellery,Retail,"Srikakulam, Andhra Pradesh",,,5.0,48,OPERATIONAL,,,,Srikakulam,Andhra Pradesh,India
google_maps,Vankayala+Jewellers,Vankayala Jewellers,Jewellery,Retail,"Srikakulam, Andhra Pradesh",,,4.7,21,OPERATIONAL,,,,Srikakulam,Andhra Pradesh,India
google_maps,Ramaa+Jewellers,Ramaa Jewellers,Jewellery,Retail,"Srikakulam, Andhra Pradesh",,,4.7,54,OPERATIONAL,,,,Srikakulam,Andhra Pradesh,India
google_maps,MVS+Jewel+Park,MVS Jewel Park,Jewellery,Retail,"Jewelry store · Suraj Towers, Opp Aseelametta Bus Stop, Rama Talkies Road, Aslimetta",,,4.3,401,OPERATIONAL,,,,Srikakulam,Andhra Pradesh,India
google_maps,Khazana+Jewellery+-+Visakhapatnam+-+Dwarakanagar,Khazana Jewellery - Visakhapatnam - Dwarakanagar,Jewellery,Retail,"Jewelry store ·  · Gupta building, 47-15-5, Railway Station Rd, opposite TSR Complex",,,4.8,7957,OPERATIONAL,,,,Srikakulam,Andhra Pradesh,India
google_maps,Balaji+jewellery+shop,Balaji jewellery shop,Jewellery,Retail,"Srikakulam, Andhra Pradesh",,,5.0,18,OPERATIONAL,,,,Srikakulam,Andhra Pradesh,India
google_maps,Sri+Devi+Light+Weight+Gold+Jewellers,Sri Devi Light Weight Gold Jewellers,Jewellery,Retail,"Jewelry store · Starbucks coffe shop, Dwarka Nagar4th LN, Besides",,,5.0,84,OPERATIONAL,,,,Srikakulam,Andhra Pradesh,India
google_maps,LAKSHMI+DEEPIKA+SILVER+HOUSE,LAKSHMI DEEPIKA SILVER HOUSE,Jewellery,Retail,"Srikakulam, Andhra Pradesh",,,4.8,253,OPERATIONAL,,,,Srikakulam,Andhra Pradesh,India
google_maps,Maa+Jewellery,Maa Jewellery,Jewellery,Retail,"Srikakulam, Andhra Pradesh",,,3.8,52,OPERATIONAL,,,,Srikakulam,Andhra Pradesh,India
google_maps,Bentex+Shoppe+%28+Gold+Plated+Jewellery+%29,Bentex Shoppe ( Gold Plated Jewellery ),Jewellery,Retail,"Jewelry store · Shop No.20A Sri, Satya Surya Complex, 48-19-1/15, Rtc X Road",,,4.8,9,OPERATIONAL,,,,Srikakulam,Andhra Pradesh,India
google_maps,Divya+Diamonds,Divya Diamonds,Jewellery,Retail,"Srikakulam, Andhra Pradesh",,,2.1,9,OPERATIONAL,,,,Srikakulam,Andhra Pradesh,India
google_maps,Karishma+Bentex+Jewelry,Karishma Bentex Jewelry,Jewellery,Retail,"Srikakulam, Andhra Pradesh",,,5.0,2,OPERATIONAL,,,,Srikakulam,Andhra Pradesh,India
google_maps,Akshith+Gold+%26+silver+works,Akshith Gold & silver works,Jewellery,Retail,"Goldsmith · Matham street jn, near market Road",,,,0,OPERATIONAL,,,,Srikakulam,Andhra Pradesh,India
google_maps,Sri+paiditalli+gold+testing+and+work+shop,Sri paiditalli gold testing and work shop,Jewellery,Retail,"Srikakulam, Andhra Pradesh",,,,0,OPERATIONAL,,,,Srikakulam,Andhra Pradesh,India
google_maps,Polaki.Pratap.Achari.Gold.Smith.Gold.Shop,Polaki.Pratap.Achari.Gold.Smith.Gold.Shop,Jewellery,Retail,"Srikakulam, Andhra Pradesh",,,4.0,2,OPERATIONAL,,,,Srikakulam,Andhra Pradesh,India
google_maps,Sai+Laxmi+jewelries,Sai Laxmi jewelries,Jewellery,Retail,"Srikakulam, Andhra Pradesh",,,2.0,1,OPERATIONAL,,,,Srikakulam,Andhra Pradesh,India
google_maps,SSS+jewellers,SSS jewellers,Jewellery,Retail,Wholesale jeweler · latchumannapeta street,,,4.2,29,OPERATIONAL,,,,Srikakulam,Andhra Pradesh,India
google_maps,GN+jewellers+Gudla+Narayana+Rao+Balaji+Bullion+And+Jewellers,GN jewellers Gudla Narayana Rao Balaji Bullion And Jewellers,Jewellery,Retail,"Srikakulam, Andhra Pradesh",,,4.4,286,OPERATIONAL,,,,Srikakulam,Andhra Pradesh,India
google_maps,Sri+Gayatri+Jewelleries,Sri Gayatri Jewelleries,Jewellery,Retail,"Jeweler · Main Road, opposite RTC Complex In Gate",,,5.0,8,OPERATIONAL,,,,Srikakulam,Andhra Pradesh,India
google_maps,VAIBHAV+JEWELLERS+-+Jewellery+Store+In+Rajam,VAIBHAV JEWELLERS - Jewellery Store In Rajam,Jewellery,Retail,"Jewelry store ·  · Shop No.6 , Ground Floor, Sri Sitaram Complex, Palakonda Road",,,4.9,609,OPERATIONAL,,,,Srikakulam,Andhra Pradesh,India
google_maps,PATNALA+JEWELLERS,PATNALA JEWELLERS,Jewellery,Retail,"Srikakulam, Andhra Pradesh",,,,0,OPERATIONAL,,,,Srikakulam,Andhra Pradesh,India
google_maps,Varadavari+kotares,Varadavari kotares,Jewellery,Retail,"Srikakulam, Andhra Pradesh",,,,0,OPERATIONAL,,,,Srikakulam,Andhra Pradesh,India
google_maps,Ramalaxmi+Jewellars,Ramalaxmi Jewellars,Jewellery,Retail,"Srikakulam, Andhra Pradesh",,,5.0,1,OPERATIONAL,,,,Srikakulam,Andhra Pradesh,India
google_maps,Vysyaraju+Jewellers+Razam,Vysyaraju Jewellers Razam,Jewellery,Retail,"Jewelry store · 5-2-34, Palakonda - Rajam Rd, near to hotel",092149 16916,,4.9,840,OPERATIONAL,,,,Srikakulam,Andhra Pradesh,India
google_maps,Andal+jewellers,Andal jewellers,Jewellery,Retail,"Srikakulam, Andhra Pradesh",,,5.0,2,OPERATIONAL,,,,Srikakulam,Andhra Pradesh,India
google_maps,Vmr+Silver+House,Vmr Silver House,Jewellery,Retail,"Jewelry store · Balijipeta road, opp. om Shanti bhavan",,,5.0,34,OPERATIONAL,,,,Srikakulam,Andhra Pradesh,India
google_maps,VAIBHAV+JEWELLERS+-+Jewellery+Store+In+Palasa,VAIBHAV JEWELLERS - Jewellery Store In Palasa,Jewellery,Retail,"Jewelry store ·  · 12-2-96 /97, KT Rd (Kasibugga-Tharlakota Road)",,,4.9,956,OPERATIONAL,,,,Srikakulam,Andhra Pradesh,India
google_maps,Tanishq+Jewellery+-+Vizianagaram,Tanishq Jewellery - Vizianagaram,Jewellery,Retail,Tanishq Jewellery - Vizianagaram,,,4.9,880,OPERATIONAL,,,,Srikakulam,Andhra Pradesh,India
google_maps,"Kushal%27s+Fashion+Jewellery+-+Srinivasa+Nagar,+Vizianagaram","Kushal's Fashion Jewellery - Srinivasa Nagar, Vizianagaram",Jewellery,Retail,"Jewelry store · Plot no:252, 100 Ft Ring Rd, opposite Sun school",,,4.9,854,OPERATIONAL,,,,Srikakulam,Andhra Pradesh,India
google_maps,Sri+Gajalakshmi+jewellery,Sri Gajalakshmi jewellery,Jewellery,Retail,"Srikakulam, Andhra Pradesh",,,4.1,33,OPERATIONAL,,,,Srikakulam,Andhra Pradesh,India
google_maps,Sri+Suryanarayana+Temple+Commercial+Complex,Sri Suryanarayana Temple Commercial Complex,Jewellery,Retail,"Srikakulam, Andhra Pradesh",,,4.4,77,OPERATIONAL,,,,Srikakulam,Andhra Pradesh,India
google_maps,Sree+bhuvaneshwari+jewellers,Sree bhuvaneshwari jewellers,Jewellery,Retail,"Srikakulam, Andhra Pradesh",,,5.0,4,OPERATIONAL,,,,Srikakulam,Andhra Pradesh,India
google_maps,Khazana+Jewellery+-+Vizianagaram+-+Daba+Gardens,Khazana Jewellery - Vizianagaram - Daba Gardens,Jewellery,Retail,Khazana Jewellery - Vizianagaram - Daba Gardens,,,4.8,7274,OPERATIONAL,,,,Srikakulam,Andhra Pradesh,India
google_maps,Vaibhav+Jewellers+-+Jewellery+Store+in+Salur,Vaibhav Jewellers - Jewellery Store in Salur,Jewellery,Retail,"Srikakulam, Andhra Pradesh",,,4.7,106,OPERATIONAL,,,,Srikakulam,Andhra Pradesh,India
google_maps,Vaibhav+Jewellers+-+Jewellery+Store+In+Vizianagaram,Vaibhav Jewellers - Jewellery Store In Vizianagaram,Jewellery,Retail,"Jewelry store ·  · Door No: 6-8-36, PVS Empire, MG Rd, near Sri Kanyaka Parameswari Temple",,,4.9,2216,OPERATIONAL,,,,Srikakulam,Andhra Pradesh,India
google_maps,Bhamane+one+gram+gold+-+Vizianagaram,Bhamane one gram gold - Vizianagaram,Jewellery,Retail,"Jewelry store · Besides mayuri tiffins, Rtc complex road, opp. to SVN Hotel",,,5.0,33,OPERATIONAL,,,,Srikakulam,Andhra Pradesh,India
google_maps,"GRT+Jewellers+-+Daba+Gardens,+Vizianagaram","GRT Jewellers - Daba Gardens, Vizianagaram",Jewellery,Retail,"Jewelry store · No. 8-1-123, Vizianagaram - Palakonda Rd",,,5.0,3869,OPERATIONAL,,,,Srikakulam,Andhra Pradesh,India
google_maps,SRI+SRI+JEWELLERS,SRI SRI JEWELLERS,Jewellery,Retail,"Jewelry store · EYE HOSPITALS, opposite MAIN ROAD",,,4.9,12,OPERATIONAL,,,,Srikakulam,Andhra Pradesh,India
google_maps,Dhanalaxmi+Jewellers,Dhanalaxmi Jewellers,Jewellery,Retail,"Srikakulam, Andhra Pradesh",,,4.1,454,OPERATIONAL,,,,Srikakulam,Andhra Pradesh,India
google_maps,Sri+Venkateswara+Jewel+Palace,Sri Venkateswara Jewel Palace,Jewellery,Retail,"Srikakulam, Andhra Pradesh",,,3.9,66,OPERATIONAL,,,,Srikakulam,Andhra Pradesh,India
google_maps,Chitra+Gold+Covering,Chitra Gold Covering,Jewellery,Retail,"""One of the good shop for artificial jewellery in vizianagaram.""",,,4.4,64,OPERATIONAL,,,,Srikakulam,Andhra Pradesh,India
google_maps,Vysyaraju+Jewellers+Tagarapuvalasa,Vysyaraju Jewellers Tagarapuvalasa,Jewellery,Retail,"Srikakulam, Andhra Pradesh",,,4.8,144,OPERATIONAL,,,,Srikakulam,Andhra Pradesh,India
google_maps,Sri+Lakshmi+Jewellers,Sri Lakshmi Jewellers,Jewellery,Retail,"Jewelry store · Shop: 223205, M.G. Road, Bowdra Ring Rd",,,5.0,3,OPERATIONAL,,,,Srikakulam,Andhra Pradesh,India
google_maps,AMMA+LADIES+CORNER,AMMA LADIES CORNER,Jewellery,Retail,Jeweler · KT Rd (Kasibugga-Tharlakota Road),,,3.7,6,OPERATIONAL,,,,Srikakulam,Andhra Pradesh,India
google_maps,SURYA+HALLMARK+JEWELLERS+%7C+Gold+%7C+Diamond+%7C+Platinum+%7C+Silver+%7C+Jewellery+Shop+in+Parlakhemundi+%7C+Near+Me,SURYA HALLMARK JEWELLERS | Gold | Diamond | Platinum | Silver | Jewellery Shop in Parlakhemundi | Near Me,Jewellery,Retail,Jewelry store · College Road,,,4.6,483,OPERATIONAL,,,,Srikakulam,Andhra Pradesh,India
google_maps,Perla+Samba+Murty+Jewellers,Perla Samba Murty Jewellers,Jewellery,Retail,"Jewelry store · Kollavari Street, Seven Rd Jct",,,5.0,3,OPERATIONAL,,,,Srikakulam,Andhra Pradesh,India
google_maps,Perla+Govindarajulu+Jewellers,Perla Govindarajulu Jewellers,Jewellery,Retail,"Jewelry store · Kolla Street, Seven Rd Jct",,,3.7,3,OPERATIONAL,,,,Srikakulam,Andhra Pradesh,India
google_maps,SKML+GOLD+WORK+SHOP+%28Chinna%29,SKML GOLD WORK SHOP (Chinna),Jewellery,Retail,"Goldsmith · Pavan Palace, A-1, Telugu Talli Flyover, near Station Road",,,4.7,15,OPERATIONAL,,,,Srikakulam,Andhra Pradesh,India
google_maps,Munna+Bhai+Gold+%26+Silver+Polishing+centre,Munna Bhai Gold & Silver Polishing centre,Jewellery,Retail,"Srikakulam, Andhra Pradesh",,,5.0,3,OPERATIONAL,,,,Srikakulam,Andhra Pradesh,India
google_maps,Sri+Sai+Datta+Bangles,Sri Sai Datta Bangles,Jewellery,Retail,"Srikakulam, Andhra Pradesh",,,4.8,4,OPERATIONAL,,,,Srikakulam,Andhra Pradesh,India
google_maps,Saibaba+Pearls+%26+Sai+Swarn+Palace,Saibaba Pearls & Sai Swarn Palace,Jewellery,Retail,"Srikakulam, Andhra Pradesh",,,4.3,36,OPERATIONAL,,,,Srikakulam,Andhra Pradesh,India
google_maps,GNR+Sri+Sai+Balaji+Jewellers,GNR Sri Sai Balaji Jewellers,Jewellery,Retail,"Srikakulam, Andhra Pradesh",,,4.2,134,OPERATIONAL,,,,Srikakulam,Andhra Pradesh,India
google_maps,NBC+GOLD,NBC GOLD,Jewellery,Retail,"Srikakulam, Andhra Pradesh",,,4.5,14,OPERATIONAL,,,,Srikakulam,Andhra Pradesh,India
google_maps,sri+lalitha+Jewellers,sri lalitha Jewellers,Jewellery,Retail,"Jewelry store · 23-40, Bazar Street",,,4.0,35,OPERATIONAL,,,,Srikakulam,Andhra Pradesh,India
google_maps,sri+santhoshimata+jewellers,sri santhoshimata jewellers,Jewellery,Retail,"Srikakulam, Andhra Pradesh",,,4.6,10,OPERATIONAL,,,,Srikakulam,Andhra Pradesh,India
google_maps,Neelkamal+Jewellers,Neelkamal Jewellers,Jewellery,Retail,"Srikakulam, Andhra Pradesh",,,4.3,18,OPERATIONAL,,,,Srikakulam,Andhra Pradesh,India
google_maps,M+M+GOLD,M M GOLD,Jewellery,Retail,"Srikakulam, Andhra Pradesh",,,4.7,7,OPERATIONAL,,,,Srikakulam,Andhra Pradesh,India
google_maps,SWASTIK+GOLD+%26+SILVER,SWASTIK GOLD & SILVER,Jewellery,Retail,"Srikakulam, Andhra Pradesh",,,,0,OPERATIONAL,,,,Srikakulam,Andhra Pradesh,India
google_maps,Sai+Ratna+Silver+Jewellers,Sai Ratna Silver Jewellers,Jewellery,Retail,"Srikakulam, Andhra Pradesh",,,,0,OPERATIONAL,,,,Srikakulam,Andhra Pradesh,India
google_maps,GNR+Gold+%26+Diamonds,GNR Gold & Diamonds,Jewellery,Retail,"Jewelry store · C28V+Q7C, Main Road, near Mamata Nursing Home",,,4.4,50,OPERATIONAL,,,,Srikakulam,Andhra Pradesh,India
google_maps,Sri+Pujitha+jewellry,Sri Pujitha jewellry,Jewellery,Retail,"Srikakulam, Andhra Pradesh",,,4.0,21,OPERATIONAL,,,,Srikakulam,Andhra Pradesh,India
google_maps,Thammana+Sambhamurty+%26+Son+Jewellers,Thammana Sambhamurty & Son Jewellers,Jewellery,Retail,"Jewelry store · 8-1-121/5, main road, beside hdfc bank",,,4.9,9,OPERATIONAL,,,,Srikakulam,Andhra Pradesh,India
google_maps,Singupuram+Beri+Junction,Singupuram Beri Junction,Jewellery,Retail,"Srikakulam, Andhra Pradesh",,,3.0,1,OPERATIONAL,,,,Srikakulam,Andhra Pradesh,India
google_maps,Smile+Moments,Smile Moments,Jewellery,Retail,"Gift shop · Second floor, Smile Moments, jn 16-22-3/1, New Brg Rd, near Kims Hospital, opposite MANDI CROODS & MR CEMENT GODOWN",,,4.7,160,OPERATIONAL,,,,Srikakulam,Andhra Pradesh,India
google_maps,Nataraj+Jewellers,Nataraj Jewellers,Jewellery,Retail,"Srikakulam, Andhra Pradesh",,,3.7,3,OPERATIONAL,,,,Srikakulam,Andhra Pradesh,India
google_maps,KANNA+JEWELLERS,KANNA JEWELLERS,Jewellery,Retail,"Srikakulam, Andhra Pradesh",,,4.1,55,OPERATIONAL,,,,Srikakulam,Andhra Pradesh,India
google_maps,Sri+surya+gems+and+fashion+jewellery,Sri surya gems and fashion jewellery,Jewellery,Retail,"Jeweler · Shop No43,44, TSR Complex, beside ayyappa juice center, near Over Bridge",,,4.7,123,OPERATIONAL,,,,Srikakulam,Andhra Pradesh,India
google_maps,Srinivasa+Jewellers,Srinivasa Jewellers,Jewellery,Retail,"Srikakulam, Andhra Pradesh",,,4.0,1,OPERATIONAL,,,,Srikakulam,Andhra Pradesh,India
google_maps,Sampath+Vinayaka+Jewellers,Sampath Vinayaka Jewellers,Jewellery,Retail,"Jewelry store · D.No: 8, 5-63, Petromax St, near Seven Road Junction",,,5.0,1,OPERATIONAL,,,,Srikakulam,Andhra Pradesh,India
google_maps,Ayodya+jewellers,Ayodya jewellers,Jewellery,Retail,"Srikakulam, Andhra Pradesh",,,5.0,1,OPERATIONAL,,,,Srikakulam,Andhra Pradesh,India
google_maps,G.+Koti+Gold+Works,G. Koti Gold Works,Jewellery,Retail,"Goldsmith · Chapagalli Street, 7 Road Junction",,,5.0,1,OPERATIONAL,,,,Srikakulam,Andhra Pradesh,India
google_maps,Kiriti+Jewellers,Kiriti Jewellers,Jewellery,Retail,"Jewelry store · Kollavari Street, Seven Rd Jct",,,3.0,2,OPERATIONAL,,,,Srikakulam,Andhra Pradesh,India
google_maps,Sri+Mahalakshmi+Assay+%26+Hallmarking+Centre,Sri Mahalakshmi Assay & Hallmarking Centre,Jewellery,Retail,"Goldsmith · Dr. No.: 11-4-74/1, 1st Floor, Champagalli Street, 7 Road Junction",,,5.0,1,OPERATIONAL,,,,Srikakulam,Andhra Pradesh,India
google_maps,KMR+JEWELLERS,KMR JEWELLERS,Jewellery,Retail,"Jewelry store · Main Road, opp. Rama Mandar",,,4.3,3,OPERATIONAL,,,,Srikakulam,Andhra Pradesh,India
google_maps,Laxmana+Raju+Jewellers,Laxmana Raju Jewellers,Jewellery,Retail,"Srikakulam, Andhra Pradesh",,,5.0,3,OPERATIONAL,,,,Srikakulam,Andhra Pradesh,India
google_maps,Sri+Venkateswara+Bangles+%26+General+Stores,Sri Venkateswara Bangles & General Stores,Jewellery,Retail,"Bangle Shop · Main Road, Beside, Railway Station - Mettakkivalasa Rd",,,4.5,2,OPERATIONAL,,,,Srikakulam,Andhra Pradesh,India
google_maps,Sri+Kanakamahalakshmi+Jewellers,Sri Kanakamahalakshmi Jewellers,Jewellery,Retail,"Jewelry store · CW53+VGJ, opp. Railway Station Road",,,3.0,1,OPERATIONAL,,,,Srikakulam,Andhra Pradesh,India
google_maps,Sri+Lalithaa+Jewellers,Sri Lalithaa Jewellers,Jewellery,Retail,"Jewelry store · Opp: Rama Mandir, Main Road",,,5.0,1,OPERATIONAL,,,,Srikakulam,Andhra Pradesh,India
google_maps,NEW+DIAMOND+Interiors,NEW DIAMOND Interiors,Jewellery,Retail,"Srikakulam, Andhra Pradesh",,,4.8,437,OPERATIONAL,,,,Srikakulam,Andhra Pradesh,India
google_maps,V+Square,V Square,Jewellery,Retail,"Srikakulam, Andhra Pradesh",,,4.2,3737,OPERATIONAL,,,,Srikakulam,Andhra Pradesh,India
google_maps,VISHNU+PEARLS,VISHNU PEARLS,Jewellery,Retail,"Srikakulam, Andhra Pradesh",,,4.2,27,OPERATIONAL,,,,Srikakulam,Andhra Pradesh,India
google_maps,Balaji+jewellers,Balaji jewellers,Jewellery,Retail,"Srikakulam, Andhra Pradesh",,,5.0,5,OPERATIONAL,,,,Srikakulam,Andhra Pradesh,India
google_maps,Sri+Sri+Palapolammathalli+Gold+Works,Sri Sri Palapolammathalli Gold Works,Jewellery,Retail,"Goldsmith · CW53+PGJ, opp. Railway Station Road",,,,0,OPERATIONAL,,,,Srikakulam,Andhra Pradesh,India
google_maps,Sri+Santhoshimatha+Jewellers,Sri Santhoshimatha Jewellers,Jewellery,Retail,"Jewelry store · Main Road, Railway Station Rd",,,5.0,1,OPERATIONAL,,,,Srikakulam,Andhra Pradesh,India
google_maps,Vysyaraju+Jewellers+Asilmetta,Vysyaraju Jewellers Asilmetta,Jewellery,Retail,"Srikakulam, Andhra Pradesh",,,4.6,3271,OPERATIONAL,,,,Srikakulam,Andhra Pradesh,India
google_maps,Sri+Sri+Sri+Jagathguru+Veerabrahmendraswamy+Hand+Cuttingworks+%26+Goldworks+Ganesh+Ganugula,Sri Sri Sri Jagathguru Veerabrahmendraswamy Hand Cuttingworks & Goldworks Ganesh Ganugula,Jewellery,Retail,"Goldsmith · Kolavari Street, Seven Rd Jct",,,,0,OPERATIONAL,,,,Srikakulam,Andhra Pradesh,India
google_maps,SRI+SAI+SANTHOSHIMATA+SILVER,SRI SAI SANTHOSHIMATA SILVER,Jewellery,Retail,"Srikakulam, Andhra Pradesh",,,,0,OPERATIONAL,,,,Srikakulam,Andhra Pradesh,India
google_maps,B.+V.+R.+Bangles+%26+General+Stores,B. V. R. Bangles & General Stores,Jewellery,Retail,"General store · market street,matam veedi junction",,,4.5,6,OPERATIONAL,,,,Srikakulam,Andhra Pradesh,India
google_maps,"GIVA+Silver+%26+Gold+Jewellery+Store+%7C+VIP+Road,+Vishakhapatnam","GIVA Silver & Gold Jewellery Store | VIP Road, Vishakhapatnam",Jewellery,Retail,"GIVA Silver & Gold Jewellery Store | VIP Road, Vishakhapatnam",,,4.9,219,OPERATIONAL,,,,Srikakulam,Andhra Pradesh,India
google_maps,Chinni%27s+Lady+BOSS,Chinni's Lady BOSS,Jewellery,Retail,"Beauty supply store · Mudunuruvari St. junction, Devarapeta Road",,,4.9,17,OPERATIONAL,,,,Srikakulam,Andhra Pradesh,India
google_maps,gjpearls%2FMehana,gjpearls/Mehana,Jewellery,Retail,Wholesale jeweler · KILLI Street,,,,0,OPERATIONAL,,,,Srikakulam,Andhra Pradesh,India
google_maps,Sita+Rama+Jewellers,Sita Rama Jewellers,Jewellery,Retail,"Srikakulam, Andhra Pradesh",,,,0,OPERATIONAL,,,,Srikakulam,Andhra Pradesh,India
google_maps,Lovely+Gifts+%26+stationary+shopee,Lovely Gifts & stationary shopee,Jewellery,Retail,"Gift shop · Bhashyam school, Womens College Rd, Surya Mahal junction, junction, near Life style furniture",,,4.9,10,OPERATIONAL,,,,Srikakulam,Andhra Pradesh,India
google_maps,SVG+Art+Gallery,SVG Art Gallery,Jewellery,Retail,"Gift shop · Nehru Rd, near Ippili Chittibabu Book Depot",,,4.3,25,OPERATIONAL,,,,Srikakulam,Andhra Pradesh,India
google_maps,Sarva+Siddi+Pooja+Samagri,Sarva Siddi Pooja Samagri,Jewellery,Retail,"Gift shop · Netaji St, near Govt. Hospital",,,5.0,6,OPERATIONAL,,,,Srikakulam,Andhra Pradesh,India
google_maps,SK+Jewellers,SK Jewellers,Jewellery,Retail,"Jewelry store · K.t road, beside of canara bank, opposite of bb book house",,,5.0,6,OPERATIONAL,,,,Srikakulam,Andhra Pradesh,India
google_maps,Stylish+silver+jewellery,Stylish silver jewellery,Jewellery,Retail,Jewelry store · KT Rd (Kasibugga-Tharlakota Road),,,5.0,2,OPERATIONAL,,,,Srikakulam,Andhra Pradesh,India
google_maps,PAISA+4+GOLD,PAISA 4 GOLD,Jewellery,Retail,"Jewelry buyer · Dr no 13-16-194/UVW, SFS SCHOOL ROAD, near BANDHAN BANK",,,5.0,117,OPERATIONAL,,,,Srikakulam,Andhra Pradesh,India
google_maps,Yasoda+Krishna+Jewellers,Yasoda Krishna Jewellers,Jewellery,Retail,"Jewelry store · KT Rd (Kasibugga-Tharlakota Road), near old bus stand",,,5.0,1,OPERATIONAL,,,,Srikakulam,Andhra Pradesh,India
google_maps,Sivananda+Jewellers,Sivananda Jewellers,Jewellery,Retail,"Jewelry store · 3 Road junction, KT Rd (Kasibugga-Tharlakota Road)",,,4.8,12,OPERATIONAL,,,,Srikakulam,Andhra Pradesh,India
google_maps,SHIVA+JEWELLERY+CREATORS,SHIVA JEWELLERY CREATORS,Jewellery,Retail,"Srikakulam, Andhra Pradesh",,,4.8,6,OPERATIONAL,,,,Srikakulam,Andhra Pradesh,India
google_maps,KT+ROAD+PALASA,KT ROAD PALASA,Jewellery,Retail,KT ROAD PALASA,,,5.0,2,OPERATIONAL,,,,Srikakulam,Andhra Pradesh,India
google_maps,"PentaBhaskarRao+%26+Sons,+Siva+Shankar+Jewellars.","PentaBhaskarRao & Sons, Siva Shankar Jewellars.",Jewellery,Retail,"Srikakulam, Andhra Pradesh",,,3.9,8,OPERATIONAL,,,,Srikakulam,Andhra Pradesh,India
google_maps,Sainath+Jewellers,Sainath Jewellers,Jewellery,Retail,"Jewelry store · KT Rd (Kasibugga-Tharlakota Road), near Bus Stand",,,,0,OPERATIONAL,,,,Srikakulam,Andhra Pradesh,India
google_maps,Vedvika+Computer+Embroidery+and+1gm+Gold,Vedvika Computer Embroidery and 1gm Gold,Jewellery,Retail,"Clothing Accessories Store · KT Rd (Kasibugga-Tharlakota Road), above denim showroom",,,4.6,26,OPERATIONAL,,,,Srikakulam,Andhra Pradesh,India
google_maps,Meghana+Jewellers,Meghana Jewellers,Jewellery,Retail,"Jewelry store · KT Rd (Kasibugga-Tharlakota Road), near old bus stop",,,,0,OPERATIONAL,,,,Srikakulam,Andhra Pradesh,India
google_maps,RAVI+BANGLES,RAVI BANGLES,Jewellery,Retail,Bangle Shop · KT Rd (Kasibugga-Tharlakota Road),,,5.0,27,OPERATIONAL,,,,Srikakulam,Andhra Pradesh,India
google_maps,KVR+Jewelers,KVR Jewelers,Jewellery,Retail,"Jewelry store · A/5, KT Rd (Kasibugga-Tharlakota Road)",097016 10555,,4.0,2,OPERATIONAL,,,,Srikakulam,Andhra Pradesh,India
google_maps,Mayuri+Bangles,Mayuri Bangles,Jewellery,Retail,"Boutique · Nityananda nagar,PO Kasibugga, Dist",,,4.0,25,OPERATIONAL,,,,Srikakulam,Andhra Pradesh,India
google_maps,Vijay+Jewel+Planet,Vijay Jewel Planet,Jewellery,Retail,"Watch store · main road, near lot mobile, opposite telephone exchange",,,5.0,6,OPERATIONAL,,,,Srikakulam,Andhra Pradesh,India
google_maps,Mataji+bangle+store,Mataji bangle store,Jewellery,Retail,"Bangle Shop · High school, road",,,5.0,2,OPERATIONAL,,,,Srikakulam,Andhra Pradesh,India
google_maps,Satya+Ladies+corner,Satya Ladies corner,Jewellery,Retail,Cosmetics store ·  · KT Rd (Kasibugga-Tharlakota Road),,,4.7,20,OPERATIONAL,,,,Srikakulam,Andhra Pradesh,India
google_maps,Trademark+Boutique,Trademark Boutique,Jewellery,Retail,"Designer Clothing Store · K T Road, Upstair trademark one gram gold jewellery shop, mandal, opposite bank of Baroda, near SR &LUCKY shopping mall",,,4.7,43,OPERATIONAL,,,,Srikakulam,Andhra Pradesh,India
google_maps,SAGAR+JEWELLERS,SAGAR JEWELLERS,Jewellery,Retail,"Srikakulam, Andhra Pradesh",,,3.8,19,OPERATIONAL,,,,Srikakulam,Andhra Pradesh,India
google_maps,Sirisha+fancy+and+1+gram+gold,Sirisha fancy and 1 gram gold,Jewellery,Retail,"Store · QC79+VG8, KT Rd (Kasibugga-Tharlakota Road)",,,,0,OPERATIONAL,,,,Srikakulam,Andhra Pradesh,India
google_maps,GH+Fancy+Collections,GH Fancy Collections,Jewellery,Retail,"Srikakulam, Andhra Pradesh",,,,0,OPERATIONAL,,,,Srikakulam,Andhra Pradesh,India
google_maps,Sunrise+Jewellers,Sunrise Jewellers,Jewellery,Retail,"Srikakulam, Andhra Pradesh",,,5.0,1,OPERATIONAL,,,,Srikakulam,Andhra Pradesh,India
google_maps,SRI+RAGHURAMA+JEWELLERS,SRI RAGHURAMA JEWELLERS,Jewellery,Retail,"Srikakulam, Andhra Pradesh",,,4.5,2,OPERATIONAL,,,,Srikakulam,Andhra Pradesh,India
google_maps,Chandini+Jewellers,Chandini Jewellers,Jewellery,Retail,"Srikakulam, Andhra Pradesh",,,,0,OPERATIONAL,,,,Srikakulam,Andhra Pradesh,India
google_maps,Savithri+Jewelries,Savithri Jewelries,Jewellery,Retail,"Jewelry store · 3 road junction, KT Rd (Kasibugga-Tharlakota Road)",,,,0,OPERATIONAL,,,,Srikakulam,Andhra Pradesh,India
google_maps,NEW+LADIES+PARADISE+BANGLE+STORE,NEW LADIES PARADISE BANGLE STORE,Jewellery,Retail,"Cosmetics store · Besides GN JEWELLERY, KT Rd (Kasibugga-Tharlakota Road)",,,5.0,1,OPERATIONAL,,,,Srikakulam,Andhra Pradesh,India
google_maps,Lokkoji+Gowri,Lokkoji Gowri,Jewellery,Retail,"Jewelry store · 1343, Main Street",,,,0,OPERATIONAL,,,,Srikakulam,Andhra Pradesh,India
google_maps,POTNURU+APPARAO,POTNURU APPARAO,Jewellery,Retail,"Srikakulam, Andhra Pradesh",,,,0,OPERATIONAL,,,,Srikakulam,Andhra Pradesh,India
google_maps,BUTTERFLY+FOOTWEAR,BUTTERFLY FOOTWEAR,Jewellery,Retail,"Shoe store · KT Rd (Kasibugga-Tharlakota Road), opposite Harishankar theatre, beside Chandni jewellers",,,4.8,21,OPERATIONAL,,,,Srikakulam,Andhra Pradesh,India
google_maps,A1+BEAUTY+PARLOUR+%26+AESTHETIC+CLINIC,A1 BEAUTY PARLOUR & AESTHETIC CLINIC,Jewellery,Retail,"Beauty Parlour · upstairs, chandini jewellers, KT Rd (Kasibugga-Tharlakota Road), opposite Harishankar Theatre",,,5.0,334,OPERATIONAL,,,,Srikakulam,Andhra Pradesh,India
google_maps,Sudha+Fashion,Sudha Fashion,Jewellery,Retail,"Srikakulam, Andhra Pradesh",,,4.5,4,OPERATIONAL,,,,Srikakulam,Andhra Pradesh,India
google_maps,GNV+Jewellers+Paralakhemundi,GNV Jewellers Paralakhemundi,Jewellery,Retail,"Srikakulam, Andhra Pradesh",,,4.8,504,OPERATIONAL,,,,Srikakulam,Andhra Pradesh,India
google_maps,Goldsmith,Goldsmith,Jewellery,Retail,"Srikakulam, Andhra Pradesh",,,,0,OPERATIONAL,,,,Srikakulam,Andhra Pradesh,India
google_maps,Shyam+Gold+works,Shyam Gold works,Jewellery,Retail,"Srikakulam, Andhra Pradesh",,,,0,OPERATIONAL,,,,Srikakulam,Andhra Pradesh,India
google_maps,Lakkoju+shyam,Lakkoju shyam,Jewellery,Retail,"Srikakulam, Andhra Pradesh",,,,0,OPERATIONAL,,,,Srikakulam,Andhra Pradesh,India
google_maps,HAPPY+SHOPPY,HAPPY SHOPPY,Jewellery,Retail,"Clothing store · KT ROAD, Near Kasibugga bus stop KASIBUGGA",,,4.9,44,OPERATIONAL,,,,Srikakulam,Andhra Pradesh,India
google_maps,KKK+Jewellers,KKK Jewellers,Jewellery,Retail,"Jewelry store · Junction, Market Street",,,5.0,4,OPERATIONAL,,,,Srikakulam,Andhra Pradesh,India
google_maps,RK+Jewellers,RK Jewellers,Jewellery,Retail,"Jewelry store · Mainroad, opp. RTC Complex",,,5.0,5,OPERATIONAL,,,,Srikakulam,Andhra Pradesh,India
google_maps,Seetha+Mahalakshmi+Jewellers,Seetha Mahalakshmi Jewellers,Jewellery,Retail,"Jewelry store · Junction, Market Street",,,5.0,1,OPERATIONAL,,,,Srikakulam,Andhra Pradesh,India
google_maps,Rv+Fashion+Jewellery,Rv Fashion Jewellery,Jewellery,Retail,Clothing Accessories Store · Main Road,,,5.0,1,OPERATIONAL,,,,Srikakulam,Andhra Pradesh,India
google_maps,KAD+emporium,KAD emporium,Jewellery,Retail,"Srikakulam, Andhra Pradesh",,,4.5,2,OPERATIONAL,,,,Srikakulam,Andhra Pradesh,India
google_maps,Baba+Bangle+Stores,Baba Bangle Stores,Jewellery,Retail,"Srikakulam, Andhra Pradesh",,,4.3,15,OPERATIONAL,,,,Srikakulam,Andhra Pradesh,India
google_maps,SAI+JAGADAMBA+JWELLERY,SAI JAGADAMBA JWELLERY,Jewellery,Retail,"Watch store · SAI JAGADAMBA JWELLERY, Bazaru Road",,,3.0,1,OPERATIONAL,,,,Srikakulam,Andhra Pradesh,India
google_maps,GSP+Fashion+Jewellery,GSP Fashion Jewellery,Jewellery,Retail,"Srikakulam, Andhra Pradesh",,,,0,OPERATIONAL,,,,Srikakulam,Andhra Pradesh,India
google_maps,BVR+Jewelery,BVR Jewelery,Jewellery,Retail,"Srikakulam, Andhra Pradesh",,,4.3,16,OPERATIONAL,,,,Srikakulam,Andhra Pradesh,India
google_maps,TVR+SHOPPING+MALL,TVR SHOPPING MALL,Jewellery,Retail,"Srikakulam, Andhra Pradesh",,,4.0,110,OPERATIONAL,,,,Srikakulam,Andhra Pradesh,India
google_maps,TRENDS,TRENDS,Jewellery,Retail,"Clothing Accessories Store · D No. 96/4-5-6, GT Road",,,4.0,305,OPERATIONAL,,,,Srikakulam,Andhra Pradesh,India
google_maps,Sai+swarn+bullion+corporation,Sai swarn bullion corporation,Jewellery,Retail,"Srikakulam, Andhra Pradesh",,,,0,OPERATIONAL,,,,Srikakulam,Andhra Pradesh,India
google_maps,SRI+SAI+HALLMARKING+CENTRE,SRI SAI HALLMARKING CENTRE,Jewellery,Retail,"Jewelry appraiser · SRI SAI HALLMARKING CENTRE, above MARKET STREET, near Jogipeta Street",,,,0,OPERATIONAL,,,,Srikakulam,Andhra Pradesh,India
google_maps,Sri+Tirumala+Ladies+Corner,Sri Tirumala Ladies Corner,Jewellery,Retail,Bangle Shop · Mainroad,083282 04461,,3.7,11,OPERATIONAL,,,,Srikakulam,Andhra Pradesh,India
google_maps,Sai+Gayathri+Jewellers,Sai Gayathri Jewellers,Jewellery,Retail,"Jewelry store · C27W+56V, Bazaar Street",,,5.0,2,OPERATIONAL,,,,Srikakulam,Andhra Pradesh,India
google_maps,Sri+Ganapathi+Jewellers,Sri Ganapathi Jewellers,Jewellery,Retail,Jewelry store · Mattam Street,,,,0,OPERATIONAL,,,,Srikakulam,Andhra Pradesh,India
google_maps,Varalakshmi+Silver+Palace,Varalakshmi Silver Palace,Jewellery,Retail,"Srikakulam, Andhra Pradesh",,,,0,OPERATIONAL,,,,Srikakulam,Andhra Pradesh,India
google_maps,Sri+sai+venkateswara+jewelry,Sri sai venkateswara jewelry,Jewellery,Retail,"Srikakulam, Andhra Pradesh",,,,0,OPERATIONAL,,,,Srikakulam,Andhra Pradesh,India
google_maps,Sri+Santoshi+Jewellers,Sri Santoshi Jewellers,Jewellery,Retail,"Jewelry store · Jogipeta, Junction, Market Street",,,,0,OPERATIONAL,,,,Srikakulam,Andhra Pradesh,India
google_maps,MR+JEWELLERS,MR JEWELLERS,Jewellery,Retail,Jewelry store · Latchumunnapeta street,,,,0,OPERATIONAL,,,,Srikakulam,Andhra Pradesh,India
google_maps,Sri+Santhoshimatha+Silver+park,Sri Santhoshimatha Silver park,Jewellery,Retail,"Jewelry store · Narasannapeta, near Lakshmi Theatre",,,5.0,1,OPERATIONAL,,,,Srikakulam,Andhra Pradesh,India
google_maps,sri+kalki+jewellers,sri kalki jewellers,Jewellery,Retail,"Jewelry store · CMX7+R6R, telaga street main road",,,3.6,33,OPERATIONAL,,,,Srikakulam,Andhra Pradesh,India
google_maps,Surya+Jewellers,Surya Jewellers,Jewellery,Retail,"Jewelry store · Telaga Street Junction, Rajam Main Rd",,,4.1,7,OPERATIONAL,,,,Srikakulam,Andhra Pradesh,India
google_maps,CMR+JEWELLERY,CMR JEWELLERY,Jewellery,Retail,"Jewelry store · SR COMPLEX, 4-7-126, Vizianagaram - Palakonda Rd",,,4.8,17,OPERATIONAL,,,,Srikakulam,Andhra Pradesh,India
google_maps,Ramesh+Naidu+Jewellery,Ramesh Naidu Jewellery,Jewellery,Retail,"Srikakulam, Andhra Pradesh",,,4.4,37,OPERATIONAL,,,,Srikakulam,Andhra Pradesh,India
google_maps,Usha+Bangles+Store+The+Best+Bangle+In+Rajam,Usha Bangles Store The Best Bangle In Rajam,Jewellery,Retail,Bangle Shop · Killana street,,,5.0,6,OPERATIONAL,,,,Srikakulam,Andhra Pradesh,India
google_maps,Shri+Malaxmi+Imitation+Jewellery,Shri Malaxmi Imitation Jewellery,Jewellery,Retail,"Srikakulam, Andhra Pradesh",,,5.0,3,OPERATIONAL,,,,Srikakulam,Andhra Pradesh,India
google_maps,Joyalukkas+Jewellery+-+Visakhapatnam+%28+Vizag+%29,Joyalukkas Jewellery - Visakhapatnam ( Vizag ),Jewellery,Retail,"Jewelry store · Sampath Vinayaka Temple Rd, Near Sampath Vinayaka Temple",,,4.8,10912,OPERATIONAL,,,,Srikakulam,Andhra Pradesh,India
google_maps,One+gram+gold+wholesale,One gram gold wholesale,Jewellery,Retail,"Srikakulam, Andhra Pradesh",,,3.5,4,OPERATIONAL,,,,Srikakulam,Andhra Pradesh,India
google_maps,Deva+Jewellery,Deva Jewellery,Jewellery,Retail,"Srikakulam, Andhra Pradesh",,,4.8,25,OPERATIONAL,,,,Srikakulam,Andhra Pradesh,India
google_maps,Sri+Radhakrishna+Jewellery,Sri Radhakrishna Jewellery,Jewellery,Retail,"Jewelry store · CMX4+JX8, Mondi Street",,,3.7,9,OPERATIONAL,,,,Srikakulam,Andhra Pradesh,India
google_maps,Cmr+Gold+Hoarding+Rajam,Cmr Gold Hoarding Rajam,Jewellery,Retail,"Srikakulam, Andhra Pradesh",,,,0,OPERATIONAL,,,,Srikakulam,Andhra Pradesh,India
google_maps,S.K.M.L+Jewelers,S.K.M.L Jewelers,Jewellery,Retail,"Srikakulam, Andhra Pradesh",093466 79595,,4.0,2,OPERATIONAL,,,,Srikakulam,Andhra Pradesh,India
google_maps,R.+Naresh+Gold+Works,R. Naresh Gold Works,Jewellery,Retail,"Goldsmith · Chapagalli Street, 7 Rood Junction",,,,0,OPERATIONAL,,,,Srikakulam,Andhra Pradesh,India
google_maps,SHREE+GOLD+TESTING,SHREE GOLD TESTING,Jewellery,Retail,"Goldsmith · 7-2-3, Appachimandiram street, vulli veedhi, jn, 1st right",,,5.0,8,OPERATIONAL,,,,Srikakulam,Andhra Pradesh,India
google_maps,SS+JEWELLERS,SS JEWELLERS,Jewellery,Retail,"Srikakulam, Andhra Pradesh",,,,0,OPERATIONAL,,,,Srikakulam,Andhra Pradesh,India
google_maps,AKSHAYALAKSHMI+CASTING+MOULDING,AKSHAYALAKSHMI CASTING MOULDING,Jewellery,Retail,"Srikakulam, Andhra Pradesh",,,5.0,3,OPERATIONAL,,,,Srikakulam,Andhra Pradesh,India
google_maps,Royal+Amrutha+Jewelleryworks,Royal Amrutha Jewelleryworks,Jewellery,Retail,"Srikakulam, Andhra Pradesh",,,5.0,2,OPERATIONAL,,,,Srikakulam,Andhra Pradesh,India
google_maps,Sri+Sai+Srinivasa+Gold+Laser+Soldering,Sri Sai Srinivasa Gold Laser Soldering,Jewellery,Retail,"Srikakulam, Andhra Pradesh",,,5.0,5,OPERATIONAL,,,,Srikakulam,Andhra Pradesh,India
google_maps,Mahalaxmi+jewellers,Mahalaxmi jewellers,Jewellery,Retail,Jeweler · Ramatirdal road,070084 42384,,,0,OPERATIONAL,,,,Srikakulam,Andhra Pradesh,India
google_maps,Anus+handmade+customized+jewellery,Anus handmade customized jewellery,Jewellery,Retail,"Srikakulam, Andhra Pradesh",,,,0,OPERATIONAL,,,,Srikakulam,Andhra Pradesh,India
google_maps,Veda+jewellery+works,Veda jewellery works,Jewellery,Retail,"Goldsmith · 4-10-44, Kuppili Street, near Butchenna Koneru Old Power Office",,,,0,OPERATIONAL,,,,Srikakulam,Andhra Pradesh,India
google_maps,Sri+Seetharama+Jewellers,Sri Seetharama Jewellers,Jewellery,Retail,"Srikakulam, Andhra Pradesh",,,4.3,22,OPERATIONAL,,,,Srikakulam,Andhra Pradesh,India
google_maps,Dhanalakshmi+Jewellers,Dhanalakshmi Jewellers,Jewellery,Retail,"Jewelry store · 7RH9+JRP, Main Road, Etcherla",,,4.0,2,OPERATIONAL,,,,Srikakulam,Andhra Pradesh,India
google_maps,Deviprasad+Bangles+%26+General+Stores,Deviprasad Bangles & General Stores,Jewellery,Retail,"Jeweler · 7RH9+JP2, Road, near Ramalayam Temple",,,4.5,12,OPERATIONAL,,,,Srikakulam,Andhra Pradesh,India
google_maps,Venkateshwara+1+Gram+Jewellery,Venkateshwara 1 Gram Jewellery,Jewellery,Retail,"Jewelry store · 1-3-163, Main Rd, opposite District Busstop",,,5.0,1,OPERATIONAL,,,,Srikakulam,Andhra Pradesh,India
google_maps,SRI+KAMESWARI+JEWELLERS,SRI KAMESWARI JEWELLERS,Jewellery,Retail,"Srikakulam, Andhra Pradesh",,,4.6,91,OPERATIONAL,,,,Srikakulam,Andhra Pradesh,India
google_maps,"Illisupuram+,+srikakulam","Illisupuram , srikakulam",Jewellery,Retail,"Illisupuram , srikakulam",,,,0,OPERATIONAL,,,,Srikakulam,Andhra Pradesh,India
google_maps,Sri+Surya+Jewellers,Sri Surya Jewellers,Jewellery,Retail,"Srikakulam, Andhra Pradesh",,,5.0,3,OPERATIONAL,,,,Srikakulam,Andhra Pradesh,India
google_maps,"Mia+by+Tanishq+-+Asilmetta,+Visakhapatnam","Mia by Tanishq - Asilmetta, Visakhapatnam",Jewellery,Retail,"Jewelry store · 2, Sampath Vinayaka Temple Rd, near Sampath Vinayaka Temple",,,5.0,1874,OPERATIONAL,,,,Srikakulam,Andhra Pradesh,India
google_maps,BHIMA+JEWELLERY+VISAKHAPATNAM,BHIMA JEWELLERY VISAKHAPATNAM,Jewellery,Retail,"Srikakulam, Andhra Pradesh",,,4.8,2369,OPERATIONAL,,,,Srikakulam,Andhra Pradesh,India
google_maps,"Kalyan+Jewellers+-+Waltair+Uplands,+Visakhapatnam","Kalyan Jewellers - Waltair Uplands, Visakhapatnam",Jewellery,Retail,"Jewelry store · Near, #10-1-38/1, Sampath Vinayaka Temple Rd",,,4.1,803,OPERATIONAL,,,,Srikakulam,Andhra Pradesh,India
google_maps,Saashri+Jewellers+%7C+Gold+%26+Diamond+Jewellers+in+Vizag,Saashri Jewellers | Gold & Diamond Jewellers in Vizag,Jewellery,Retail,"Srikakulam, Andhra Pradesh",,,4.7,457,OPERATIONAL,,,,Srikakulam,Andhra Pradesh,India
google_maps,Jos+Alukkas+Jewellery+Visakhapatnam,Jos Alukkas Jewellery Visakhapatnam,Jewellery,Retail,"Srikakulam, Andhra Pradesh",,,4.8,2583,OPERATIONAL,,,,Srikakulam,Andhra Pradesh,India
google_maps,Sanghvi+Jewellery+Mall,Sanghvi Jewellery Mall,Jewellery,Retail,"Srikakulam, Andhra Pradesh",,,4.3,505,OPERATIONAL,,,,Srikakulam,Andhra Pradesh,India
google_maps,"GRT+Jewellers+-+Ram+Nagar,+Visakhapatnam","GRT Jewellers - Ram Nagar, Visakhapatnam",Jewellery,Retail,"GRT Jewellers - Ram Nagar, Visakhapatnam",,,4.9,30571,OPERATIONAL,,,,Srikakulam,Andhra Pradesh,India
google_maps,Kirtilals+Jewellers,Kirtilals Jewellers,Jewellery,Retail,"Srikakulam, Andhra Pradesh",,,4.6,118,OPERATIONAL,,,,Srikakulam,Andhra Pradesh,India
google_maps,Akshar%C3%A0+JEWELLERS,Aksharà JEWELLERS,Jewellery,Retail,"Srikakulam, Andhra Pradesh",,,4.6,31,OPERATIONAL,,,,Srikakulam,Andhra Pradesh,India
google_maps,Tanishq+Jewellery+-+Vizag+-+VIP+Road,Tanishq Jewellery - Vizag - VIP Road,Jewellery,Retail,"Jewelry store ·  · 3, N, Circle Building, No, 9/13/45/2/9, VIP Rd, beside Shoppers Stop",,,4.8,4145,OPERATIONAL,,,,Srikakulam,Andhra Pradesh,India
google_maps,swastik+silver+%26+jewellery,swastik silver & jewellery,Jewellery,Retail,"Srikakulam, Andhra Pradesh",,,4.9,27,OPERATIONAL,,,,Srikakulam,Andhra Pradesh,India
google_maps,Shri+Adinath+Jewellers,Shri Adinath Jewellers,Jewellery,Retail,"Srikakulam, Andhra Pradesh",,,5.0,4,OPERATIONAL,,,,Srikakulam,Andhra Pradesh,India
google_maps,Pasidi+Jewellery,Pasidi Jewellery,Jewellery,Retail,"Jewelry store · 2nd Floor, Balaji Hills, 49-53-6/27, opposite Vishnu Hill View Appartment",,,5.0,12,OPERATIONAL,,,,Srikakulam,Andhra Pradesh,India
google_maps,KBH+Jewellers,KBH Jewellers,Jewellery,Retail,"Jeweler ·  · 48-13-25,Srinagar,Target Plaza,Near Aditya Degree College Janakirama street, 1st Ln",,,4.5,12,OPERATIONAL,,,,Srikakulam,Andhra Pradesh,India
google_maps,Sri+Nithya+Jewellers,Sri Nithya Jewellers,Jewellery,Retail,"Jewelry store · Sri Nithya Jewellers, Beside Venkatarama Hospital, Near Diamond Park, Sankara Matam Road, 4th Ln",,,,0,OPERATIONAL,,,,Srikakulam,Andhra Pradesh,India
google_maps,Sri+Lalithambica+Jewellers,Sri Lalithambica Jewellers,Jewellery,Retail,"Srikakulam, Andhra Pradesh",,,4.8,50,OPERATIONAL,,,,Srikakulam,Andhra Pradesh,India
google_maps,V+Jewellery+Mart,V Jewellery Mart,Jewellery,Retail,"Jewelry store · 6th Floor DoorNo 10-4, Navarathna Trade Center, V Jewellery Mart, 15/1, Ram Nagar Rd, beside Hotel Meghalaya",,,4.9,913,OPERATIONAL,,,,Srikakulam,Andhra Pradesh,India
google_maps,MANCHUKONDA%27S+SHYAM+ZAVERI,MANCHUKONDA'S SHYAM ZAVERI,Jewellery,Retail,"Srikakulam, Andhra Pradesh",,,4.6,44,OPERATIONAL,,,,Srikakulam,Andhra Pradesh,India
google_maps,Sri+Vaarahi+Silvers,Sri Vaarahi Silvers,Jewellery,Retail,"Srikakulam, Andhra Pradesh",,,5.0,11,OPERATIONAL,,,,Srikakulam,Andhra Pradesh,India
google_maps,Bhagyasri+Ram+Jewellery+Square+%28BRJ+square%29,Bhagyasri Ram Jewellery Square (BRJ square),Jewellery,Retail,"Srikakulam, Andhra Pradesh",,,4.9,897,OPERATIONAL,,,,Srikakulam,Andhra Pradesh,India
google_maps,SILVER+ART+MUSEUM+%2F+SONAAKSHI+JEWELS,SILVER ART MUSEUM / SONAAKSHI JEWELS,Jewellery,Retail,"Jewelry store · Dwaraka Nagar,NAVARATHNA JEWEL SQUARE,GF:02, opposite TSR Complex",,,4.9,61,OPERATIONAL,,,,Srikakulam,Andhra Pradesh,India
google_maps,Kila+Silver+jewellery,Kila Silver jewellery,Jewellery,Retail,"Jewelry store · beside lassi shop, opposite to Kotak Mahindra bank",,,5.0,168,OPERATIONAL,,,,Srikakulam,Andhra Pradesh,India
google_maps,SRI+AMBICA+PEARLS+AND+JEWELLERY,SRI AMBICA PEARLS AND JEWELLERY,Jewellery,Retail,Jewelry store · Main road Durghanagar,,,4.8,54,OPERATIONAL,,,,Srikakulam,Andhra Pradesh,India
google_maps,EMMADI+SILVER+JEWELLERY+-+VISAKHAPATNAM,EMMADI SILVER JEWELLERY - VISAKHAPATNAM,Jewellery,Retail,"Jewelry store · D. No: 9-24-11/1, Waltair Main Rd, near Sampath Vinayaka Temple Road",,,4.9,1664,OPERATIONAL,,,,Srikakulam,Andhra Pradesh,India
google_maps,P.B.+Jewel+Palace,P.B. Jewel Palace,Jewellery,Retail,"Srikakulam, Andhra Pradesh",,,4.3,176,OPERATIONAL,,,,Srikakulam,Andhra Pradesh,India
google_maps,"LALITHAA+SILVERS+%28MMTC+GOLD+%26+SILVER+COIN+AVAILABLE+,+BEST+SILVER+STORE+IN+VISAKHAPATNAM%29","LALITHAA SILVERS (MMTC GOLD & SILVER COIN AVAILABLE , BEST SILVER STORE IN VISAKHAPATNAM)",Jewellery,Retail,"Srikakulam, Andhra Pradesh",,,5.0,881,OPERATIONAL,,,,Srikakulam,Andhra Pradesh,India
google_maps,V+Jewellery+Mart+Asilmetta,V Jewellery Mart Asilmetta,Jewellery,Retail,"Srikakulam, Andhra Pradesh",,,4.9,554,OPERATIONAL,,,,Srikakulam,Andhra Pradesh,India
google_maps,Rang+Raj+Jewellers,Rang Raj Jewellers,Jewellery,Retail,Jewelry store · opposite TSR Complex,,,4.8,57,OPERATIONAL,,,,Srikakulam,Andhra Pradesh,India
google_maps,Sriyaansh+German+Silver,Sriyaansh German Silver,Jewellery,Retail,"Silversmith · Balaji Hills, near Port Ground",,,4.8,54,OPERATIONAL,,,,Srikakulam,Andhra Pradesh,India
google_maps,Sri+Adhilakshmi+Jewellers,Sri Adhilakshmi Jewellers,Jewellery,Retail,"Srikakulam, Andhra Pradesh",,,4.9,2286,OPERATIONAL,,,,Srikakulam,Andhra Pradesh,India
google_maps,Siya+Fine+Silver+Jewellery,Siya Fine Silver Jewellery,Jewellery,Retail,"Srikakulam, Andhra Pradesh",,,4.8,146,OPERATIONAL,,,,Srikakulam,Andhra Pradesh,India
google_maps,PMJ+Jewels+Vishakapatnam,PMJ Jewels Vishakapatnam,Jewellery,Retail,"Srikakulam, Andhra Pradesh",,,4.9,1585,OPERATIONAL,,,,Srikakulam,Andhra Pradesh,India
google_maps,Harideep+Jewllers,Harideep Jewllers,Jewellery,Retail,"Srikakulam, Andhra Pradesh",,,5.0,1,OPERATIONAL,,,,Srikakulam,Andhra Pradesh,India
google_maps,GSfootwear,GSfootwear,Jewellery,Retail,"Srikakulam, Andhra Pradesh",,,,0,OPERATIONAL,,,,Srikakulam,Andhra Pradesh,India
google_maps,Sri+Mahalakshmi+jewellers,Sri Mahalakshmi jewellers,Jewellery,Retail,"Jewelry store · 6M2Q+CJR, Ramatheertham road",,,,0,OPERATIONAL,,,,Srikakulam,Andhra Pradesh,India
google_maps,Lalitha+gold,Lalitha gold,Jewellery,Retail,"Srikakulam, Andhra Pradesh",,,5.0,6,OPERATIONAL,,,,Srikakulam,Andhra Pradesh,India
google_maps,"UNIQUE+SPARK+One+gram+gold+,+Biys+and+girls+accessories","UNIQUE SPARK One gram gold , Biys and girls accessories",Jewellery,Retail,"Srikakulam, Andhra Pradesh",,,,0,OPERATIONAL,,,,Srikakulam,Andhra Pradesh,India
google_maps,"Siddi+vinayaka+jewellers,+ranasthalam","Siddi vinayaka jewellers, ranasthalam",Jewellery,Retail,"Srikakulam, Andhra Pradesh",,,,0,OPERATIONAL,,,,Srikakulam,Andhra Pradesh,India
google_maps,"Kisna+Diamond+%26+Gold+Jewellery-+Visakhaptnam,+Andhra+Pradesh","Kisna Diamond & Gold Jewellery- Visakhaptnam, Andhra Pradesh",Jewellery,Retail,"Srikakulam, Andhra Pradesh",,,4.9,41,OPERATIONAL,,,,Srikakulam,Andhra Pradesh,India
google_maps,Gold+smith+giri+gold+work,Gold smith giri gold work,Jewellery,Retail,"Srikakulam, Andhra Pradesh",,,3.0,1,OPERATIONAL,,,,Srikakulam,Andhra Pradesh,India
google_maps,Sopinti+Raju+Cutting+Machine+Works,Sopinti Raju Cutting Machine Works,Jewellery,Retail,"Srikakulam, Andhra Pradesh",,,4.3,4,OPERATIONAL,,,,Srikakulam,Andhra Pradesh,India
google_maps,Jyothi+Moulding+Works,Jyothi Moulding Works,Jewellery,Retail,"Srikakulam, Andhra Pradesh",,,5.0,8,OPERATIONAL,,,,Srikakulam,Andhra Pradesh,India
google_maps,Haq+Fashion+Gallery,Haq Fashion Gallery,Jewellery,Retail,"Srikakulam, Andhra Pradesh",,,4.5,2,OPERATIONAL,,,,Srikakulam,Andhra Pradesh,India
google_maps,%E0%B0%B0%E0%B0%BF%E0%B0%B7%E0%B0%BF%E0%B0%A4+%E0%B0%95%E0%B0%B5%E0%B0%B0%E0%B0%BF%E0%B0%82%E0%B0%97%E0%B1%8D+%E0%B0%97%E0%B1%8B%E0%B0%B2%E0%B1%8D%E0%B0%A1%E0%B1%8D+%E0%B0%AB%E0%B1%8D%E0%B0%AF%E0%B0%BE%E0%B0%B2%E0%B1%86%E0%B0%B8%E0%B1%8D,రిషిత కవరింగ్ గోల్డ్ ఫ్యాలెస్,Jewellery,Retail,"Srikakulam, Andhra Pradesh",,,,0,OPERATIONAL,,,,Srikakulam,Andhra Pradesh,India
google_maps,Gnaneswari+jewellers,Gnaneswari jewellers,Jewellery,Retail,"Srikakulam, Andhra Pradesh",,,4.7,3,OPERATIONAL,,,,Srikakulam,Andhra Pradesh,India
google_maps,SRI+SAI+JAGADEESH+JEWELLERS,SRI SAI JAGADEESH JEWELLERS,Jewellery,Retail,"Srikakulam, Andhra Pradesh",,,5.0,1,OPERATIONAL,,,,Srikakulam,Andhra Pradesh,India
google_maps,Sri+Raja+rajeshwari+Jewellery,Sri Raja rajeshwari Jewellery,Jewellery,Retail,"Srikakulam, Andhra Pradesh",070933 61355,,5.0,1,OPERATIONAL,,,,Srikakulam,Andhra Pradesh,India
google_maps,KILLANA+COMPLEX,KILLANA COMPLEX,Jewellery,Retail,"Srikakulam, Andhra Pradesh",,,5.0,5,OPERATIONAL,,,,Srikakulam,Andhra Pradesh,India
google_maps,Sri+Vigneshwara+Gems+%26+Jewellers,Sri Vigneshwara Gems & Jewellers,Jewellery,Retail,"Jewelry store · 9Q24+4RR, Market Road",,,5.0,4,OPERATIONAL,,,,Srikakulam,Andhra Pradesh,India
google_maps,RR+JEWELLERS,RR JEWELLERS,Jewellery,Retail,"Jewelry store · near Masid, near Rtc Complex",,,2.0,1,OPERATIONAL,,,,Srikakulam,Andhra Pradesh,India
google_maps,"Sri+Rama+Jewellers+%28Mettavalasa+vaari%29,Ponduru","Sri Rama Jewellers (Mettavalasa vaari),Ponduru",Jewellery,Retail,"Srikakulam, Andhra Pradesh",,,,0,OPERATIONAL,,,,Srikakulam,Andhra Pradesh,India
google_maps,Seetamanaidu+Jewellers,Seetamanaidu Jewellers,Jewellery,Retail,"Jewelry store · RTC Bus Stand Road, opp. Bus Stand",,,,0,OPERATIONAL,,,,Srikakulam,Andhra Pradesh,India
google_maps,"BlueStone+Jewellery+Inorbit+Mall,+Visakhapatnam","BlueStone Jewellery Inorbit Mall, Visakhapatnam",Jewellery,Retail,"Jewelry store · 220/1/P, 221/1/P, 222/1A/P and 224/P of Zone-Z8 at Village, Dwarkanagar",,,5.0,22,OPERATIONAL,,,,Srikakulam,Andhra Pradesh,India
google_maps,"BlueStone+Jewellery+Madhurawada,+Visakhapatnam","BlueStone Jewellery Madhurawada, Visakhapatnam",Jewellery,Retail,"Jewelry store · GF and FF, Plot No 5 & 8, 100 Feet Rd, Main Rd, near PM Palem Main Road, opp. westside",,,4.9,68,OPERATIONAL,,,,Srikakulam,Andhra Pradesh,India
google_maps,Jain+Gold+%26+Diamonds,Jain Gold & Diamonds,Jewellery,Retail,"Srikakulam, Andhra Pradesh",,,,0,OPERATIONAL,,,,Srikakulam,Andhra Pradesh,India
google_maps,Frontier+Plywoods,Frontier Plywoods,Jewellery,Retail,"Srikakulam, Andhra Pradesh",,,4.8,99,OPERATIONAL,,,,Srikakulam,Andhra Pradesh,India
google_maps,"Wood+%26+wud+trading,visakhapatnam","Wood & wud trading,visakhapatnam",Jewellery,Retail,"Lumber store · 49-24-7/B, Diamond Park Rd, near Sankara Matam Road",,,4.4,21,OPERATIONAL,,,,Srikakulam,Andhra Pradesh,India
google_maps,Vinayaka+Music+Square,Vinayaka Music Square,Jewellery,Retail,"Musical instrument store ·  · D. No. 47-13-4, 5th Lane, Opp Diamond Pearl Hotel, Diamond Park Rd, near Subaya Gari Hotel",,,4.3,358,OPERATIONAL,,,,Srikakulam,Andhra Pradesh,India
google_maps,Sree+Sai+Jyothi+Gold+Testing,Sree Sai Jyothi Gold Testing,Jewellery,Retail,"Goldsmith · Kurupam Market, 22-51-25, Vasantharao Street, Town Hall St",,,4.9,19,OPERATIONAL,,,,Srikakulam,Andhra Pradesh,India
google_maps,IVR+GOLD+TESTING,IVR GOLD TESTING,Jewellery,Retail,"Goldsmith · Kurupam Market, 22-69-8/4, Vasanthrao Street",,,5.0,4,OPERATIONAL,,,,Srikakulam,Andhra Pradesh,India
google_maps,Bangaraju+Goldsmith,Bangaraju Goldsmith,Jewellery,Retail,"Srikakulam, Andhra Pradesh",098490 33201,,5.0,1,OPERATIONAL,,,,Srikakulam,Andhra Pradesh,India
google_maps,SJ+gold+and+silver+repair+works,SJ gold and silver repair works,Jewellery,Retail,"Srikakulam, Andhra Pradesh",,,,0,OPERATIONAL,,,,Srikakulam,Andhra Pradesh,India
google_maps,"GIVA+Silver+%26+Gold+Jewellery+Store+%7C+Madhurwada,+Vishakhapatnam","GIVA Silver & Gold Jewellery Store | Madhurwada, Vishakhapatnam",Jewellery,Retail,"Srikakulam, Andhra Pradesh",,,5.0,344,OPERATIONAL,,,,Srikakulam,Andhra Pradesh,India
google_maps,Mastan+Gold+palace,Mastan Gold palace,Jewellery,Retail,"Goldsmith · P6WC+VCH, Gopalapatnam Main Road",,,4.7,3,OPERATIONAL,,,,Srikakulam,Andhra Pradesh,India
google_maps,Gold+Jewellery+World+%7Bsk+feroz%7D,Gold Jewellery World {sk feroz},Jewellery,Retail,"Goldsmith · 1ST FLOOR, SRI LAKSHMI NARASIMHA COMPLEX, 22-51-21, Town Hall St, near Kurupam Market",,,,0,OPERATIONAL,,,,Srikakulam,Andhra Pradesh,India
google_maps,"GIVA+Silver+%26+Gold+Jewellery+Store+%7C+Inorbit+Mall,+Visakhapatnam","GIVA Silver & Gold Jewellery Store | Inorbit Mall, Visakhapatnam",Jewellery,Retail,"Srikakulam, Andhra Pradesh",,,5.0,104,OPERATIONAL,,,,Srikakulam,Andhra Pradesh,India
google_maps,Jagdamb+laser+soldering,Jagdamb laser soldering,Jewellery,Retail,"Goldsmith · Shop no. 15, Ratna arcade, station road, opp. TSR Complex",,,,0,OPERATIONAL,,,,Srikakulam,Andhra Pradesh,India
google_maps,Sri+bagawan+sai+ram+gold+works,Sri bagawan sai ram gold works,Jewellery,Retail,"Srikakulam, Andhra Pradesh",,,,0,OPERATIONAL,,,,Srikakulam,Andhra Pradesh,India
google_maps,Sri+Janakiram+Jewellers,Sri Janakiram Jewellers,Jewellery,Retail,"Srikakulam, Andhra Pradesh",,,4.9,656,OPERATIONAL,,,,Srikakulam,Andhra Pradesh,India
google_maps,Sri+Ganesh+Gold+Testing,Sri Ganesh Gold Testing,Jewellery,Retail,"Goldsmith · Shop No. 4, Junction Manchu, Konda St, near Polyster House",,,4.8,4,OPERATIONAL,,,,Srikakulam,Andhra Pradesh,India
google_maps,Venkataraman+Appalabatthula,Venkataraman Appalabatthula,Jewellery,Retail,"Srikakulam, Andhra Pradesh",,,,0,OPERATIONAL,,,,Srikakulam,Andhra Pradesh,India
google_maps,Rohini+jewellery,Rohini jewellery,Jewellery,Retail,"Srikakulam, Andhra Pradesh",,,5.0,7,OPERATIONAL,,,,Srikakulam,Andhra Pradesh,India
google_maps,Gold+Testing+Centre+%28GT%29,Gold Testing Centre (GT),Jewellery,Retail,"Goldsmith · Door No. 7-1-2/1, Near Kanyakaparameswari Temple Manchukondavari Street",,,4.4,7,OPERATIONAL,,,,Srikakulam,Andhra Pradesh,India
google_maps,Jagdamb+gold+Laser+soldering,Jagdamb gold Laser soldering,Jewellery,Retail,"Goldsmith · Rajavari St, opposite Om Sai ram jeweller s",,,,0,OPERATIONAL,,,,Srikakulam,Andhra Pradesh,India
google_maps,M.G.Novalties,M.G.Novalties,Jewellery,Retail,"Srikakulam, Andhra Pradesh",,,5.0,1,OPERATIONAL,,,,Srikakulam,Andhra Pradesh,India
google_maps,RRR+Laser+Soldering+%26+Polish+Works,RRR Laser Soldering & Polish Works,Jewellery,Retail,"Jewelry repair service · Shop No 52, TSR Complex, Road, near RTC Bus Stand",,,5.0,2,OPERATIONAL,,,,Srikakulam,Andhra Pradesh,India
google_maps,Chan+Basha+gold+and+silver+polishing+and+repair+works,Chan Basha gold and silver polishing and repair works,Jewellery,Retail,"Goldsmith · New, Gajuwaka - Scindia Rd, near bata showroom",,,5.0,3,OPERATIONAL,,,,Srikakulam,Andhra Pradesh,India
google_maps,GN+GOLD+WORKS+PROP+NANI,GN GOLD WORKS PROP NANI,Jewellery,Retail,"Srikakulam, Andhra Pradesh",,,,0,OPERATIONAL,,,,Srikakulam,Andhra Pradesh,India
google_maps,PEDAPATI+MALLESWARA+RAO,PEDAPATI MALLESWARA RAO,Jewellery,Retail,"Srikakulam, Andhra Pradesh",,,5.0,1,OPERATIONAL,,,,Srikakulam,Andhra Pradesh,India
google_maps,LVN+Laser+soldering+and+Moulding+works,LVN Laser soldering and Moulding works,Jewellery,Retail,"Srikakulam, Andhra Pradesh",,,5.0,2,OPERATIONAL,,,,Srikakulam,Andhra Pradesh,India
google_maps,Sai+Krishna+Dharama+Kata,Sai Krishna Dharama Kata,Jewellery,Retail,"Srikakulam, Andhra Pradesh",,,,0,OPERATIONAL,,,,Srikakulam,Andhra Pradesh,India
google_maps,Bheema+Gold+Workshop,Bheema Gold Workshop,Jewellery,Retail,"Srikakulam, Andhra Pradesh",,,,0,OPERATIONAL,,,,Srikakulam,Andhra Pradesh,India
google_maps,SRI+GOVINDA+JEWELLERS,SRI GOVINDA JEWELLERS,Jewellery,Retail,"Srikakulam, Andhra Pradesh",,,4.6,689,OPERATIONAL,,,,Srikakulam,Andhra Pradesh,India
google_maps,Anantha+Jewellers,Anantha Jewellers,Jewellery,Retail,"Jewelry store · Krishna nagar road near APGVB BANK OPPOSITE DMART SERVICE ROAD, 530041",,,4.7,40,OPERATIONAL,,,,Srikakulam,Andhra Pradesh,India
google_maps,Khazana+Jewellery+-+Visakhapatnam+-+Gajuwaka,Khazana Jewellery - Visakhapatnam - Gajuwaka,Jewellery,Retail,"Srikakulam, Andhra Pradesh",,,4.8,10259,OPERATIONAL,,,,Srikakulam,Andhra Pradesh,India
google_maps,Jaishnav+Aditya+Jewellery+Works,Jaishnav Aditya Jewellery Works,Jewellery,Retail,"Srikakulam, Andhra Pradesh",,,,0,OPERATIONAL,,,,Srikakulam,Andhra Pradesh,India
google_maps,Khazana+Jewellery+-+Visakhapatnam+-+Gopalapatnam,Khazana Jewellery - Visakhapatnam - Gopalapatnam,Jewellery,Retail,"Srikakulam, Andhra Pradesh",,,4.9,11594,OPERATIONAL,,,,Srikakulam,Andhra Pradesh,India
google_maps,Missamma+Emporio+%28empower+your+style%29,Missamma Emporio (empower your style),Jewellery,Retail,"Handbags shop · School Main Gate, 9-24-12 Chandu Mansion, near timpany",,,5.0,15,OPERATIONAL,,,,Srikakulam,Andhra Pradesh,India
google_maps,Kanthamma+Fancy+%26+General+Store,Kanthamma Fancy & General Store,Jewellery,Retail,"Srikakulam, Andhra Pradesh",,,4.6,5,OPERATIONAL,,,,Srikakulam,Andhra Pradesh,India
google_maps,Goyaz+Silver+Jewellery,Goyaz Silver Jewellery,Jewellery,Retail,"Srikakulam, Andhra Pradesh",,,4.8,1388,OPERATIONAL,,,,Srikakulam,Andhra Pradesh,India
google_maps,Mamidi%27s+Bentex,Mamidi's Bentex,Jewellery,Retail,"Srikakulam, Andhra Pradesh",,,3.7,37,OPERATIONAL,,,,Srikakulam,Andhra Pradesh,India
google_maps,ASRITH+JEWELS,ASRITH JEWELS,Jewellery,Retail,"Srikakulam, Andhra Pradesh",,,5.0,63,OPERATIONAL,,,,Srikakulam,Andhra Pradesh,India
google_maps,Viswas+Silver+Palace,Viswas Silver Palace,Jewellery,Retail,"Jeweler · 50-50-38/5, near Gurudwara, near Rama hospital",,,5.0,36,OPERATIONAL,,,,Srikakulam,Andhra Pradesh,India
google_maps,YRK+JEWELLERS,YRK JEWELLERS,Jewellery,Retail,"Jewelry store · TSR Complex, 4th floor,navaratna jewel square, opp. Waltair Station Approach Road",,,4.9,16,OPERATIONAL,,,,Srikakulam,Andhra Pradesh,India
google_maps,Gold+spot,Gold spot,Jewellery,Retail,"Srikakulam, Andhra Pradesh",,,5.0,19,OPERATIONAL,,,,Srikakulam,Andhra Pradesh,India
google_maps,"Limelight+Lab+Grown+Diamonds+-+Visakhapatnam,Andhra+Pradesh","Limelight Lab Grown Diamonds - Visakhapatnam,Andhra Pradesh",Jewellery,Retail,"Jewelry store · Door, No - 9-25-19, Ground Floor , Sampath Plaza, Rama Talkies Rd, opposite Ramachandra Brothers Furniture’s",,,5.0,2,OPERATIONAL,,,,Srikakulam,Andhra Pradesh,India
google_maps,Luckie+Sisters+Collections,Luckie Sisters Collections,Jewellery,Retail,"Srikakulam, Andhra Pradesh",,,5.0,1,OPERATIONAL,,,,Srikakulam,Andhra Pradesh,India
google_maps,Shree+1+Gram+Gold,Shree 1 Gram Gold,Jewellery,Retail,"Srikakulam, Andhra Pradesh",,,,0,OPERATIONAL,,,,Srikakulam,Andhra Pradesh,India
google_maps,Shree+Jewellery,Shree Jewellery,Jewellery,Retail,"Srikakulam, Andhra Pradesh",,,4.4,28,OPERATIONAL,,,,Srikakulam,Andhra Pradesh,India
google_maps,Sangeetha+Collection%E2%80%99s,Sangeetha Collection’s,Jewellery,Retail,"Srikakulam, Andhra Pradesh",,,4.0,13,OPERATIONAL,,,,Srikakulam,Andhra Pradesh,India
google_maps,Attica+Gold+Company+-+Gold+Buyers+In+Visakhapatnam+Rama+Talkies,Attica Gold Company - Gold Buyers In Visakhapatnam Rama Talkies,Jewellery,Retail,"Jewelry buyer · 48-14-84/6, Ramatalkies Junction, opposite Subham Prema Hospital",,,4.9,291,OPERATIONAL,,,,Srikakulam,Andhra Pradesh,India
google_maps,A+To+Z+Fancy+%26+Gift+Articles,A To Z Fancy & Gift Articles,Jewellery,Retail,Gift shop ·  · Eenadu Road,,,3.9,31,OPERATIONAL,,,,Srikakulam,Andhra Pradesh,India
google_maps,%E0%B0%B6%E0%B1%8D%E0%B0%B0%E0%B1%80+%E0%B0%B0%E0%B1%82%E0%B0%AA%E0%B0%BE+%E0%B0%AC%E0%B1%8D%E0%B0%AF%E0%B0%BE%E0%B0%82%E0%B0%97%E0%B0%BF%E0%B0%B2%E0%B1%8D%E0%B0%B8%E0%B1%8D+%26+%E0%B0%9C%E0%B0%A8%E0%B0%B0%E0%B0%B2%E0%B1%8D%E0%B0%B8%E0%B1%8D,శ్రీ రూపా బ్యాంగిల్స్ & జనరల్స్,Jewellery,Retail,"Srikakulam, Andhra Pradesh",093461 57793,,,0,OPERATIONAL,,,,Srikakulam,Andhra Pradesh,India
google_maps,RAMANAIDU+JEWELLERY+SHOP,RAMANAIDU JEWELLERY SHOP,Jewellery,Retail,"Srikakulam, Andhra Pradesh",,,4.3,35,OPERATIONAL,,,,Srikakulam,Andhra Pradesh,India
google_maps,Gems+Palace,Gems Palace,Jewellery,Retail,"Gemstone Jeweler ·  · Shop No-30, Satya Surya Complex,RTC Complex, 48-19-1/79, Seethammapetha Rd, Road",,,4.9,58,OPERATIONAL,,,,Srikakulam,Andhra Pradesh,India
google_maps,SS+Silver+Jewel,SS Silver Jewel,Jewellery,Retail,"Srikakulam, Andhra Pradesh",,,4.9,109,OPERATIONAL,,,,Srikakulam,Andhra Pradesh,India
google_maps,SUNDARA+KRISHNA+JEWELLERY,SUNDARA KRISHNA JEWELLERY,Jewellery,Retail,"Jewelry store · QC69+2W4, KT Rd (Kasibugga-Tharlakota Road)",,,,0,OPERATIONAL,,,,Srikakulam,Andhra Pradesh,India
google_maps,Sri+Vishnu+Silvers,Sri Vishnu Silvers,Jewellery,Retail,Jewelry store · Market Street,,,,0,OPERATIONAL,,,,Srikakulam,Andhra Pradesh,India
google_maps,Gold+Work,Gold Work,Jewellery,Retail,"Jewelry store · Old Nh5 Post Office, down Srikakulam",,,,0,OPERATIONAL,,,,Srikakulam,Andhra Pradesh,India
google_maps,Sri+Kanaka+Mahalakshmi+Jewellers,Sri Kanaka Mahalakshmi Jewellers,Jewellery,Retail,"Jewelry store · near Ambedkar Junction, opp. Post Office",,,4.7,3,OPERATIONAL,,,,Srikakulam,Andhra Pradesh,India
google_maps,R+K+Jewellers,R K Jewellers,Jewellery,Retail,"Srikakulam, Andhra Pradesh",,,5.0,1,OPERATIONAL,,,,Srikakulam,Andhra Pradesh,India
google_maps,VK+Gems+%26+Jewels,VK Gems & Jewels,Jewellery,Retail,"Srikakulam, Andhra Pradesh",,,5.0,8,OPERATIONAL,,,,Srikakulam,Andhra Pradesh,India
google_maps,DIAMOND+ENTERPRISES+CENTURY+PLYWOOD+AND+ASIAN+PAINTS+HARDWARE,DIAMOND ENTERPRISES CENTURY PLYWOOD AND ASIAN PAINTS HARDWARE,Jewellery,Retail,"Srikakulam, Andhra Pradesh",,,4.7,3,OPERATIONAL,,,,Srikakulam,Andhra Pradesh,India
google_maps,Sri+Siva+Sai+Jewellers,Sri Siva Sai Jewellers,Jewellery,Retail,"Jewelry store · beside SBI, near Sompeta Police Station",,,4.9,31,OPERATIONAL,,,,Srikakulam,Andhra Pradesh,India
google_maps,Potnuru+Kanna%27s+house,Potnuru Kanna's house,Jewellery,Retail,"Srikakulam, Andhra Pradesh",,,5.0,1,OPERATIONAL,,,,Srikakulam,Andhra Pradesh,India
google_maps,S.V.L+Bangles,S.V.L Bangles,Jewellery,Retail,"Bangle Shop · Borubhadra village,door number 1-67,santhabommali mandalam,srikakulam dist Main road, Megavaram Rd",,,4.7,3,OPERATIONAL,,,,Srikakulam,Andhra Pradesh,India
google_maps,S+V+R+Jewellery,S V R Jewellery,Jewellery,Retail,"Srikakulam, Andhra Pradesh",,,5.0,2,OPERATIONAL,,,,Srikakulam,Andhra Pradesh,India
google_maps,Navrang+jewellery,Navrang jewellery,Jewellery,Retail,"Costume jewelry shop · tp apartment, near by Mi store",,,,0,OPERATIONAL,,,,Srikakulam,Andhra Pradesh,India
google_maps,SRI+SRINIVASA+JEWELLERS,SRI SRINIVASA JEWELLERS,Jewellery,Retail,"Jewelry store ·  · Main road ,Sompeta Gandhi Mandapam",,,4.0,47,OPERATIONAL,,,,Srikakulam,Andhra Pradesh,India
google_maps,Sri+Kanka+Mahalakshmi+Jewellery+Mart,Sri Kanka Mahalakshmi Jewellery Mart,Jewellery,Retail,"Srikakulam, Andhra Pradesh",,,5.0,1,OPERATIONAL,,,,Srikakulam,Andhra Pradesh,India
google_maps,Ratnalatha+Jewellery,Ratnalatha Jewellery,Jewellery,Retail,Jewelry store · Bazzar street,,,5.0,4,OPERATIONAL,,,,Srikakulam,Andhra Pradesh,India
google_maps,Shreeraj+Jewellers,Shreeraj Jewellers,Jewellery,Retail,"Srikakulam, Andhra Pradesh",,,5.0,1,OPERATIONAL,,,,Srikakulam,Andhra Pradesh,India
google_maps,Madhu+Jewellers,Madhu Jewellers,Jewellery,Retail,"Srikakulam, Andhra Pradesh",,,4.4,7,OPERATIONAL,,,,Srikakulam,Andhra Pradesh,India
google_maps,Sana+Giri+Jewellers,Sana Giri Jewellers,Jewellery,Retail,Jewelry store · Big bazaar street,,,5.0,2,OPERATIONAL,,,,Srikakulam,Andhra Pradesh,India
google_maps,SVS+jewellery,SVS jewellery,Jewellery,Retail,"Srikakulam, Andhra Pradesh",,,,0,OPERATIONAL,,,,Srikakulam,Andhra Pradesh,India
google_maps,S+V+Jewellers,S V Jewellers,Jewellery,Retail,"Srikakulam, Andhra Pradesh",,,,0,OPERATIONAL,,,,Srikakulam,Andhra Pradesh,India
google_maps,%E0%B0%86%E0%B0%A8%E0%B0%82%E0%B0%A6%E0%B1%8D+%E0%B0%9C%E0%B1%8D%E0%B0%AF%E0%B1%82%E0%B0%AF%E0%B0%B2%E0%B0%B0%E0%B1%8D%E0%B0%B8%E0%B1%8D+prop:+voona.aravind,ఆనంద్ జ్యూయలర్స్ prop: voona.aravind,Jewellery,Retail,"Jewelry store · Main Road, opp. : Gandhi",,,3.9,24,OPERATIONAL,,,,Srikakulam,Andhra Pradesh,India
google_maps,Devarayulu+Anukoju+gold+shop,Devarayulu Anukoju gold shop,Jewellery,Retail,"Srikakulam, Andhra Pradesh",094932 89792,,4.0,1,OPERATIONAL,,,,Srikakulam,Andhra Pradesh,India
google_maps,Chitrada+Jewellers,Chitrada Jewellers,Jewellery,Retail,Jewelry store · Market Street,094401 13126,,4.0,1,OPERATIONAL,,,,Srikakulam,Andhra Pradesh,India
google_maps,MD+NAZIR+AHAMED,MD NAZIR AHAMED,Jewellery,Retail,Jewelry store · Market Street,,,5.0,1,OPERATIONAL,,,,Srikakulam,Andhra Pradesh,India
google_maps,Venkataramana+Jewellers,Venkataramana Jewellers,Jewellery,Retail,"Srikakulam, Andhra Pradesh",,,4.6,14,OPERATIONAL,,,,Srikakulam,Andhra Pradesh,India
google_maps,Span%27s+Makeup+%26+Mehandi+%28Span%27s+Studio+%26+Span%27s+saloonn%29+%7C+Services+%26+Academy+%26+Rental+Jewellery,Span's Makeup & Mehandi (Span's Studio & Span's saloonn) | Services & Academy & Rental Jewellery,Jewellery,Retail,"Srikakulam, Andhra Pradesh",,,5.0,72,OPERATIONAL,,,,Srikakulam,Andhra Pradesh,India
google_maps,Sri+Srinivasa+jewellery+mart,Sri Srinivasa jewellery mart,Jewellery,Retail,"Srikakulam, Andhra Pradesh",,,4.6,5,OPERATIONAL,,,,Srikakulam,Andhra Pradesh,India
google_maps,Swarna+jewellery,Swarna jewellery,Jewellery,Retail,"Jewelry store ·  · P6X9+4WG, 6-77, Gopalapatnam Main Road",,,4.3,352,OPERATIONAL,,,,Srikakulam,Andhra Pradesh,India
google_maps,Seven+Hills+Steel+Centre,Seven Hills Steel Centre,Jewellery,Retail,"Shopping mall ·  · Sompeta - Baruva Road, H.no 7-71, Town Hall Street, Rapakaputtuga",,,4.3,154,OPERATIONAL,,,,Srikakulam,Andhra Pradesh,India
google_maps,NAGESWARA+JWELLERY+MART,NAGESWARA JWELLERY MART,Jewellery,Retail,Jewelry store · Radham Street,,,4.8,4,OPERATIONAL,,,,Srikakulam,Andhra Pradesh,India
google_maps,RITHVIKA+GOLD+%28+Former+Sri+Srinivasa+Jewellery+Mart%29,RITHVIKA GOLD ( Former Sri Srinivasa Jewellery Mart),Jewellery,Retail,"Jewelry store · Main Rd, near Town Police Station",,,3.7,3,OPERATIONAL,,,,Srikakulam,Andhra Pradesh,India
google_maps,Vecha+Ramu+Jewellers,Vecha Ramu Jewellers,Jewellery,Retail,"Srikakulam, Andhra Pradesh",,,5.0,1,OPERATIONAL,,,,Srikakulam,Andhra Pradesh,India
google_maps,SWAMY+JEWELLERY+S,SWAMY JEWELLERY S,Jewellery,Retail,"Srikakulam, Andhra Pradesh",,,4.5,4,OPERATIONAL,,,,Srikakulam,Andhra Pradesh,India
google_maps,MEENAKSHI+JEWELLERS,MEENAKSHI JEWELLERS,Jewellery,Retail,"Srikakulam, Andhra Pradesh",,,4.7,3,OPERATIONAL,,,,Srikakulam,Andhra Pradesh,India
google_maps,Keshab+jewelry+shop,Keshab jewelry shop,Jewellery,Retail,"Srikakulam, Andhra Pradesh",,,5.0,2,OPERATIONAL,,,,Srikakulam,Andhra Pradesh,India
google_maps,Maa+Mangalamma+1gm+Gold+jewellers+ichapuram,Maa Mangalamma 1gm Gold jewellers ichapuram,Jewellery,Retail,"Srikakulam, Andhra Pradesh",,,,0,OPERATIONAL,,,,Srikakulam,Andhra Pradesh,India
google_maps,Sri+Lalitha+Jewellers,Sri Lalitha Jewellers,Jewellery,Retail,Jewelry store · MainRoad,,,5.0,1,OPERATIONAL,,,,Srikakulam,Andhra Pradesh,India
google_maps,Cs+jewellery,Cs jewellery,Jewellery,Retail,"Srikakulam, Andhra Pradesh",,,5.0,3,OPERATIONAL,,,,Srikakulam,Andhra Pradesh,India
google_maps,SRI+Laxmi+BangleS,SRI Laxmi BangleS,Jewellery,Retail,"Jewelry store · 3-1-108 Main Road, Jn",094942 06043,,,0,OPERATIONAL,,,,Srikakulam,Andhra Pradesh,India
google_maps,Sunday+Market+%28+Adivaram+Santha%29,Sunday Market ( Adivaram Santha),Jewellery,Retail,"Market · 2H2X+36J, Srikakulam - Ichchapuram Hwy",,,4.4,261,OPERATIONAL,,,,Srikakulam,Andhra Pradesh,India
google_maps,SRI+LAXMI+SURYA+JEWELLERS,SRI LAXMI SURYA JEWELLERS,Jewellery,Retail,"Goldsmith · Street. tailor shop, Market, line",,,,0,OPERATIONAL,,,,Srikakulam,Andhra Pradesh,India
google_maps,DHILLESWAR+BEHARA,DHILLESWAR BEHARA,Jewellery,Retail,Jewelry store · near Daily Market,,,4.0,1,OPERATIONAL,,,,Srikakulam,Andhra Pradesh,India
google_maps,GURUMURTI+BEHARA,GURUMURTI BEHARA,Jewellery,Retail,"Srikakulam, Andhra Pradesh",,,,0,OPERATIONAL,,,,Srikakulam,Andhra Pradesh,India
google_maps,Sri+Srinivasa+Jewellers+-+91.6+KDM+Gold+and+Silver+Jewellers+in+Kancharapalem+%7C+Vizag,Sri Srinivasa Jewellers - 91.6 KDM Gold and Silver Jewellers in Kancharapalem | Vizag,Jewellery,Retail,"Srikakulam, Andhra Pradesh",,,3.8,9,OPERATIONAL,,,,Srikakulam,Andhra Pradesh,India
google_maps,Ganapathi+Jewellers,Ganapathi Jewellers,Jewellery,Retail,"Srikakulam, Andhra Pradesh",,,4.1,18,OPERATIONAL,,,,Srikakulam,Andhra Pradesh,India
google_maps,Tirumala+Jewellers,Tirumala Jewellers,Jewellery,Retail,"Jewelry store · J64M+GQH, Kacheri Street, Opp:Sai Baba Temple",,,4.2,6,OPERATIONAL,,,,Srikakulam,Andhra Pradesh,India
google_maps,BMR+Jewellers,BMR Jewellers,Jewellery,Retail,"Srikakulam, Andhra Pradesh",,,3.4,8,OPERATIONAL,,,,Srikakulam,Andhra Pradesh,India
google_maps,Sri+Mahalakshmi+Jewellers,Sri Mahalakshmi Jewellers,Jewellery,Retail,"Srikakulam, Andhra Pradesh",,,4.0,3,OPERATIONAL,,,,Srikakulam,Andhra Pradesh,India
google_maps,Sri+Krishna+jewells,Sri Krishna jewells,Jewellery,Retail,"Jeweler · Kacheri St, near DCC bank",,,,0,OPERATIONAL,,,,Srikakulam,Andhra Pradesh,India
google_maps,1+Gram+gold+shop,1 Gram gold shop,Jewellery,Retail,"Srikakulam, Andhra Pradesh",,,,0,OPERATIONAL,,,,Srikakulam,Andhra Pradesh,India
google_maps,"S+R+Jewelry+Mart,+Tekkali","S R Jewelry Mart, Tekkali",Jewellery,Retail,"Srikakulam, Andhra Pradesh",,,4.8,5,OPERATIONAL,,,,Srikakulam,Andhra Pradesh,India
google_maps,Sri+Krishna+Jewells,Sri Krishna Jewells,Jewellery,Retail,"Jewelry store · Tekkali Main Rd, Near post office",,,4.1,36,OPERATIONAL,,,,Srikakulam,Andhra Pradesh,India
google_maps,Kathyayani+Bangles+Fancy,Kathyayani Bangles Fancy,Jewellery,Retail,Beauty Products Wholesaler · near Railway Gate,,,5.0,3,OPERATIONAL,,,,Srikakulam,Andhra Pradesh,India
google_maps,"Helios+Watch+Store+-+Dwaraka+Nagar,+Visakhapatnam","Helios Watch Store - Dwaraka Nagar, Visakhapatnam",Jewellery,Retail,"Helios Watch Store - Dwaraka Nagar, Visakhapatnam",,,4.9,94,OPERATIONAL,,,,Srikakulam,Andhra Pradesh,India
google_maps,"Helios+Watch+Store+-+Srinagar+North,+Visakhapatnam","Helios Watch Store - Srinagar North, Visakhapatnam",Jewellery,Retail,"Watch store · Sri Prasadi Polayya Complex, Plot No 48/14/92, beside Unlimited store, near by Rama Talkies Road",,,4.8,2025,OPERATIONAL,,,,Srikakulam,Andhra Pradesh,India
google_maps,Splcart+Online+Store,Splcart Online Store,Jewellery,Retail,E-commerce service · near Chekkudu Rai Building,,,4.4,8,OPERATIONAL,,,,Srikakulam,Andhra Pradesh,India
google_maps,"Sree+krishna+1+gram+gold,+ladies+corner+and+gift+articles","Sree krishna 1 gram gold, ladies corner and gift articles",Jewellery,Retail,"Srikakulam, Andhra Pradesh",,,5.0,2,OPERATIONAL,,,,Srikakulam,Andhra Pradesh,India
google_maps,Kamal+Watch+Co.+-+Balaji+Towers,Kamal Watch Co. - Balaji Towers,Jewellery,Retail,"Srikakulam, Andhra Pradesh",,,4.8,3580,OPERATIONAL,,,,Srikakulam,Andhra Pradesh,India
google_maps,Kamal+Watch+Co.+-+CMR+Central+Mall,Kamal Watch Co. - CMR Central Mall,Jewellery,Retail,"Srikakulam, Andhra Pradesh",,,4.7,3439,OPERATIONAL,,,,Srikakulam,Andhra Pradesh,India
google_maps,SAMPATH+VINAYAKA+BANGLES+AND+FANCY+STORE,SAMPATH VINAYAKA BANGLES AND FANCY STORE,Jewellery,Retail,"Bangle Shop · Seri Street, Seri Street",,,4.4,8,OPERATIONAL,,,,Srikakulam,Andhra Pradesh,India
google_maps,DRK+Fashion+Jewellery,DRK Fashion Jewellery,Jewellery,Retail,"Srikakulam, Andhra Pradesh",,,,0,OPERATIONAL,,,,Srikakulam,Andhra Pradesh,India
google_maps,Jyoti+Jewellers,Jyoti Jewellers,Jewellery,Retail,"Srikakulam, Andhra Pradesh",,,4.6,5,OPERATIONAL,,,,Srikakulam,Andhra Pradesh,India
google_maps,Gold+Smith+Jejibabu,Gold Smith Jejibabu,Jewellery,Retail,"Srikakulam, Andhra Pradesh",,,5.0,1,OPERATIONAL,,,,Srikakulam,Andhra Pradesh,India
google_maps,Mandapuram+colony,Mandapuram colony,Jewellery,Retail,"Srikakulam, Andhra Pradesh",,,5.0,1,OPERATIONAL,,,,Srikakulam,Andhra Pradesh,India
google_maps,Madhu+Gold+simth,Madhu Gold simth,Jewellery,Retail,"Srikakulam, Andhra Pradesh",,,,0,OPERATIONAL,,,,Srikakulam,Andhra Pradesh,India
google_maps,Sohana+gold+gallery,Sohana gold gallery,Jewellery,Retail,"Goldsmith · J63M+492, Srinivasa NagarTekkali",,,,0,OPERATIONAL,,,,Srikakulam,Andhra Pradesh,India
google_maps,Venkatasai+Jewellers,Venkatasai Jewellers,Jewellery,Retail,"Srikakulam, Andhra Pradesh",,,,0,OPERATIONAL,,,,Srikakulam,Andhra Pradesh,India
google_maps,Ramani+Jewellers,Ramani Jewellers,Jewellery,Retail,"Jewelry store · Kacheri St, near RTC Complex",,,5.0,1,OPERATIONAL,,,,Srikakulam,Andhra Pradesh,India
google_maps,Sri+Shivananda+Jewellers,Sri Shivananda Jewellers,Jewellery,Retail,"Srikakulam, Andhra Pradesh",,,5.0,4,OPERATIONAL,,,,Srikakulam,Andhra Pradesh,India
google_maps,Tanuja+fancy+store+-+pathapatnam,Tanuja fancy store - pathapatnam,Jewellery,Retail,"Jewelry store · 8/150a, thumespeta street, near pathanjali store",,,,0,OPERATIONAL,,,,Srikakulam,Andhra Pradesh,India
google_maps,"karthik+jewellers,+pathapatnam","karthik jewellers, pathapatnam",Jewellery,Retail,"Store · ratnalapeta street, Parlakhemundi - Narasannapeta Rd",,,3.6,29,OPERATIONAL,,,,Srikakulam,Andhra Pradesh,India
google_maps,Teja+1+Gram+Gold+%26+Sarees,Teja 1 Gram Gold & Sarees,Jewellery,Retail,"Srikakulam, Andhra Pradesh",,,5.0,5,OPERATIONAL,,,,Srikakulam,Andhra Pradesh,India
google_maps,DILEEP+LADIES+CORNER+SHOP+PATHAPATANAM+ANDHARA+PRADESH,DILEEP LADIES CORNER SHOP PATHAPATANAM ANDHARA PRADESH,Jewellery,Retail,Bangle Shop · opposite sri gayatri bajaj,,,,0,OPERATIONAL,,,,Srikakulam,Andhra Pradesh,India
google_maps,Sri+Uma+Shankar+Jewellers,Sri Uma Shankar Jewellers,Jewellery,Retail,"Srikakulam, Andhra Pradesh",,,5.0,1,OPERATIONAL,,,,Srikakulam,Andhra Pradesh,India
google_maps,Gupta+Jewellers,Gupta Jewellers,Jewellery,Retail,"Jewelry store · P3XR+F4G, Main road, opp. duwari street",,,,0,OPERATIONAL,,,,Srikakulam,Andhra Pradesh,India
google_maps,VAIBHAV+JEWELLERS+-+Jewellery+Store+In+Narsipatnam,VAIBHAV JEWELLERS - Jewellery Store In Narsipatnam,Jewellery,Retail,"Jewelry store ·  · Main Rd, near Sub Collector Office",,,5.0,747,OPERATIONAL,,,,Srikakulam,Andhra Pradesh,India
google_maps,"Shiridigiri+Sai+Temple,Pathapatnam,srikakulam+dist","Shiridigiri Sai Temple,Pathapatnam,srikakulam dist",Jewellery,Retail,"Shiridigiri Sai Temple,Pathapatnam,srikakulam dist",,,4.8,124,OPERATIONAL,,,,Srikakulam,Andhra Pradesh,India
google_maps,PDN+Jewellers,PDN Jewellers,Jewellery,Retail,"Srikakulam, Andhra Pradesh",,,5.0,2,OPERATIONAL,,,,Srikakulam,Andhra Pradesh,India
google_maps,A+Mart,A Mart,Jewellery,Retail,"Srikakulam, Andhra Pradesh",,,4.1,32,OPERATIONAL,,,,Srikakulam,Andhra Pradesh,India
google_maps,Ramana+Jewellers,Ramana Jewellers,Jewellery,Retail,"Srikakulam, Andhra Pradesh",,,5.0,11,OPERATIONAL,,,,Srikakulam,Andhra Pradesh,India
google_maps,Sri+Rajarajeswari+jewellery,Sri Rajarajeswari jewellery,Jewellery,Retail,"Jewelry store · Main road, beside AMC medical center",,,,0,OPERATIONAL,,,,Srikakulam,Andhra Pradesh,India
google_maps,Krishna+gold+Smith,Krishna gold Smith,Jewellery,Retail,"Srikakulam, Andhra Pradesh",,,,0,OPERATIONAL,,,,Srikakulam,Andhra Pradesh,India
google_maps,%E0%B0%AA%E0%B0%A6%E0%B1%8D%E0%B0%AE%E0%B0%BE+%E0%B0%B7%E0%B1%82+%E0%B0%AE%E0%B0%BE%E0%B0%B0%E0%B1%8D%E0%B0%9F%E0%B1%8D,పద్మా షూ మార్ట్,Jewellery,Retail,Jewelry store · opposite sai baba temple,,,4.8,4,OPERATIONAL,,,,Srikakulam,Andhra Pradesh,India
google_maps,Sri+Bhaskara+Jewellers,Sri Bhaskara Jewellers,Jewellery,Retail,Jewelry buyer · main road,,,5.0,2,OPERATIONAL,,,,Srikakulam,Andhra Pradesh,India
google_maps,Sri+Tirumala+Jewellerys,Sri Tirumala Jewellerys,Jewellery,Retail,"Srikakulam, Andhra Pradesh",,,4.6,10,OPERATIONAL,,,,Srikakulam,Andhra Pradesh,India
google_maps,SRI+krishnaveni+jewellers,SRI krishnaveni jewellers,Jewellery,Retail,Jewelry store · kaivada street 6-108,,,5.0,8,OPERATIONAL,,,,Srikakulam,Andhra Pradesh,India
google_maps,Hemanth+Gems+And+Jewellery,Hemanth Gems And Jewellery,Jewellery,Retail,"Srikakulam, Andhra Pradesh",,,4.9,247,OPERATIONAL,,,,Srikakulam,Andhra Pradesh,India
google_maps,PMJ+Jewels+Vizianagaram,PMJ Jewels Vizianagaram,Jewellery,Retail,"Jewelry store · Ice Factory Junction, Ring Road, opp. More Super Market",,,5.0,397,OPERATIONAL,,,,Srikakulam,Andhra Pradesh,India
google_maps,"GIVA+Silver+%26+Gold+Jewellery+Store+%7C+Daba+Gardens,+Vishakapatnam","GIVA Silver & Gold Jewellery Store | Daba Gardens, Vishakapatnam",Jewellery,Retail,"Srikakulam, Andhra Pradesh",,,4.9,407,OPERATIONAL,,,,Srikakulam,Andhra Pradesh,India
google_maps,Satyasri+1+Gram+Jewellery+%26+Fancy,Satyasri 1 Gram Jewellery & Fancy,Jewellery,Retail,"Jewelry store · Saraswathi Press Junction, opposite Sri Satyasrinivasa Tailoring materials",,,5.0,43,OPERATIONAL,,,,Srikakulam,Andhra Pradesh,India
google_maps,Sri+Vasavi+Laser+Gold+Soldering+works,Sri Vasavi Laser Gold Soldering works,Jewellery,Retail,"Goldsmith · H9F6+J3V, Chinna Bazaar Veedhi, beside Nice Photo studio",,,5.0,1,OPERATIONAL,,,,Srikakulam,Andhra Pradesh,India
google_maps,Attica+Gold+Company+-+Gold+Buyers+In+Gajuwaka,Attica Gold Company - Gold Buyers In Gajuwaka,Jewellery,Retail,"Jewelry buyer ·  · above Bank Of Maharashtra, near R.K.Hospital",,,4.9,487,OPERATIONAL,,,,Srikakulam,Andhra Pradesh,India
google_maps,SURYA+HALLMARK+JEWELLERS+%7C+Gold+%7C+Diamond+%7C+Platinum+%7C+Silver+%7C+Jewellery+Shop+in+Gunupur+%7C+Near+Me,SURYA HALLMARK JEWELLERS | Gold | Diamond | Platinum | Silver | Jewellery Shop in Gunupur | Near Me,Jewellery,Retail,SURYA HALLMARK JEWELLERS | Gold | Diamond | Platinum | Silver | Jewellery Shop in Gunupur | Near Me,,,4.7,45,OPERATIONAL,,,,Srikakulam,Andhra Pradesh,India
google_maps,Sri+Rama+jewellers,Sri Rama jewellers,Jewellery,Retail,"Jewelry store · Jagannath swamy temple, opposite Mandasa",090103 55825,,5.0,5,OPERATIONAL,,,,Srikakulam,Andhra Pradesh,India
google_maps,Agniganga+jewellers,Agniganga jewellers,Jewellery,Retail,"Srikakulam, Andhra Pradesh",,,5.0,1,OPERATIONAL,,,,Srikakulam,Andhra Pradesh,India
google_maps,Ganga+Bhavani+Ladies+Corner%26+tailoring+material+MANDASA,Ganga Bhavani Ladies Corner& tailoring material MANDASA,Jewellery,Retail,"Srikakulam, Andhra Pradesh",,,5.0,1,OPERATIONAL,,,,Srikakulam,Andhra Pradesh,India
google_maps,TIMESTYLE+LADIES+CORNER+%26+Tailoring+Metirals,TIMESTYLE LADIES CORNER & Tailoring Metirals,Jewellery,Retail,"Jewelry store · New Street, Old Mro Office",,,4.7,3,OPERATIONAL,,,,Srikakulam,Andhra Pradesh,India
google_maps,Vasudeva+jewellery,Vasudeva jewellery,Jewellery,Retail,"Srikakulam, Andhra Pradesh",,,5.0,1,OPERATIONAL,,,,Srikakulam,Andhra Pradesh,India
google_maps,Malabar+Gold+and+Diamonds+-+Vizianagaram,Malabar Gold and Diamonds - Vizianagaram,Jewellery,Retail,"Jewelry store ·  · Ground Floor and First Floor, Fort City Central Mall, SPARKLE GOLD RETAIL VENTURES LLP, Main Road, opp. Railway Station Road",,,4.9,1643,OPERATIONAL,,,,Srikakulam,Andhra Pradesh,India
google_maps,Merugu%26Acid+Works,Merugu&Acid Works,Jewellery,Retail,"Srikakulam, Andhra Pradesh",,,5.0,1,OPERATIONAL,,,,Srikakulam,Andhra Pradesh,India
google_maps,SR+Gold+Testing,SR Gold Testing,Jewellery,Retail,"Goldsmith · QVJH+3XM, Nethaji Nagar Last Rd",,,,0,OPERATIONAL,,,,Srikakulam,Andhra Pradesh,India
google_maps,Bobbili+Uma+Maheswararao+gold+die+%26+machine+works,Bobbili Uma Maheswararao gold die & machine works,Jewellery,Retail,"Srikakulam, Andhra Pradesh",,,,0,OPERATIONAL,,,,Srikakulam,Andhra Pradesh,India
google_maps,Ravi,Ravi,Jewellery,Retail,Goldsmith · rajika street,,,,0,OPERATIONAL,,,,Srikakulam,Andhra Pradesh,India
google_maps,Attica+Gold+Company+-+Gold+Buyer+In+Vizianagaram,Attica Gold Company - Gold Buyer In Vizianagaram,Jewellery,Retail,Attica Gold Company - Gold Buyer In Vizianagaram,,,4.6,85,OPERATIONAL,,,,Srikakulam,Andhra Pradesh,India
google_maps,Gold+work,Gold work,Jewellery,Retail,"Srikakulam, Andhra Pradesh",,,,0,OPERATIONAL,,,,Srikakulam,Andhra Pradesh,India
google_maps,Sri+Tirumala+Jewellers,Sri Tirumala Jewellers,Jewellery,Retail,"Srikakulam, Andhra Pradesh",,,,0,OPERATIONAL,,,,Srikakulam,Andhra Pradesh,India
google_maps,Beauty+Ladies+Corner,Beauty Ladies Corner,Jewellery,Retail,"Srikakulam, Andhra Pradesh",,,,0,OPERATIONAL,,,,Srikakulam,Andhra Pradesh,India
google_maps,%E0%B0%B6%E0%B1%8D%E0%B0%B0%E0%B1%80+%E0%B0%B8%E0%B0%BE%E0%B0%AF%E0%B0%BF+%E0%B0%B8%E0%B1%82%E0%B0%B0%E0%B1%8D%E0%B0%AF+%E0%B0%B7%E0%B0%BE%E0%B0%AA%E0%B0%BF%E0%B0%82%E0%B0%97%E0%B1%8D+%E0%B0%AE%E0%B0%BE%E0%B0%B2%E0%B1%8D,శ్రీ సాయి సూర్య షాపింగ్ మాల్,Jewellery,Retail,"Srikakulam, Andhra Pradesh",,,,0,OPERATIONAL,,,,Srikakulam,Andhra Pradesh,India
google_maps,Sri+lahari+chenni+jewelry,Sri lahari chenni jewelry,Jewellery,Retail,Jewelry store · Mainroad,,,5.0,1,OPERATIONAL,,,,Srikakulam,Andhra Pradesh,India
google_maps,Sri+kanakaRatnam+jewellers,Sri kanakaRatnam jewellers,Jewellery,Retail,"Srikakulam, Andhra Pradesh",,,,0,OPERATIONAL,,,,Srikakulam,Andhra Pradesh,India
google_maps,Lalitha+Jewelleries,Lalitha Jewelleries,Jewellery,Retail,"Srikakulam, Andhra Pradesh",,,4.0,4,OPERATIONAL,,,,Srikakulam,Andhra Pradesh,India
google_maps,Sri+Balaji+Jewellery,Sri Balaji Jewellery,Jewellery,Retail,"Jewelry store · 0000,Main Road, Main",,,,0,OPERATIONAL,,,,Srikakulam,Andhra Pradesh,India
google_maps,Apollo+Pharmacy+Hiramandalam,Apollo Pharmacy Hiramandalam,Jewellery,Retail,"Pharmacy · No. A, 14 Main Road, near Muthoot Money Gold Loan",,,4.3,24,OPERATIONAL,,,,Srikakulam,Andhra Pradesh,India
google_maps,S.S.+Jewellers,S.S. Jewellers,Jewellery,Retail,"Srikakulam, Andhra Pradesh",,,5.0,1,OPERATIONAL,,,,Srikakulam,Andhra Pradesh,India
google_maps,Hiramandalam,Hiramandalam,Jewellery,Retail,"Srikakulam, Andhra Pradesh",,,,0,OPERATIONAL,,,,Srikakulam,Andhra Pradesh,India
google_maps,Sri+Krishna+Jewellers,Sri Krishna Jewellers,Jewellery,Retail,"Srikakulam, Andhra Pradesh",,,5.0,2,OPERATIONAL,,,,Srikakulam,Andhra Pradesh,India
google_maps,"Manikanta+Jewellers+%28MJ%29,+%E0%B0%AE%E0%B0%A3%E0%B0%BF%E0%B0%95%E0%B0%82%E0%B0%A0+%E0%B0%9C%E0%B1%8D%E0%B0%AF%E0%B1%82%E0%B0%AF%E0%B0%B2%E0%B0%B0%E0%B1%8D%E0%B0%B8%E0%B1%8D","Manikanta Jewellers (MJ), మణికంఠ జ్యూయలర్స్",Jewellery,Retail,"Jewelry store · Main Road, near Sri Kota Durgamma Temple, opp. : Ward Sachivalayam",,,5.0,8,OPERATIONAL,,,,Srikakulam,Andhra Pradesh,India
google_maps,Joyalukkas+Jewellery+Vizianagaram,Joyalukkas Jewellery Vizianagaram,Jewellery,Retail,"Jewelry store · Mahatma GandhiI Road, PLOT NO : 5-1-2, NCS Rd",,,4.9,200,OPERATIONAL,,,,Srikakulam,Andhra Pradesh,India
google_maps,Mahalakshmi+Art+and+Jwellery,Mahalakshmi Art and Jwellery,Jewellery,Retail,"Srikakulam, Andhra Pradesh",,,4.6,5,OPERATIONAL,,,,Srikakulam,Andhra Pradesh,India
google_maps,Vamsi+Lakshmi+Bangles%26Fancy,Vamsi Lakshmi Bangles&Fancy,Jewellery,Retail,"Srikakulam, Andhra Pradesh",,,5.0,5,OPERATIONAL,,,,Srikakulam,Andhra Pradesh,India
google_maps,SRISANTHOSHIMATHAJEWELLERS,SRISANTHOSHIMATHAJEWELLERS,Jewellery,Retail,"Srikakulam, Andhra Pradesh",,,,0,OPERATIONAL,,,,Srikakulam,Andhra Pradesh,India
google_maps,"JAISRI+LADIES+CORNER+%26+FANCY,+TRAVELS+%26+XEROX.","JAISRI LADIES CORNER & FANCY, TRAVELS & XEROX.",Jewellery,Retail,"Bangle Shop · Kotturu - Nivagam Rd, near Hanuman temple",,,4.8,16,OPERATIONAL,,,,Srikakulam,Andhra Pradesh,India
google_maps,Attica+Gold+Company+-+Gold+Buyers+In+Isukathota,Attica Gold Company - Gold Buyers In Isukathota,Jewellery,Retail,"Srikakulam, Andhra Pradesh",,,4.8,142,OPERATIONAL,,,,Srikakulam,Andhra Pradesh,India
google_maps,Mahadev+Silver,Mahadev Silver,Jewellery,Retail,"Srikakulam, Andhra Pradesh",,,4.7,16,OPERATIONAL,,,,Srikakulam,Andhra Pradesh,India
google_maps,Attica+Gold+Company+-+Gold+Buyers+In+Visakhapatnam,Attica Gold Company - Gold Buyers In Visakhapatnam,Jewellery,Retail,"Jewelry buyer ·  · Saivinayaka Plaza, 10-50-11/2, Ramnagar",,,4.5,201,OPERATIONAL,,,,Srikakulam,Andhra Pradesh,India
google_maps,MK+FANCY+STORE,MK FANCY STORE,Jewellery,Retail,"Srikakulam, Andhra Pradesh",,,,0,OPERATIONAL,,,,Srikakulam,Andhra Pradesh,India
google_maps,Mira+Collections,Mira Collections,Jewellery,Retail,"Srikakulam, Andhra Pradesh",,,3.7,463,OPERATIONAL,,,,Srikakulam,Andhra Pradesh,India
google_maps,Sri+Srinivasa+jewellers+palakonda,Sri Srinivasa jewellers palakonda,Jewellery,Retail,"Srikakulam, Andhra Pradesh",,,5.0,3,OPERATIONAL,,,,Srikakulam,Andhra Pradesh,India
google_maps,GNVD+JEWELLERS,GNVD JEWELLERS,Jewellery,Retail,"Srikakulam, Andhra Pradesh",,,5.0,2,OPERATIONAL,,,,Srikakulam,Andhra Pradesh,India
google_maps,Shriji+Associates,Shriji Associates,Jewellery,Retail,"Srikakulam, Andhra Pradesh",,,3.0,4,OPERATIONAL,,,,Srikakulam,Andhra Pradesh,India
google_maps,SHIV+SHAKTI+SILVER,SHIV SHAKTI SILVER,Jewellery,Retail,"Srikakulam, Andhra Pradesh",,,5.0,10,OPERATIONAL,,,,Srikakulam,Andhra Pradesh,India
google_maps,Sri+Surya+prabha+fancy+store,Sri Surya prabha fancy store,Jewellery,Retail,"Srikakulam, Andhra Pradesh",077022 59313,,4.0,1,OPERATIONAL,,,,Srikakulam,Andhra Pradesh,India
google_maps,Vysyaraju+Silver+Palace,Vysyaraju Silver Palace,Jewellery,Retail,"Srikakulam, Andhra Pradesh",,,4.5,2,OPERATIONAL,,,,Srikakulam,Andhra Pradesh,India
google_maps,Shop+mb,Shop mb,Jewellery,Retail,"Srikakulam, Andhra Pradesh",,,,0,OPERATIONAL,,,,Srikakulam,Andhra Pradesh,India
google_maps,Mallavarapu+prasada+rao+goldsmith,Mallavarapu prasada rao goldsmith,Jewellery,Retail,"Srikakulam, Andhra Pradesh",,,,0,OPERATIONAL,,,,Srikakulam,Andhra Pradesh,India
google_maps,Sri+Adhilaxmi+Jewellers,Sri Adhilaxmi Jewellers,Jewellery,Retail,"Jewelry store · main road, opp. Muntaj Hotel",095111 88588,,4.9,1878,OPERATIONAL,,,,Srikakulam,Andhra Pradesh,India
google_maps,Bhogi+Brides+-+Pride+Of+Brides,Bhogi Brides - Pride Of Brides,Jewellery,Retail,"Saree Shop · D. No: 9-24-11/1, Waltair Main Rd, near Sampath Vinayaka Temple Road",,,4.9,218,OPERATIONAL,,,,Srikakulam,Andhra Pradesh,India
google_maps,FOREVER,FOREVER,Jewellery,Retail,"Srikakulam, Andhra Pradesh",,,5.0,188,OPERATIONAL,,,,Srikakulam,Andhra Pradesh,India
google_maps,"Surya+Hallmark+Jewellery,+Rayagada","Surya Hallmark Jewellery, Rayagada",Jewellery,Retail,"Srikakulam, Andhra Pradesh",,,4.9,9,OPERATIONAL,,,,Srikakulam,Andhra Pradesh,India
google_maps,Venkatarayulu+Jewellery+House,Venkatarayulu Jewellery House,Jewellery,Retail,"Srikakulam, Andhra Pradesh",,,4.2,18,OPERATIONAL,,,,Srikakulam,Andhra Pradesh,India
google_maps,GLR+JEWELLERY,GLR JEWELLERY,Jewellery,Retail,Jeweler · Bazaar Rd,,,3.5,20,OPERATIONAL,,,,Srikakulam,Andhra Pradesh,India
google_maps,Attica+Gold+Company+-+Gold+Buyers+In+Gopalapatnam,Attica Gold Company - Gold Buyers In Gopalapatnam,Jewellery,Retail,"Gold dealer · #10-47-7, Main Road, First floor, Opposite Kalyanee Shopping Mall",,,4.9,157,OPERATIONAL,,,,Srikakulam,Andhra Pradesh,India
google_maps,Sri+Saikrupa+Jewellers,Sri Saikrupa Jewellers,Jewellery,Retail,"Srikakulam, Andhra Pradesh",,,5.0,1,OPERATIONAL,,,,Srikakulam,Andhra Pradesh,India
google_maps,KT-Jewellers+%28KOTESWARJEWELLERS%29,KT-Jewellers (KOTESWARJEWELLERS),Jewellery,Retail,"Srikakulam, Andhra Pradesh",,,5.0,2,OPERATIONAL,,,,Srikakulam,Andhra Pradesh,India
google_maps,Sri+Ram+Murthi+Jewellery+Mart,Sri Ram Murthi Jewellery Mart,Jewellery,Retail,"Srikakulam, Andhra Pradesh",,,,0,OPERATIONAL,,,,Srikakulam,Andhra Pradesh,India
google_maps,Sri+Suryamani+Jewellery,Sri Suryamani Jewellery,Jewellery,Retail,"Jewelry store · G596+WWJ, Swami Gold Shop, Main Road, Mutyalamma Centre, Opp: C.B.M Primary School, Kotabommali",,,5.0,1,OPERATIONAL,,,,Srikakulam,Andhra Pradesh,India
google_maps,SVS+Kantam+Gari+Gold+Shop,SVS Kantam Gari Gold Shop,Jewellery,Retail,Jewelry store · near Sai Mandir,,,,0,OPERATIONAL,,,,Srikakulam,Andhra Pradesh,India
google_maps,Sri+Krishna+Murti+Jewellers,Sri Krishna Murti Jewellers,Jewellery,Retail,"Srikakulam, Andhra Pradesh",,,,0,OPERATIONAL,,,,Srikakulam,Andhra Pradesh,India
google_maps,GOYAZ+SILVER+JEWELLERY-+VIJAYANAGARAM,GOYAZ SILVER JEWELLERY- VIJAYANAGARAM,Jewellery,Retail,GOYAZ SILVER JEWELLERY- VIJAYANAGARAM,,,4.8,267,OPERATIONAL,,,,Srikakulam,Andhra Pradesh,India
google_maps,Jai+Paidimamba+Jewellers,Jai Paidimamba Jewellers,Jewellery,Retail,"Srikakulam, Andhra Pradesh",,,4.8,6,OPERATIONAL,,,,Srikakulam,Andhra Pradesh,India
google_maps,VYSYARAJU+JEWELLERS+VIZIANAGARAM,VYSYARAJU JEWELLERS VIZIANAGARAM,Jewellery,Retail,VYSYARAJU JEWELLERS VIZIANAGARAM,,,4.7,1465,OPERATIONAL,,,,Srikakulam,Andhra Pradesh,India
google_maps,"CANDERE+Lifestyle+Jewellery,+A+Kalyan+Company+-+Vizianagaram","CANDERE Lifestyle Jewellery, A Kalyan Company - Vizianagaram",Jewellery,Retail,"CANDERE Lifestyle Jewellery, A Kalyan Company - Vizianagaram",,,5.0,1,OPERATIONAL,,,,Srikakulam,Andhra Pradesh,India
google_maps,Vysyaraju+Jewellers+Parvathipuram,Vysyaraju Jewellers Parvathipuram,Jewellery,Retail,"Jewelry store · Main Rd, opposite Padmasri Theatre, beside Manikanta Hotel",,,4.8,635,OPERATIONAL,,,,Srikakulam,Andhra Pradesh,India
google_maps,Sri+Rambabu+Jewellers,Sri Rambabu Jewellers,Jewellery,Retail,"Srikakulam, Andhra Pradesh",,,4.5,21,OPERATIONAL,,,,Srikakulam,Andhra Pradesh,India
google_maps,Nagulakonda+Jewellers,Nagulakonda Jewellers,Jewellery,Retail,"Srikakulam, Andhra Pradesh",,,4.4,7,OPERATIONAL,,,,Srikakulam,Andhra Pradesh,India
google_maps,Mukunda+Jewellers+Parvathipuram,Mukunda Jewellers Parvathipuram,Jewellery,Retail,"Srikakulam, Andhra Pradesh",,,5.0,29,OPERATIONAL,,,,Srikakulam,Andhra Pradesh,India
google_maps,kotta+Nageswarao,kotta Nageswarao,Jewellery,Retail,"Srikakulam, Andhra Pradesh",,,5.0,2,OPERATIONAL,,,,Srikakulam,Andhra Pradesh,India
google_maps,Sri+Vaibhav+Laxmi+Fancy+%26+Bangles,Sri Vaibhav Laxmi Fancy & Bangles,Jewellery,Retail,"Clothing Accessories Store · 7VVW+4H3, Near Old Bus Stand, Kalinga Road",,,5.0,4,OPERATIONAL,,,,Srikakulam,Andhra Pradesh,India
google_maps,Laxminarasimha+Kirana%26+General+stores,Laxminarasimha Kirana& General stores,Jewellery,Retail,"Srikakulam, Andhra Pradesh",,,,0,OPERATIONAL,,,,Srikakulam,Andhra Pradesh,India
google_maps,Chandan+Jewellers,Chandan Jewellers,Jewellery,Retail,"Srikakulam, Andhra Pradesh",,,5.0,3,OPERATIONAL,,,,Srikakulam,Andhra Pradesh,India
google_maps,JRP+Silver+Jewellery,JRP Silver Jewellery,Jewellery,Retail,"Jewelry store · J64M+CQ9, Kacheri St, opp. My Smart, near Sai Baba Temple",,,4.5,6,OPERATIONAL,,,,Srikakulam,Andhra Pradesh,India
google_maps,Sri+Sai+Surya+Swapna+1Gram+Gold+Jewellery,Sri Sai Surya Swapna 1Gram Gold Jewellery,Jewellery,Retail,"Costume jewelry shop · Opp. Vinayaka Temple, Santa Charuvu, Gandhi Nagar 3",,,,0,OPERATIONAL,,,,Srikakulam,Andhra Pradesh,India
google_maps,Sri+Gowri+Sankar+Agencies+%26+Jewellery,Sri Gowri Sankar Agencies & Jewellery,Jewellery,Retail,"Srikakulam, Andhra Pradesh",,,4.6,15,OPERATIONAL,,,,Srikakulam,Andhra Pradesh,India
google_maps,Metturu+Center,Metturu Center,Jewellery,Retail,Market ·  · Main Road,,,4.1,439,OPERATIONAL,,,,Srikakulam,Andhra Pradesh,India
google_maps,Sri+Maruthi+Jewellers,Sri Maruthi Jewellers,Jewellery,Retail,"Srikakulam, Andhra Pradesh",,,4.6,18,OPERATIONAL,,,,Srikakulam,Andhra Pradesh,India
google_maps,MVP+Jewellers,MVP Jewellers,Jewellery,Retail,"Srikakulam, Andhra Pradesh",,,4.6,270,OPERATIONAL,,,,Srikakulam,Andhra Pradesh,India
google_maps,R.S+Jewellers,R.S Jewellers,Jewellery,Retail,"Jewelry store · opposite Reading Room, near Kanaka Mahalakshmi Temple",,,5.0,15,OPERATIONAL,,,,Srikakulam,Andhra Pradesh,India
google_maps,SKML+Jewellers,SKML Jewellers,Jewellery,Retail,"Srikakulam, Andhra Pradesh",,,4.8,4,OPERATIONAL,,,,Srikakulam,Andhra Pradesh,India
google_maps,Thanishka+Jewellers,Thanishka Jewellers,Jewellery,Retail,"Jewelry store · AH 45 Road, near Paradise Family Restaurant",,,5.0,12,OPERATIONAL,,,,Srikakulam,Andhra Pradesh,India
google_maps,Sri+Alamanda+Jewellers,Sri Alamanda Jewellers,Jewellery,Retail,"Jeweler · 25-8-268, after SKML Temple Arch,MAIN ROAD, market",,,4.4,7,OPERATIONAL,,,,Srikakulam,Andhra Pradesh,India
google_maps,sunny+jewellers,sunny jewellers,Jewellery,Retail,"Jewelry store · G684+Q9X, salur road from mamidipalli",,,3.9,28,OPERATIONAL,,,,Srikakulam,Andhra Pradesh,India
google_maps,SSS+Jewellers,SSS Jewellers,Jewellery,Retail,"Srikakulam, Andhra Pradesh",,,4.6,14,OPERATIONAL,,,,Srikakulam,Andhra Pradesh,India
google_maps,INFI+INDUSTRIES,INFI INDUSTRIES,Jewellery,Retail,"Jewelry manufacturer · 9-91, LOGIDI STREET",,,,0,OPERATIONAL,,,,Srikakulam,Andhra Pradesh,India
google_maps,Mahalakshmi+Silver,Mahalakshmi Silver,Jewellery,Retail,"Srikakulam, Andhra Pradesh",,,5.0,3,OPERATIONAL,,,,Srikakulam,Andhra Pradesh,India
google_maps,Kushi+Bangles+and+General+Stores,Kushi Bangles and General Stores,Jewellery,Retail,"Srikakulam, Andhra Pradesh",,,5.0,7,OPERATIONAL,,,,Srikakulam,Andhra Pradesh,India
google_maps,%E0%B0%B6%E0%B1%8D%E0%B0%B0%E0%B1%80+%E0%B0%B0%E0%B0%BE%E0%B0%9C%E0%B1%8D%E0%B0%AF%E0%B0%B2%E0%B0%95%E0%B1%8D%E0%B0%B7%E0%B1%8D%E0%B0%AE%E0%B0%BF+%E0%B0%AC%E0%B1%87%E0%B0%95%E0%B0%B0%E0%B0%BF,శ్రీ రాజ్యలక్ష్మి బేకరి,Jewellery,Retail,"Srikakulam, Andhra Pradesh",,,5.0,1,OPERATIONAL,,,,Srikakulam,Andhra Pradesh,India
google_maps,SHAIKNAZEER+BHASHA+Polishing,SHAIKNAZEER BHASHA Polishing,Jewellery,Retail,"Srikakulam, Andhra Pradesh",,,5.0,1,OPERATIONAL,,,,Srikakulam,Andhra Pradesh,India
google_maps,Sai+Sree+Jewellery+Works,Sai Sree Jewellery Works,Jewellery,Retail,"Srikakulam, Andhra Pradesh",,,5.0,4,OPERATIONAL,,,,Srikakulam,Andhra Pradesh,India
google_maps,CANTARA+%7C+92.5+Silver+Jewellery,CANTARA | 92.5 Silver Jewellery,Jewellery,Retail,"Srikakulam, Andhra Pradesh",,,,0,OPERATIONAL,,,,Srikakulam,Andhra Pradesh,India
google_maps,Vagdevi+Jewellers,Vagdevi Jewellers,Jewellery,Retail,Silversmith · opposite Laxmi Collections,,,4.0,2,OPERATIONAL,,,,Srikakulam,Andhra Pradesh,India
google_maps,M.M.Gold+%26+Silver+Polish+Works,M.M.Gold & Silver Polish Works,Jewellery,Retail,"Goldsmith · 48-19-1/79,Satya Surya Complex,Opposite ANR Shopping Mall,Near RTC Complex, Seethammapetha Rd, Pincode:, Dwarakanagar Rd",,,4.0,1,OPERATIONAL,,,,Srikakulam,Andhra Pradesh,India
google_maps,%E0%B0%B6%E0%B1%8D%E0%B0%B0%E0%B1%80+%E0%B0%A6%E0%B1%81%E0%B0%B0%E0%B1%8D%E0%B0%97%E0%B0%BE+%E0%B0%AE%E0%B1%86%E0%B0%B7%E0%B0%BF%E0%B0%A8%E0%B1%8D+%E0%B0%9A%E0%B1%88%E0%B0%A8%E0%B1%8D%E0%B0%B8%E0%B1%8D,శ్రీ దుర్గా మెషిన్ చైన్స్,Jewellery,Retail,"Srikakulam, Andhra Pradesh",,,5.0,1,OPERATIONAL,,,,Srikakulam,Andhra Pradesh,India
google_maps,Manchukonda+Appala+Raju+And+Sons+Jewellers,Manchukonda Appala Raju And Sons Jewellers,Jewellery,Retail,"Srikakulam, Andhra Pradesh",,,4.6,5,OPERATIONAL,,,,Srikakulam,Andhra Pradesh,India
google_maps,"Titan+World+-+Dwaraka+Nagar,+Visakhapatnam","Titan World - Dwaraka Nagar, Visakhapatnam",Jewellery,Retail,"Watch store · Shop No 48, 9/1, 1st Ln, opposite G.K. Towers, opposite TITAN SHOWROOM",,,4.6,2274,OPERATIONAL,,,,Srikakulam,Andhra Pradesh,India
google_maps,Tarinika+Jewellery+and+Bramaramba+Pearls,Tarinika Jewellery and Bramaramba Pearls,Jewellery,Retail,"Jewelry store ·  · Shop no. 3,4,5, Venkat Arcade, Prakasaraopeta, Nehru Nagar, Ram Nagar",,,4.5,240,OPERATIONAL,,,,Srikakulam,Andhra Pradesh,India
google_maps,"MMTC-PAMP+Exclusive+Brand+Store+-+Dwaraka+Nagar,+Visakhapatnam","MMTC-PAMP Exclusive Brand Store - Dwaraka Nagar, Visakhapatnam",Jewellery,Retail,"MMTC-PAMP Exclusive Brand Store - Dwaraka Nagar, Visakhapatnam",,,4.9,312,OPERATIONAL,,,,Srikakulam,Andhra Pradesh,India
google_maps,Paksha+by+Tarinika,Paksha by Tarinika,Jewellery,Retail,"Srikakulam, Andhra Pradesh",,,4.6,126,OPERATIONAL,,,,Srikakulam,Andhra Pradesh,India
google_maps,Vanalakshmi+Enterprises,Vanalakshmi Enterprises,Jewellery,Retail,"Beauty supply store · Prasad gardens, 26-5-19, Bowdara Rd, near RAMA KRISHNA THEATRE JN, opp. MASJID LANE",,,4.5,168,OPERATIONAL,,,,Srikakulam,Andhra Pradesh,India
google_maps,LALITHAA+SILVER+HOUSE+-+Best+Silver+Store+In+Visakhapatnam,LALITHAA SILVER HOUSE - Best Silver Store In Visakhapatnam,Jewellery,Retail,"Srikakulam, Andhra Pradesh",,,4.9,2893,OPERATIONAL,,,,Srikakulam,Andhra Pradesh,India
google_maps,GIFT+FOR+U,GIFT FOR U,Jewellery,Retail,"Srikakulam, Andhra Pradesh",,,4.9,1090,OPERATIONAL,,,,Srikakulam,Andhra Pradesh,India
google_maps,Malabar+Gold+and+Diamonds+-+Visakhapatnam,Malabar Gold and Diamonds - Visakhapatnam,Jewellery,Retail,"Srikakulam, Andhra Pradesh",,,4.8,4318,OPERATIONAL,,,,Srikakulam,Andhra Pradesh,India
google_maps,Lepakshi+Handicrafts+Emporium,Lepakshi Handicrafts Emporium,Jewellery,Retail,"Srikakulam, Andhra Pradesh",,,4.4,236,OPERATIONAL,,,,Srikakulam,Andhra Pradesh,India
google_maps,The+Brass+Bazaar,The Brass Bazaar,Jewellery,Retail,"Jewelry store · 1st Floor, 4-72-10, Dr.no, near Kamat Hotel",,,4.9,72,OPERATIONAL,,,,Srikakulam,Andhra Pradesh,India
google_maps,BidinnhobbyS,BidinnhobbyS,Jewellery,Retail,"Coin dealer · D No 9-9-26/2 , backside chinnapolamamba temple, near Ramaraju Park",,,4.8,79,OPERATIONAL,,,,Srikakulam,Andhra Pradesh,India
google_maps,South+India+Shopping+Mall-+Vip+Road,South India Shopping Mall- Vip Road,Jewellery,Retail,"Clothing store · Old spencers premises, Rama Talkies Rd, near swarna bharathi indoor stadium",,,4.6,117,OPERATIONAL,,,,Srikakulam,Andhra Pradesh,India
google_maps,Mahaveer+Jewellers,Mahaveer Jewellers,Jewellery,Retail,"Srikakulam, Andhra Pradesh",,,3.7,29,OPERATIONAL,,,,Srikakulam,Andhra Pradesh,India
google_maps,Vennela%27s+Vogue,Vennela's Vogue,Jewellery,Retail,"Jewelry store · National Highway 16, D.no 4 22/6, opp. Sai Priya Gardens Road",,,4.9,1162,OPERATIONAL,,,,Srikakulam,Andhra Pradesh,India
google_maps,Vijayalakshmi+Silver+Mall,Vijayalakshmi Silver Mall,Jewellery,Retail,"Srikakulam, Andhra Pradesh",,,4.0,22,OPERATIONAL,,,,Srikakulam,Andhra Pradesh,India
google_maps,Eastern+Art+Museum,Eastern Art Museum,Jewellery,Retail,"Srikakulam, Andhra Pradesh",,,4.3,332,OPERATIONAL,,,,Srikakulam,Andhra Pradesh,India
google_maps,Vadhuvu+%28+one+gram+gold+jewellery+store%29,Vadhuvu ( one gram gold jewellery store),Jewellery,Retail,"Srikakulam, Andhra Pradesh",,,4.9,409,OPERATIONAL,,,,Srikakulam,Andhra Pradesh,India
google_maps,Mukunda+Jewellery,Mukunda Jewellery,Jewellery,Retail,"Srikakulam, Andhra Pradesh",,,4.9,1086,OPERATIONAL,,,,Srikakulam,Andhra Pradesh,India
google_maps,Grishaas%E2%80%99+Jewels,Grishaas’ Jewels,Jewellery,Retail,"Srikakulam, Andhra Pradesh",,,5.0,29,OPERATIONAL,,,,Srikakulam,Andhra Pradesh,India
google_maps,JYOTI+JEWELLERS,JYOTI JEWELLERS,Jewellery,Retail,"Jewelry store · D.No: 55-14-109/1, shop no:5, K.V.R Grand, Sree Sai Plaza, Seethammadara, Near Alluri Seetharam Araku Statue",,,5.0,48,OPERATIONAL,,,,Srikakulam,Andhra Pradesh,India
google_maps,DARSHANA+JEWELS+AND+FASHIONS,DARSHANA JEWELS AND FASHIONS,Jewellery,Retail,"Jeweler · 7-22, POLICE STATION, Revallapalem Rd, opposite ANDHRA PRADESH GRAMEENA BANK, near P M PALEM",,,5.0,12,OPERATIONAL,,,,Srikakulam,Andhra Pradesh,India
google_maps,Iktara+sarees,Iktara sarees,Jewellery,Retail,"Srikakulam, Andhra Pradesh",,,4.9,46,OPERATIONAL,,,,Srikakulam,Andhra Pradesh,India
google_maps,KUSUMANCHI+JEWELLERS,KUSUMANCHI JEWELLERS,Jewellery,Retail,"Srikakulam, Andhra Pradesh",,,4.7,34,OPERATIONAL,,,,Srikakulam,Andhra Pradesh,India
google_maps,Vysyaraju+Jewellers+Madhurawada+Vizag,Vysyaraju Jewellers Madhurawada Vizag,Jewellery,Retail,"Jewelry store · SIGNAL JUNCTION, GROUND, 1ST AND 2ND FLOOR, 1-51/1, VYSYARAJU JEWELLERS BRANCH, PM PALEM ROAD, Car Shed Rd",,,4.8,349,OPERATIONAL,,,,Srikakulam,Andhra Pradesh,India
google_maps,Sri+Ravi+Shankar+Jewellers,Sri Ravi Shankar Jewellers,Jewellery,Retail,"Srikakulam, Andhra Pradesh",,,4.0,22,OPERATIONAL,,,,Srikakulam,Andhra Pradesh,India
google_maps,Sri+Shanthamani+Silver+%26+Jewellers,Sri Shanthamani Silver & Jewellers,Jewellery,Retail,"Jewelry store · C27V+349, Gandhi Bazar, near Shanthamani Temple",,,3.5,2,OPERATIONAL,,,,Srikakulam,Andhra Pradesh,India
google_maps,Sri+Kamakshi+Jewellers,Sri Kamakshi Jewellers,Jewellery,Retail,"Jewelry store · Near, Santhamani Temple Rd",,,,0,OPERATIONAL,,,,Srikakulam,Andhra Pradesh,India
google_maps,Venkateswara+Jewellery+Shop,Venkateswara Jewellery Shop,Jewellery,Retail,"Jewelry store · C27V+45P, near Sri Santhamani Temple",,,,0,OPERATIONAL,,,,Srikakulam,Andhra Pradesh,India
google_maps,PUTI+RAVIKUMAR+SRI+KAMALABHAI+GOLD+JEWELLERY,PUTI RAVIKUMAR SRI KAMALABHAI GOLD JEWELLERY,Jewellery,Retail,"Srikakulam, Andhra Pradesh",,,,0,OPERATIONAL,,,,Srikakulam,Andhra Pradesh,India
google_maps,Sri+Parameshwari+Jewellers,Sri Parameshwari Jewellers,Jewellery,Retail,"Jewelry store · C27W+44Q, Bazaar Street",,,,0,OPERATIONAL,,,,Srikakulam,Andhra Pradesh,India
google_maps,Mahalaxmi+Fancy+Jewellery+Shop,Mahalaxmi Fancy Jewellery Shop,Jewellery,Retail,"Srikakulam, Andhra Pradesh",,,,0,OPERATIONAL,,,,Srikakulam,Andhra Pradesh,India
google_maps,Sri+venkat+sai+jewellers,Sri venkat sai jewellers,Jewellery,Retail,"Jeweler · Main, road Ambedkar junction",,,,0,OPERATIONAL,,,,Srikakulam,Andhra Pradesh,India
google_maps,"CaratLane+Jewellery+Visakhapatnam,+Andhra+Pradesh","CaratLane Jewellery Visakhapatnam, Andhra Pradesh",Jewellery,Retail,"Srikakulam, Andhra Pradesh",,,4.9,4757,OPERATIONAL,,,,Srikakulam,Andhra Pradesh,India
google_maps,Style+Union+-+Dwarakanagar,Style Union - Dwarakanagar,Jewellery,Retail,"Clothing store · Diamond Park Junction, Railway New Colony Rd, nearby The District Co-Operative Central Bank",,,5.0,7591,OPERATIONAL,,,,Srikakulam,Andhra Pradesh,India
google_maps,Nittala+Satyanarayana+Departmental+Stores,Nittala Satyanarayana Departmental Stores,Jewellery,Retail,"Srikakulam, Andhra Pradesh",,,4.9,13,OPERATIONAL,,,,Srikakulam,Andhra Pradesh,India
google_maps,BALAJI+HARDWARE+HUB,BALAJI HARDWARE HUB,Jewellery,Retail,"Hardware store · near, Diamond Park Rd, opposite to Baker's den",,,5.0,11,OPERATIONAL,,,,Srikakulam,Andhra Pradesh,India
google_maps,Shri+Ram+Hardware,Shri Ram Hardware,Jewellery,Retail,"Tools Wholesaler · 47-9-36 3rd Ln, Shankarmatam Lane Near, Diamond Park Rd",,,4.8,173,OPERATIONAL,,,,Srikakulam,Andhra Pradesh,India
google_maps,ADIITHYA+RICE+%26DEPARTMENTAL+STORES,ADIITHYA RICE &DEPARTMENTAL STORES,Jewellery,Retail,"Grocery store ·  · D.no:50-13, 30, Dwarakanagar Rd, behind Durga Ganapathi Temple",,,4.3,12,OPERATIONAL,,,,Srikakulam,Andhra Pradesh,India
google_maps,RR+Jewellery,RR Jewellery,Jewellery,Retail,"Srikakulam, Andhra Pradesh",,,5.0,2,OPERATIONAL,,,,Srikakulam,Andhra Pradesh,India
google_maps,Sri+Sai+Ram+Jewellers,Sri Sai Ram Jewellers,Jewellery,Retail,"Srikakulam, Andhra Pradesh",,,4.0,1,OPERATIONAL,,,,Srikakulam,Andhra Pradesh,India
google_maps,%E0%B0%B6%E0%B1%8D%E0%B0%B0%E0%B1%80+%E0%B0%B0%E0%B0%BE%E0%B0%9C%E0%B0%B0%E0%B0%BE%E0%B0%9C%E0%B1%87%E0%B0%B6%E0%B1%8D%E0%B0%B5%E0%B0%B0%E0%B0%BF+%E0%B0%9C%E0%B1%8D%E0%B0%AF%E0%B1%82%E0%B0%AF%E0%B0%B2%E0%B0%B0%E0%B1%8D%E0%B0%B8%E0%B1%8D,శ్రీ రాజరాజేశ్వరి జ్యూయలర్స్,Jewellery,Retail,"Srikakulam, Andhra Pradesh",,,,0,OPERATIONAL,,,,Srikakulam,Andhra Pradesh,India
google_maps,Vysyaraju+Jewellers+MVP,Vysyaraju Jewellers MVP,Jewellery,Retail,"Srikakulam, Andhra Pradesh",,,4.8,711,OPERATIONAL,,,,Srikakulam,Andhra Pradesh,India
google_maps,Durga+parameswari+gold+works,Durga parameswari gold works,Jewellery,Retail,"Srikakulam, Andhra Pradesh",,,5.0,1,OPERATIONAL,,,,Srikakulam,Andhra Pradesh,India
google_maps,SBM+GOLD+PURITY+TESTING+CENTER,SBM GOLD PURITY TESTING CENTER,Jewellery,Retail,"Jewelry store · 2nd Floor,, Dwarakanagar main Road, above Andhra Bank",,,4.3,19,OPERATIONAL,,,,Srikakulam,Andhra Pradesh,India
google_maps,Khamakshi+Goldsmith%27s+works%28Raju%29,Khamakshi Goldsmith's works(Raju),Jewellery,Retail,Jewelry store · Dwarakanagar Rd,,,,0,OPERATIONAL,,,,Srikakulam,Andhra Pradesh,India
google_maps,Qadrifashions+jewels+%26+stone%27s,Qadrifashions jewels & stone's,Jewellery,Retail,"Goldsmith · Go colours back side, Sivalayam Street, beside Me seva side Street",,,4.9,19,OPERATIONAL,,,,Srikakulam,Andhra Pradesh,India
google_maps,Sri+Venkateswara+Jewellery,Sri Venkateswara Jewellery,Jewellery,Retail,"Srikakulam, Andhra Pradesh",,,4.7,45,OPERATIONAL,,,,Srikakulam,Andhra Pradesh,India
google_maps,Veera+Babu+Gold+Works,Veera Babu Gold Works,Jewellery,Retail,"Goldsmith · 7VVW+P4C, Champagalli Street, Bharatama Colony",,,,0,OPERATIONAL,,,,Srikakulam,Andhra Pradesh,India
google_maps,Tarun+Sai+Jewellery,Tarun Sai Jewellery,Jewellery,Retail,"Srikakulam, Andhra Pradesh",,,4.5,8,OPERATIONAL,,,,Srikakulam,Andhra Pradesh,India
google_maps,Attica+Gold+Company+-+Gold+Buyers+in+Visakhapatnam+NAD+Junction,Attica Gold Company - Gold Buyers in Visakhapatnam NAD Junction,Jewellery,Retail,"Jewelry buyer · 58-1-413/2, Road Sivalayam Backside, above DTDC Courier",,,5.0,159,OPERATIONAL,,,,Srikakulam,Andhra Pradesh,India
google_maps,Kaviti+Shiv%C4%81layam+Vidhi,Kaviti Shivālayam Vidhi,Jewellery,Retail,"Srikakulam, Andhra Pradesh",,,,0,OPERATIONAL,,,,Srikakulam,Andhra Pradesh,India
google_maps,Sri+Balaji+Jewels+-+Diamonds+Gold+Silver+Jewellery+Ware,Sri Balaji Jewels - Diamonds Gold Silver Jewellery Ware,Jewellery,Retail,"Srikakulam, Andhra Pradesh",,,4.5,124,OPERATIONAL,,,,Srikakulam,Andhra Pradesh,India
google_maps,Mahesh+Silver+Jewellery,Mahesh Silver Jewellery,Jewellery,Retail,"Srikakulam, Andhra Pradesh",,,5.0,84,OPERATIONAL,,,,Srikakulam,Andhra Pradesh,India
google_maps,S+M+Silver+House,S M Silver House,Jewellery,Retail,"Srikakulam, Andhra Pradesh",,,4.3,132,OPERATIONAL,,,,Srikakulam,Andhra Pradesh,India
google_maps,Emmadi+Silver+Jewellery+-+Gajuwaka,Emmadi Silver Jewellery - Gajuwaka,Jewellery,Retail,"Srikakulam, Andhra Pradesh",,,4.8,373,OPERATIONAL,,,,Srikakulam,Andhra Pradesh,India
google_maps,Siya+Jewellery,Siya Jewellery,Jewellery,Retail,"Srikakulam, Andhra Pradesh",,,4.9,113,OPERATIONAL,,,,Srikakulam,Andhra Pradesh,India
google_maps,gold+ornaments+shop,gold ornaments shop,Jewellery,Retail,"Goldsmith · JQ34+2MJ, street",,,,0,OPERATIONAL,,,,Srikakulam,Andhra Pradesh,India
google_maps,KSR+jewellery,KSR jewellery,Jewellery,Retail,"Srikakulam, Andhra Pradesh",,,5.0,17,OPERATIONAL,,,,Srikakulam,Andhra Pradesh,India
google_maps,Sagar+Jewelleries,Sagar Jewelleries,Jewellery,Retail,"Srikakulam, Andhra Pradesh",,,,0,OPERATIONAL,,,,Srikakulam,Andhra Pradesh,India
google_maps,Vaibhav+Jewellers+-+Jewellery+Store+In+Parvathipuram,Vaibhav Jewellers - Jewellery Store In Parvathipuram,Jewellery,Retail,"Jewelry store ·  · RTC Complex, D.No:25-1, Near, Main Rd",,,4.9,6655,OPERATIONAL,,,,Srikakulam,Andhra Pradesh,India
google_maps,Manikanta+Nanuthalla+Jewellery+Works,Manikanta Nanuthalla Jewellery Works,Jewellery,Retail,"Jewelry store · Kolavari Street, 7 Road Junction",,,4.0,1,OPERATIONAL,,,,Srikakulam,Andhra Pradesh,India
google_maps,Sri+Ramana+Jewellers+%26+Testing+Centre,Sri Ramana Jewellers & Testing Centre,Jewellery,Retail,"Jewelry store · Kolavari Street, Seven Rd Jct",,,,0,OPERATIONAL,,,,Srikakulam,Andhra Pradesh,India
google_maps,Aaradhya+ladies+corner+and+gift+articles,Aaradhya ladies corner and gift articles,Jewellery,Retail,"Srikakulam, Andhra Pradesh",,,4.9,9,OPERATIONAL,,,,Srikakulam,Andhra Pradesh,India
google_maps,Prasanthi+bangles+%26+gift+store,Prasanthi bangles & gift store,Jewellery,Retail,"Bangle Shop · Main road, near police station",,,,0,OPERATIONAL,,,,Srikakulam,Andhra Pradesh,India
google_maps,Sri+Devi+Bangles,Sri Devi Bangles,Jewellery,Retail,"Srikakulam, Andhra Pradesh",,,,0,OPERATIONAL,,,,Srikakulam,Andhra Pradesh,India
google_maps,MURALI+JEWELLERS,MURALI JEWELLERS,Jewellery,Retail,"Jewelry store · 1-332, Market Street",,,,0,OPERATIONAL,,,,Srikakulam,Andhra Pradesh,India
google_maps,Tejaswini+Bangles+shop,Tejaswini Bangles shop,Jewellery,Retail,"Srikakulam, Andhra Pradesh",,,5.0,1,OPERATIONAL,,,,Srikakulam,Andhra Pradesh,India
google_maps,Sairam+Imitation+Jewellery+%26+Fashion+Hub,Sairam Imitation Jewellery & Fashion Hub,Jewellery,Retail,Wholesale jeweler · near thandra paparaya statue,,,5.0,20,OPERATIONAL,,,,Srikakulam,Andhra Pradesh,India
google_maps,Sri+Sai+Ganeswara+Jewellery,Sri Sai Ganeswara Jewellery,Jewellery,Retail,"Srikakulam, Andhra Pradesh",,,4.0,1,OPERATIONAL,,,,Srikakulam,Andhra Pradesh,India
google_maps,ANWIK+BANGLES%26STATIONARY,ANWIK BANGLES&STATIONARY,Jewellery,Retail,"Srikakulam, Andhra Pradesh",,,5.0,1,OPERATIONAL,,,,Srikakulam,Andhra Pradesh,India
google_maps,Siva+Parvathi+Vaishnavi+Jewellery,Siva Parvathi Vaishnavi Jewellery,Jewellery,Retail,"Srikakulam, Andhra Pradesh",,,5.0,28,OPERATIONAL,,,,Srikakulam,Andhra Pradesh,India
google_maps,Chittama+Store%27s,Chittama Store's,Jewellery,Retail,"Srikakulam, Andhra Pradesh",,,5.0,3,OPERATIONAL,,,,Srikakulam,Andhra Pradesh,India
google_maps,Sri+srinivasa+1+gram+jewellery+fancy+%26+bangles,Sri srinivasa 1 gram jewellery fancy & bangles,Jewellery,Retail,"Srikakulam, Andhra Pradesh",,,,0,OPERATIONAL,,,,Srikakulam,Andhra Pradesh,India
google_maps,Sri+Chandana+Jewellers,Sri Chandana Jewellers,Jewellery,Retail,"Jewelry store · Parvathipuram - Palakonda Rd, near Sri Vasavi Kanyaka parameshwari Temple",,,4.5,15,OPERATIONAL,,,,Srikakulam,Andhra Pradesh,India
google_maps,Varalakshmi+Jewellers,Varalakshmi Jewellers,Jewellery,Retail,Jeweler · beside Thalabathula Street,,,4.6,10,OPERATIONAL,,,,Srikakulam,Andhra Pradesh,India
google_maps,MONIA+GOLD+COVERING+AND+IMMITATION+JEWELLERY,MONIA GOLD COVERING AND IMMITATION JEWELLERY,Jewellery,Retail,"Srikakulam, Andhra Pradesh",,,5.0,1,OPERATIONAL,,,,Srikakulam,Andhra Pradesh,India
google_maps,Sri+Lakshmi+Bangles+Wholesale+Shop,Sri Lakshmi Bangles Wholesale Shop,Jewellery,Retail,"Bangle Shop · RCM school, Palkonda road, near Deepthi lodge",083285 23180,,5.0,2,OPERATIONAL,,,,Srikakulam,Andhra Pradesh,India
google_maps,Kanakamahalaxmi+Bangles+Store,Kanakamahalaxmi Bangles Store,Jewellery,Retail,"Jewelry store · H9F5+CPP, Bazaar Rd",,,4.6,8,OPERATIONAL,,,,Srikakulam,Andhra Pradesh,India
google_maps,Anr+lucky+stones+and+real+gems,Anr lucky stones and real gems,Jewellery,Retail,"Srikakulam, Andhra Pradesh",,,5.0,2,OPERATIONAL,,,,Srikakulam,Andhra Pradesh,India
google_maps,GN+JEWELLERS+WORKS,GN JEWELLERS WORKS,Jewellery,Retail,"Srikakulam, Andhra Pradesh",,,,0,OPERATIONAL,,,,Srikakulam,Andhra Pradesh,India
google_maps,LVN+Moulding+works,LVN Moulding works,Jewellery,Retail,"Srikakulam, Andhra Pradesh",,,,0,OPERATIONAL,,,,Srikakulam,Andhra Pradesh,India
google_maps,Sri+Venkateswara+Tools,Sri Venkateswara Tools,Jewellery,Retail,"Gemologist · Near, D.No. 6-9/1-3, Grandhivari Street",,,5.0,2,OPERATIONAL,,,,Srikakulam,Andhra Pradesh,India
google_maps,Veda+Jewellery+Works,Veda Jewellery Works,Jewellery,Retail,"Goldsmith · D.No:15-1-41, P.B.Road, Lanka Veedhi, Stadium Road, near Maszid",,,,0,OPERATIONAL,,,,Srikakulam,Andhra Pradesh,India
google_maps,Sai+krishna+gold+works,Sai krishna gold works,Jewellery,Retail,"Srikakulam, Andhra Pradesh",063041 06080,,,0,OPERATIONAL,,,,Srikakulam,Andhra Pradesh,India
google_maps,BALAJI+GOLD+TESTING,BALAJI GOLD TESTING,Jewellery,Retail,"Srikakulam, Andhra Pradesh",,,,0,OPERATIONAL,,,,Srikakulam,Andhra Pradesh,India
google_maps,Sai+gold+works,Sai gold works,Jewellery,Retail,"Srikakulam, Andhra Pradesh",,,,0,OPERATIONAL,,,,Srikakulam,Andhra Pradesh,India
google_maps,Sk+Ajaharuddin+Alamin+Machine+chain,Sk Ajaharuddin Alamin Machine chain,Jewellery,Retail,"Srikakulam, Andhra Pradesh",,,,0,OPERATIONAL,,,,Srikakulam,Andhra Pradesh,India
google_maps,Vizag+Pellipoolajada,Vizag Pellipoolajada,Jewellery,Retail,"Srikakulam, Andhra Pradesh",,,4.8,785,OPERATIONAL,,,,Srikakulam,Andhra Pradesh,India
google_maps,VRK+Jewellers,VRK Jewellers,Jewellery,Retail,"Jewelry store · Mohini theatre, opposite old gajuwka",,,5.0,28,OPERATIONAL,,,,Srikakulam,Andhra Pradesh,India
google_maps,Tanishq+Jewellery+-+Vizag+-+Gajuwaka,Tanishq Jewellery - Vizag - Gajuwaka,Jewellery,Retail,"Srikakulam, Andhra Pradesh",,,4.8,1442,OPERATIONAL,,,,Srikakulam,Andhra Pradesh,India
